time,x1,x2,x3,x4,x5,x6,x7,x8,x9,x10
0.0,0.11,0.1,0.1,0.1,0.1,0.1,0.1,0.1,0.1,0.1
0.01001001001001001,0.10928217507206259,0.09880474998073939,0.10194209725858448,0.10086086220963324,0.09999809327151137,0.10178711523358157,0.10015297711364263,0.09916068391894926,0.100518946000058,0.10017415342300616
0.02002002002002002,0.11179373831654296,0.09772895668646353,0.10280624761754932,0.10016181578888572,0.09966733987004545,0.10168687639523862,0.10227471123980851,0.09691716824474524,0.10047267618200022,0.10022362374009103
0.03003003003003003,0.11184277843918787,0.09718264694867766,0.1023093344904214,0.10102194316020384,0.09943496105539898,0.10338015544515336,0.10253807909748708,0.09588372334691016,0.10084665207104682,0.10036979548361934
0.04004004004004004,0.11215709147256124,0.09632754605022086,0.10201198566865699,0.10253322700237286,0.10035766255346651,0.10390494802801653,0.10300280138817564,0.09574648321335298,0.10067572418743888,0.10044919040879374
0.050050050050050046,0.11329229527315948,0.09707951892935097,0.10235597871901567,0.10120122533098788,0.10071974376192452,0.1045088256479927,0.10266855056087808,0.09702145499481574,0.10010408533875473,0.09940287723522338
0.06006006006006006,0.1138359207377797,0.09739849105760277,0.10274692026918933,0.1016643772850057,0.10044388789118369,0.10379438205714442,0.10284632900750226,0.09728369184169787,0.09840630751135963,0.09985057817863995
0.07007007007007007,0.11329756047698598,0.09543225764292958,0.10438694713754675,0.10071432192198473,0.10039312633272353,0.10341565546517606,0.10214066576341427,0.09731739530732493,0.09939825907585534,0.10203365737221753
0.08008008008008008,0.11454779430699377,0.0958756398968673,0.10447922247422824,0.10139378838946111,0.09929242791403402,0.10436490987134,0.10262172813244012,0.09640907108025672,0.09847628897444666,0.1025790073000448
0.09009009009009009,0.11491435283253912,0.0965387227745332,0.10392617522253046,0.10081361897020709,0.09824898716200248,0.10503884622470053,0.10244132660933805,0.09730420926867331,0.09814240380803238,0.10274867546945599
0.10010010010010009,0.1153464569498338,0.0958149048630969,0.10493321092476368,0.09992654395449903,0.09909290153011567,0.10466977969190586,0.10156733316125574,0.09811525021462168,0.0974181566176393,0.10252374568613543
0.11011011011011011,0.11665476228395584,0.09625846633206986,0.10445888764454439,0.10155877354721994,0.09930988300797791,0.10665321915404168,0.10169919935387989,0.09791304281576434,0.09818030988619969,0.10286051401471975
0.12012012012012012,0.11542048418761908,0.09523177638909096,0.10520330132456507,0.10121294077281251,0.10002154940181324,0.10660864945349002,0.10149122781797743,0.09936915716158946,0.098773518990907,0.10289892437412754
0.13013013013013014,0.11539412782626093,0.09579940080965298,0.10442279832950872,0.10215134336382037,0.10084059905673469,0.10745989338818544,0.10120218062822285,0.10081672322791731,0.10054850724048603,0.10451168215248925
0.14014014014014015,0.11460905389057309,0.09632576525332907,0.10420133485555451,0.1020626173703184,0.10195222750596376,0.10685616626782235,0.10047837889745002,0.10170794322677146,0.10088191496466407,0.10396166217403757
0.15015015015015015,0.11393602357532412,0.09443118254107173,0.10330396987060621,0.10240169458162501,0.10234297160722568,0.1073726731943313,0.10005269739818527,0.10275581824691067,0.10013537758174879,0.10461363074427128
0.16016016016016016,0.11339846177760267,0.09628006594032136,0.10327890766374408,0.10186935827714208,0.10166152613315263,0.107183244290193,0.10024378873017664,0.10173303610626162,0.09977421027846181,0.10481352012593623
0.17017017017017017,0.11249789021794236,0.09650883710552957,0.10259078440082607,0.10112747389086327,0.10118252051588386,0.10750261256395326,0.09996120314636128,0.10309836547005685,0.10068560695386287,0.10437829324595464
0.18018018018018017,0.11248813582655076,0.09673198063464632,0.10247754508015003,0.10199562734564029,0.10189766998714479,0.10686566683901326,0.09985693869981722,0.10194928940102897,0.10225818088791873,0.10336736715903248
0.19019019019019018,0.11313315337678798,0.0971413754855584,0.10246610029238001,0.10259495168169748,0.1013455023246387,0.10782220687697526,0.09843614527704399,0.10280809363013672,0.10239374885641815,0.10303147236059351
0.20020020020020018,0.11375238894299727,0.09836141857037294,0.10225198094747032,0.10186001454950479,0.10150505510347836,0.10599319975585261,0.09814704961056628,0.1022931031914769,0.10325977038046662,0.10278495956437926
0.21021021021021022,0.11409582542630366,0.09838587212874503,0.10138462047874304,0.10177546329593581,0.10209620911144357,0.1055157072983777,0.09892160390451028,0.10187424878196809,0.10313516412384773,0.1018841498842977
0.22022022022022023,0.11445331956130161,0.0984865426858361,0.10063894474756528,0.1030688296171117,0.10226654191875209,0.10486374881063475,0.09915615632878545,0.10204673284519983,0.1039007719860854,0.10122405015485211
0.23023023023023023,0.11428086106934315,0.09805451885117662,0.10027048127393169,0.10220756113325778,0.10234057537840703,0.10447538974500424,0.09861941614880922,0.10250379286836503,0.1047576547619563,0.10109188567981672
0.24024024024024024,0.1144629011992065,0.09798942722368958,0.10015720349266781,0.10161475542711647,0.1013138323954317,0.1032488009634114,0.09977423207575863,0.10413004767718624,0.10417580465573496,0.10087219837832012
0.2502502502502503,0.1159065815706754,0.09773664485781933,0.09984965921359977,0.10233785244219691,0.10122815368879873,0.10419567427960763,0.09984653703253357,0.10405004100158002,0.10443088042033305,0.10108598145929257
0.2602602602602603,0.1159407948472165,0.0987500102095833,0.10008574039630228,0.10354439544552758,0.10255172416660721,0.10227628870761547,0.10003773910842317,0.10398496379487343,0.10480323364793455,0.10045959689523122
0.2702702702702703,0.11586006186792593,0.09894480764231488,0.10078010573579124,0.10358748443900766,0.10291316768631846,0.10240099626267544,0.1005996926406713,0.10507537469270888,0.1052542107189681,0.1020577639398771
0.2802802802802803,0.11583783801797784,0.09931730818127651,0.10117138119937984,0.1034561496826999,0.10303696837827586,0.10201566038071423,0.10109257836990834,0.10533326633046877,0.10241923892742771,0.10174870217254076
0.2902902902902903,0.11673317978824527,0.09945362028352428,0.10248505138066787,0.10462719721729583,0.10236579667249374,0.10358016673129761,0.10122171074233442,0.10518487766498037,0.10405499636792648,0.10025688444933917
0.3003003003003003,0.1160079868784889,0.10020015378691643,0.10285147269811772,0.10450707676999464,0.10393805274834461,0.10455951123444612,0.09956328014219783,0.10699710448564491,0.1042951803688027,0.09869404748964691
0.3103103103103103,0.1159484798381915,0.10050915706157162,0.1028160100466132,0.10539943707844882,0.10509099349596833,0.10322209870961388,0.09976890523942519,0.10666600955435197,0.10465114051397581,0.09927107889789279
0.3203203203203203,0.1160775294299937,0.10141947825720914,0.10310421901716799,0.10527809773576567,0.10546764443989548,0.10358446277119499,0.10024928338113816,0.10643965651546672,0.10383847730013702,0.09873098670561403
0.3303303303303303,0.11532329660892661,0.10169504340408783,0.10299810283710548,0.10530987385225435,0.10768217116142212,0.10328583826432727,0.10113139096750128,0.10537451848154691,0.1028696064738982,0.09761563490789946
0.34034034034034033,0.11471187161103438,0.10107961481532358,0.10225334442964179,0.10539379964619013,0.1077608699830636,0.1035543378360851,0.10248180715034318,0.10525400514970483,0.10304395211674897,0.09771433316835096
0.35035035035035034,0.11509220327156307,0.1022503737215935,0.10289596844824069,0.10635867803081525,0.10842701100936325,0.10368828971891772,0.1018744074176196,0.10629594987526154,0.10297665807175695,0.09773559991916597
0.36036036036036034,0.11576927256835096,0.10273980239234268,0.10229065373282765,0.10735620634866005,0.1080943796600379,0.10388793834573493,0.10169902293947411,0.10531396772583813,0.10297480749768001,0.09700578533084879
0.37037037037037035,0.11652892379155486,0.1031608366601266,0.10200914466839192,0.10804227624780952,0.10826372712146995,0.10316639140042184,0.10076977283253459,0.10546893808177885,0.1029676812274529,0.09552380240352358
0.38038038038038036,0.11783334820462325,0.10335305990624405,0.10169253010051726,0.10751375869926626,0.10774984420531754,0.1018778872162463,0.09910090679215403,0.10681640600196039,0.10411851819237149,0.09584129224322613
0.39039039039039036,0.1172956071712954,0.10376963884422362,0.10173919291373167,0.10759427840524557,0.10756107915260321,0.10304306070309029,0.09814346113388318,0.10606162880185502,0.10435455262700938,0.0947747128016578
0.40040040040040037,0.11755424538922994,0.10271884534861907,0.10154444044445454,0.1071214619628999,0.10857315836759907,0.10389138852121875,0.09745306640621888,0.10569619556140884,0.10269698714489148,0.09440579195647769
0.41041041041041043,0.11588609669114144,0.10288038427237606,0.10148367981426933,0.10692343819652862,0.10755820371840404,0.10542852408378445,0.09577766671033212,0.10629618098828224,0.1023583113687364,0.0950209448845289
0.42042042042042044,0.11485359812280548,0.10290588310000831,0.10112798377486194,0.10833635429151078,0.10704426455152553,0.10453814363896108,0.09498514520643812,0.10654168134120902,0.10328615365161087,0.09418662227028636
0.43043043043043044,0.11332444295348884,0.10312886991205021,0.09969823393660532,0.10974029673495045,0.10729156947025299,0.1048611876200407,0.09527392407604109,0.10684762619039605,0.1033687153079271,0.09332823884158332
0.44044044044044045,0.11268754139480486,0.10308466910171689,0.0995912207823434,0.11058500298937195,0.1072222230956435,0.10413151284368508,0.09597492334659942,0.10721435071721958,0.10271673141919224,0.09214060796031488
0.45045045045045046,0.11374542294255878,0.10298417439797833,0.09908787291946135,0.11184749040628987,0.10707783778312087,0.10494209513600565,0.09682861820514034,0.10686059906526225,0.10388384993127382,0.09175514119778115
0.46046046046046046,0.1141482180779406,0.10289147047057781,0.10019423427713417,0.11171110701006427,0.10727169833441642,0.1053324042019623,0.09720533155864437,0.10594581657758971,0.10258105351562082,0.09246602360768229
0.47047047047047047,0.1131532822757115,0.10387934097925855,0.10064167572019007,0.11169437412273293,0.10642922924802473,0.1052426115803627,0.09713739719356809,0.10634413913005558,0.10327777936280487,0.09334863022299167
0.4804804804804805,0.11218780829247293,0.10253458315523492,0.09945267184726403,0.11032828804008933,0.10688563875485885,0.10422861355145781,0.09717085071293283,0.10703531956412793,0.10306268016037859,0.09371573408719602
0.4904904904904905,0.11203203778278019,0.10242954845229317,0.10006084871232254,0.11086198505445401,0.10729070701469991,0.10337158272726053,0.09690943363503489,0.10651658532982297,0.10394142186643693,0.09316518218551215
0.5005005005005005,0.11267630130558974,0.10285160839638666,0.10129321208240365,0.11129234126807959,0.10672813223436602,0.10228197471619811,0.09631454937035844,0.10662482430791409,0.10418666978759586,0.09365122073300165
0.5105105105105106,0.11124823197576555,0.10267848731902991,0.10263350068565139,0.11187363683104094,0.10718009111297866,0.10188087189234513,0.09667542600192316,0.10720708796330798,0.10303591638278228,0.09311546165351303
0.5205205205205206,0.11160359872869989,0.10309063154460951,0.1027610684756215,0.11207947393581674,0.10656916385619929,0.10254586563188878,0.09620552865059379,0.10646746261652601,0.10312126181105985,0.09319112570738738
0.5305305305305306,0.11177136325985698,0.10260031096038615,0.10266236339823928,0.11186773663023061,0.10688001386995563,0.10163794186527791,0.09643035822271356,0.10711123952046261,0.10431571046621221,0.09358925394850223
0.5405405405405406,0.11149926352956693,0.10185759166938338,0.10280816847262148,0.11228537327024142,0.10658819500887688,0.10162822785917638,0.09568951651908968,0.10724655881081255,0.10578225007938064,0.09427191277962219
0.5505505505505506,0.1110961871170868,0.1013632812188104,0.10271920512369527,0.11327943600184497,0.10604875020375984,0.10143115379608597,0.09499353388798112,0.10634385554064239,0.10581464551092143,0.09421502791444071
0.5605605605605606,0.11006634564027494,0.10086407348562315,0.1019810279924787,0.11289554968874764,0.10696339672673841,0.10201844555273275,0.09442621925349207,0.10677630962169211,0.10693051194305382,0.09388162657582524
0.5705705705705706,0.10940808963166956,0.1005511048468881,0.10155721793488649,0.11286020278057607,0.10666784849117489,0.10014496773223402,0.09490139796564391,0.10628840965899097,0.10746435914190731,0.09417946826207996
0.5805805805805806,0.10826452361516951,0.09975799957291388,0.1006764444002207,0.11305256247223792,0.10712042726081472,0.1013017210574996,0.09447087085512552,0.10681822320571309,0.10776461769583821,0.09366503305272705
0.5905905905905906,0.10859747644189054,0.09971103055122665,0.10011675585637703,0.11270058835139973,0.10629396851649472,0.10379608317948512,0.09430101399112861,0.10683215510648157,0.10781165420834775,0.09403214560332725
0.6006006006006006,0.10945393672219683,0.09992575747261782,0.10055346395606028,0.11210345918614738,0.105687418659583,0.10325705141449516,0.09388008146540394,0.10625962241764904,0.10875429978493871,0.09410549450042362
0.6106106106106106,0.10803714761461669,0.09922531050420207,0.10057432542155115,0.11052113540485987,0.10559819248347561,0.10365314269085787,0.09513462393257338,0.10766332956984752,0.10857606588811909,0.0948971159736005
0.6206206206206206,0.10784212808937767,0.09899578810308299,0.10010881641649223,0.1098137436837092,0.10643770430436311,0.10274803925178953,0.09502669182524219,0.10675749968705199,0.10947648396625648,0.09454176603983738
0.6306306306306306,0.10766614235285746,0.09876442694917054,0.09924083225169403,0.10915498506643546,0.10673818743895619,0.10228429392524616,0.09466741852907429,0.10658128997344093,0.10920302306503399,0.09526832150756959
0.6406406406406406,0.10823668297881378,0.097670568723938,0.09946545148062401,0.10967135400929426,0.10724995775545644,0.10277617908758076,0.09480746130388885,0.10663768769221875,0.10851014402582308,0.09558146616168016
0.6506506506506506,0.1075601369957868,0.09892740655107596,0.0998878185934452,0.10899184193963483,0.10632482350789488,0.10283958888379527,0.09396892324605007,0.1064756264921056,0.10754069056369894,0.0959578484572012
0.6606606606606606,0.10833470391402084,0.09835499770282101,0.1001018912084331,0.11087732392808136,0.10697523493444122,0.10448558344635331,0.0928465852536861,0.10716854822521643,0.10771737870129876,0.0965930635423831
0.6706706706706707,0.10774220739989994,0.0988108561705725,0.09935051632249932,0.11130419106549751,0.1084991073264409,0.10632775435708351,0.09200158659255264,0.107428253498341,0.10731029950908234,0.09681480741971342
0.6806806806806807,0.10837136474525025,0.09788211462934024,0.099421505470631,0.11142391690135504,0.10817731216789192,0.1070891072719718,0.09244336967750881,0.10847138700498185,0.10867388847486428,0.0966826101507811
0.6906906906906907,0.10780054125976374,0.0977750437307084,0.10000007804728385,0.11057640985298266,0.10696012413197413,0.10785365931317949,0.0925113240643596,0.10687645006293414,0.10774755767699767,0.09777585709949962
0.7007007007007007,0.10794786747529295,0.09606099855836164,0.09990725837007668,0.10971899210935085,0.10568525154887261,0.1068173693471788,0.09297985296758672,0.10675182135789944,0.10738491421343915,0.09826095256558026
0.7107107107107107,0.1082326758138673,0.09727068805267672,0.09949120932491895,0.11026497999651008,0.10685311680365576,0.10731666181323815,0.09378172934202815,0.10768643824829569,0.10829788120188137,0.09893186166850124
0.7207207207207207,0.10867986048818101,0.09691620482199399,0.09890331429876731,0.11068122368948766,0.10820679035423586,0.10766270529201942,0.09387547958161961,0.1074449038896378,0.10749385497847457,0.09950478261843457
0.7307307307307307,0.10924668896663339,0.09636408574181665,0.09803602250924645,0.11050536255447332,0.1105480046287606,0.10703976732458496,0.09597112498886674,0.1075767397635344,0.10708700332049924,0.10025658887624604
0.7407407407407407,0.11051908393733342,0.09666646781857285,0.09825249442899309,0.10935715804119943,0.11065116291960314,0.10845658341540741,0.09595263812516029,0.10685723000617028,0.10839273701872257,0.09986059671900785
0.7507507507507507,0.10967855412636608,0.097139824777232,0.0977745887501242,0.1091817106203944,0.11056512309254926,0.10857428699613733,0.0958313101651496,0.10689490500153129,0.10895296926519348,0.09962517397929205
0.7607607607607607,0.11053037047604974,0.0972181824233866,0.0963709432580607,0.1088318122954618,0.11012771734312836,0.10963596494390779,0.09521706387990682,0.10609298040474553,0.10784283210487741,0.09977667170425901
0.7707707707707707,0.11034773178500847,0.09785486824114857,0.09686842441892517,0.10778316147648685,0.11108647167822674,0.11147524810814183,0.09493914022380638,0.10631540932408838,0.10810390435958118,0.09955308337418448
0.7807807807807807,0.1104765035074545,0.09749212687123113,0.09771822648540618,0.10719371549788569,0.1119473560924974,0.11273931865573159,0.09447451026212972,0.10654191829126292,0.10791636302351336,0.09883106676513635
0.7907907907907907,0.10982469247486681,0.09725502110457984,0.09828691466828117,0.10594074619143184,0.11242968472591426,0.11398074442852885,0.09407330915268985,0.10514977098702534,0.10803399540303588,0.099430590815587
0.8008008008008007,0.10958654802472065,0.09528278365576695,0.09694015387968823,0.10430596501629177,0.11180593461487581,0.11375943449522008,0.0945181813954127,0.10535819454991598,0.10735626766467764,0.0992786246590787
0.8108108108108109,0.10883148677886666,0.09440104871132805,0.0964204502317837,0.10541815418779785,0.11369103368565554,0.11419768847781431,0.09400588931226414,0.10560184306517485,0.10784166349869928,0.09816836562224103
0.8208208208208209,0.10819691138283435,0.0945126467123504,0.09650242541373029,0.10566052223276641,0.11347907352195208,0.11425287522787264,0.09396393182228509,0.10636446958183512,0.10854131602843121,0.09892998312864854
0.8308308308308309,0.107522664811341,0.09428037842987351,0.09672154218528273,0.10573935574231243,0.11468981240797647,0.11492566608625375,0.09438083278409864,0.10761847032499018,0.10982714109498715,0.09754951512188227
0.8408408408408409,0.10810330234000946,0.0947306805870096,0.09581354907022824,0.1054138450585991,0.1146193031260854,0.11470681636723365,0.09357589328897102,0.10699436967818164,0.10975218707261788,0.09859144365575245
0.8508508508508509,0.1076776603202479,0.09449408192846388,0.09551835257056361,0.10457875732868457,0.11404326500153336,0.11677805719595652,0.09274759917307648,0.10730314514173563,0.10892403875786581,0.0990998220766216
0.8608608608608609,0.10857399384117859,0.0948340680402035,0.09579067495187576,0.10512702222027864,0.11335822049352653,0.1178314572306302,0.09346706300045567,0.10783713675563415,0.10753114259028661,0.09792179412654749
0.8708708708708709,0.10904193181019702,0.09431853155195606,0.09572171128020918,0.10520227946386554,0.1135175585269467,0.11798305098687464,0.09302508117970051,0.10655789500127788,0.10787910338650684,0.09785433126501192
0.8808808808808809,0.10872113046577232,0.09547468710097747,0.09341622446507353,0.10498622456230368,0.11387011014269113,0.11856349742658888,0.0924755422696714,0.1076530414635079,0.10828945608844585,0.09714095483292323
0.8908908908908909,0.10841468398650382,0.0953281469489271,0.0938609285600023,0.10398674781225867,0.11373318495404781,0.1182155645696812,0.09155544217755383,0.1077341654416483,0.10888916239784124,0.09777511764356442
0.9009009009009009,0.10844944218972674,0.09398932286868109,0.09355983704163634,0.1046395278551104,0.11472295738971594,0.11829861570264096,0.09050696195246674,0.10812315406773446,0.10920448670865367,0.09734087128621849
0.9109109109109109,0.10745973000976206,0.09409010471368082,0.09462354580705677,0.10430451733719881,0.1144453148667526,0.1165420656074731,0.09023533039360031,0.10740663269147804,0.10929624531477541,0.09682779819183114
0.9209209209209209,0.1071115027289735,0.094860050243558,0.09429166412445687,0.10381860189104174,0.11459802644736762,0.11700199405562398,0.08969171282313458,0.10766505168042363,0.10871013946292078,0.09538759167320393
0.9309309309309309,0.1079549328855786,0.09605546451431736,0.09396581003338098,0.10154473219520027,0.11474169060656847,0.11799523607301755,0.09069315247077206,0.10699037064776665,0.10882171225822183,0.09633461682059011
0.9409409409409409,0.10829412034819344,0.09591769367575217,0.09557413867603543,0.1003249504863285,0.11330785563437704,0.11805797308843197,0.08933553202925831,0.10714416312590166,0.10878878866165152,0.0967071559332765
0.950950950950951,0.10763423318865692,0.0958651425783197,0.09459262923942391,0.09989016973755367,0.11283018163175468,0.11640889288191786,0.08968779589405373,0.10491930221291551,0.10927885356553878,0.09591292478355685
0.960960960960961,0.10661744531099888,0.09618281703051308,0.0940003656743333,0.0996779464346915,0.11327909601376665,0.11493211442568392,0.09007085659873419,0.10472253780438626,0.11048510399189847,0.0954014690719385
0.970970970970971,0.10614061735719693,0.09670602555210345,0.09455682370834584,0.09926067900864438,0.11327558608263842,0.11511590288931915,0.09088945695242716,0.10439280459556066,0.11083737955191915,0.09564938298615616
0.980980980980981,0.10503365139083148,0.09647518909539896,0.0953811417851676,0.10044814726284353,0.11194681282194399,0.11464446368125865,0.09044011359911039,0.10465775621017831,0.1108636066970695,0.09525801932231848
0.990990990990991,0.10422039471384635,0.09553862829002313,0.09618791870358254,0.10165862371618707,0.11125888450204252,0.11426444210304532,0.09202874195917245,0.10463007001244991,0.111722353548172,0.09520092959499146
1.001001001001001,0.10373473111235129,0.09539481863694316,0.09636605245532773,0.10076005067504915,0.11125479541343081,0.11537146322418534,0.09293012792729799,0.10490434340016391,0.11168787651968978,0.0966732757972504
1.011011011011011,0.10352190542998896,0.09630397521873058,0.09547729472990617,0.1001076136561453,0.11123899597133723,0.11621481741062599,0.09391076855280081,0.1067662885822166,0.1119290472251233,0.09665340467907363
1.021021021021021,0.10252515526499072,0.09614109491783045,0.09559900461254178,0.1003074154890819,0.11102008972654726,0.11612463731638699,0.09516327453660808,0.10758886554608829,0.11164925869752672,0.09684049972666513
1.031031031031031,0.10255108071733451,0.0961538508884623,0.09629973554686753,0.10074151030754808,0.11056233434121072,0.11591574163228328,0.09593326233843037,0.106699547759632,0.1115427407144588,0.0971780223373725
1.0410410410410411,0.10250928106361207,0.09703609769924382,0.09645534045345165,0.10104255530660035,0.11014655641003879,0.11715705007493664,0.09691861458437194,0.10782412734985235,0.11286477866983402,0.09662080063127212
1.0510510510510511,0.10282608667013116,0.09587983983001692,0.09699673189055842,0.10165904032644593,0.10779005727827326,0.11669845924973922,0.09754252873406666,0.10762485884452189,0.112648730382053,0.097973815864723
1.0610610610610611,0.10292130557923403,0.09681724876042862,0.09663574269543897,0.1018703273785376,0.10664799335119644,0.11516832646004592,0.09856502679945402,0.10607060231364968,0.11131863590231962,0.09626932177460903
1.0710710710710711,0.10271937462264563,0.0962365360324767,0.09715472084600578,0.1012338620018538,0.10741432390953268,0.11576475681841465,0.09756448666777218,0.10537570490235927,0.1111528045923061,0.0950284714595545
1.0810810810810811,0.10341850786653496,0.09722536453050404,0.09832889754600486,0.10064468443188052,0.1073977072747502,0.11510980328653402,0.0975281320130131,0.10464211226925618,0.11087618341595896,0.09554570163714288
1.0910910910910911,0.10557882659212023,0.0980034877893176,0.10007665498191809,0.10155602587501686,0.10615114964066634,0.114847649391838,0.09857123328473519,0.10421064707999275,0.1110198402911532,0.09558083352747179
1.1011011011011012,0.10490005932962952,0.09560637707272862,0.10024718071543827,0.10105038827687635,0.10515017978507768,0.11420035940111375,0.09825667618289097,0.10380024184487043,0.10899107200154963,0.09496114103786701
1.1111111111111112,0.10562812589596421,0.09616183479893418,0.10201141354119242,0.10062208452669241,0.10467900416205789,0.11407279584372242,0.09838417019695754,0.1035977799321732,0.10927107725462029,0.09622470116944712
1.1211211211211212,0.10462657704250039,0.09589401963155188,0.10142490892918023,0.100169614208905,0.10441388846498863,0.11431331787585428,0.09734359014935566,0.10303279111685021,0.10981478138339368,0.09644506243627778
1.1311311311311312,0.10337156589411096,0.09714253579495877,0.1013075682834948,0.10007847559806628,0.10462084281961324,0.11343003076922968,0.0963802834352343,0.10328622499234644,0.10905674764992372,0.0983050084827382
1.1411411411411412,0.10302632254899662,0.09702959075132835,0.10168468495915982,0.09916920017005747,0.10443742354332375,0.11305364347655363,0.09680265627757866,0.10264030493895836,0.10919026550519059,0.09883371536650797
1.1511511511511512,0.10162378508395646,0.09685424759908434,0.100837155588195,0.10014378533291006,0.10505533210306114,0.11427948619009849,0.09611204014213115,0.10329701703997572,0.10833037456929845,0.09812794380703578
1.1611611611611612,0.10148115180631051,0.09628626441270628,0.09922136835300274,0.1008137988298613,0.10362405260171084,0.11529527917613312,0.09609712439926663,0.10296358558555342,0.10942147361975667,0.09838988756817937
1.1711711711711712,0.10249632389546418,0.09708998730018908,0.09822943861534704,0.1017007457017595,0.10275837025494657,0.11520765501467793,0.09646379276184552,0.10350049882507885,0.11025909082704771,0.09752528563181485
1.1811811811811812,0.10200025967859692,0.09644402698776332,0.09845117120805935,0.10153830599965674,0.10424010444105332,0.11720920850877924,0.09623130430154594,0.10383572652108192,0.10923770660528713,0.09743941661508247
1.1911911911911912,0.101830174316511,0.09694661850758426,0.09838813870512779,0.1012820501125768,0.10406914756159207,0.11734043329227466,0.09625159507625039,0.1040983176923655,0.10875150773528088,0.09831438920258397
1.2012012012012012,0.10226467134054595,0.09678869705544411,0.09732484992571261,0.0998560186661936,0.10348046666921089,0.11707259330978072,0.09750148958185445,0.1042847027684063,0.10937423574113918,0.09777713874286788
1.2112112112112112,0.10287347529687227,0.09639560103606236,0.09592283229180862,0.09939459389816781,0.10171498812274848,0.1174551762509961,0.09690877555055347,0.10437988624896063,0.10968262877401172,0.09757780403084303
1.2212212212212212,0.10351639292499429,0.09650589001084442,0.09558307119708867,0.09962520079264194,0.10139783156104232,0.11706441308978767,0.09691043345831661,0.10582195666946609,0.10984694666533011,0.09720422395702542
1.2312312312312312,0.10448255631909177,0.09642176502576315,0.09629932565075486,0.10047815302956524,0.10087291155921685,0.11763961286606142,0.09690326443991899,0.1052094741187475,0.10910568900868295,0.0971010167229125
1.2412412412412412,0.10393545335976083,0.09645978777573286,0.0970151789126391,0.10053277630337744,0.10256615052873456,0.11775526736254577,0.09733156118566717,0.10381685356842128,0.10944426598916383,0.0974203932465929
1.2512512512512513,0.1037171548397159,0.09754540240508888,0.09682629279410356,0.0997640799133812,0.1026958529765046,0.11849125287422671,0.09638767807289818,0.10496429130541485,0.11037961898474542,0.09795084895007655
1.2612612612612613,0.1036379555279205,0.09743275229947863,0.09579517610512268,0.10006134958531143,0.10212448992948157,0.11672802382230738,0.09630878576691318,0.10585509214592768,0.10907667421892368,0.09859308475429727
1.2712712712712713,0.1039982806273484,0.0975694437410096,0.09531032469280598,0.10037625454841533,0.10106079468388068,0.11689342334831944,0.09658804295711522,0.10696737690586283,0.10729706676384164,0.09881577266087711
1.2812812812812813,0.10429526377506068,0.09810496167327411,0.09414083392825666,0.10096043588281405,0.10105185283752702,0.11722167992657101,0.0962541048934168,0.10688785743180643,0.10753451037320608,0.09877145540275518
1.2912912912912913,0.10454881889103877,0.09712975273725634,0.09454223020049768,0.09989295813783577,0.10254089351053752,0.11713804300603976,0.09671341847348691,0.1056716140416696,0.10717376357318065,0.09857886187715124
1.3013013013013013,0.10494131384342853,0.09803725981764949,0.0938176947125182,0.10024124974510898,0.10133524550024663,0.11664352102455372,0.09635234455441621,0.10558791390599,0.10607550519859034,0.09829758130966608
1.3113113113113113,0.10352987986018725,0.0981456525201027,0.09408016368263838,0.10058068396162914,0.10239436200243203,0.1166045894300975,0.09503497892127594,0.10618984161726151,0.10602011016632532,0.09804574514799437
1.3213213213213213,0.1036751483180578,0.09592262519420836,0.09391052673296847,0.1011562120077979,0.10269317489833306,0.11768833720861452,0.09557539380386885,0.10558005631273308,0.10629556052285248,0.09861684560862687
1.3313313313313313,0.10258586242125943,0.09658942516810078,0.09145407468965787,0.1013241863858362,0.10254407004184152,0.11672261597709112,0.09578510468163401,0.10586942172432107,0.10697875569850555,0.0987173307864157
1.3413413413413413,0.10313117969500504,0.09660949618372267,0.09193746284092577,0.10142128946560336,0.1011172953375004,0.11566681220698666,0.09615411933761489,0.10509155989858833,0.10697734376978753,0.09886242119419299
1.3513513513513513,0.10336252458120106,0.09734817965686449,0.09117624494291848,0.10247956360937019,0.1011035632389741,0.11568551900879262,0.0952207375238866,0.10423478929185008,0.10831622294418251,0.09931483097190558
1.3613613613613613,0.10485624538809267,0.09805603509970066,0.09195409956089184,0.10509502470367309,0.10035530907838436,0.11549233439604241,0.09494559419236662,0.10399636042229228,0.10768187819405205,0.09891212187715251
1.3713713713713713,0.10546703085971482,0.0984285847764992,0.09211648366627233,0.10496425197877192,0.10018858493241954,0.11571273239741511,0.0942131263654175,0.10351311530894176,0.10759737636093701,0.09833329415173363
1.3813813813813813,0.10420261926967796,0.09855599834963195,0.09175763852913094,0.10535880348659232,0.10017761668280355,0.11542885433940898,0.09441313230866602,0.1047040266738885,0.10859497448014037,0.09930475567315467
1.3913913913913913,0.10394051508976886,0.09920610209781075,0.09172168063353292,0.10494641608454794,0.09853098403964781,0.11536487435756473,0.09376473687248074,0.10508995700285165,0.1089186115380827,0.09909291811912971
1.4014014014014013,0.10373408747688835,0.09951017403337821,0.09131548921117348,0.1060205080866277,0.09796125688171341,0.11742170662200402,0.09537187264010355,0.10444686307193579,0.10912400076708643,0.09893377486114716
1.4114114114114114,0.10355827642070009,0.0999051469392599,0.0912833339243391,0.10592127565310151,0.09718153034029636,0.11844475701778204,0.09489978133996231,0.10416706154996785,0.10829264023671827,0.0990713890504717
1.4214214214214214,0.10318614971476439,0.10156711899367915,0.09195901323938954,0.1050086167216155,0.09750532404714349,0.1178901305945572,0.0944478866956552,0.10529664067203072,0.10930955264996974,0.09914165694558658
1.4314314314314314,0.10210220263483581,0.10240637908912908,0.09120587482841215,0.1051166979658262,0.09620753198711862,0.11621558863937709,0.09441449841825583,0.10467793778700146,0.10901419979410434,0.09960664666615937
1.4414414414414414,0.10298837525455792,0.10186745249590567,0.0914952474528993,0.10589907200569094,0.0955072630695316,0.11616780776430868,0.095465354791419,0.10466077838926705,0.1094640167832076,0.09966662630420489
1.4514514514514514,0.10286683007857553,0.1004440514643717,0.09159679279744484,0.10627652964155271,0.09647185313783457,0.11643473179996967,0.09561820105592672,0.10412908977380689,0.10854702861103215,0.09981031820792594
1.4614614614614614,0.10357775555636288,0.10040944742702929,0.09236387025195925,0.10624798122196992,0.09599518058155972,0.11673266748607217,0.09448593903972559,0.10338979805998869,0.10823286413044529,0.0996871259815641
1.4714714714714714,0.10295943895941133,0.10069543819585389,0.0917996874011665,0.10660434462053513,0.09649789723641637,0.11609951010938692,0.09482813022878259,0.10450419274917667,0.10855750074952697,0.10090555717840594
1.4814814814814814,0.10375354623195217,0.10014892393570522,0.09102276809351421,0.10555400024596277,0.09507778188164982,0.11572076807009204,0.09424306401370224,0.10622402668865594,0.11008594884306516,0.10270063013910297
1.4914914914914914,0.10420156911607731,0.1003310530237885,0.0918180845703878,0.1056786900400346,0.09453206432352274,0.11629988385985643,0.09539813668853564,0.10755107238993597,0.10882411637133742,0.10207010674859833
1.5015015015015014,0.10303185249430266,0.10057926046418393,0.09238341118999688,0.10594245374803184,0.09565413694733134,0.11703423448926886,0.09490630816244656,0.10874243791261626,0.10901098889178903,0.10179816920955205
1.5115115115115114,0.10223110272266946,0.09909466274437218,0.09265416254252103,0.10591499762755824,0.09513642670489024,0.11672659603319326,0.09499625290257216,0.10962536476840755,0.10863468184622745,0.10181705158180374
1.5215215215215214,0.1018288059747461,0.09852167274112883,0.09308420557159668,0.10584977890496944,0.0953774785011856,0.11660828321089374,0.09470040724219007,0.11042285536831556,0.10768752880288351,0.10281888225650931
1.5315315315315314,0.10054827791181958,0.09810963656553708,0.09317534309482142,0.105686209355735,0.0970465533561574,0.11597292538042954,0.09456393569833972,0.10972850625588228,0.10746206427994509,0.10252548017908825
1.5415415415415414,0.10086056125305287,0.09796162538735793,0.09266136485640337,0.10533549357277949,0.09762910574109773,0.11619306184842085,0.0943643464701541,0.10893705801721404,0.10687504996413298,0.10138625347251172
1.5515515515515514,0.1004691793584381,0.0967215979332572,0.0930554826704799,0.10581932185347846,0.09780557929383815,0.11615384457916422,0.09415106679457019,0.10916255905103743,0.1062972942587727,0.10056236281441513
1.5615615615615615,0.09924418447058798,0.09623131614288571,0.09336474701397057,0.1073689483905533,0.09749118406842139,0.11734970554125573,0.09490332112205492,0.10964880748077728,0.10571282276995082,0.10058137187994605
1.5715715715715715,0.10018895055080702,0.09610756140043802,0.09297941825111836,0.10753641616420556,0.0974552347851725,0.11803537544372185,0.0943861138941693,0.10981801992265522,0.1061728109186668,0.10132874077179835
1.5815815815815815,0.10059576850463746,0.09785972648159612,0.092502275034698,0.10708805904093947,0.09820210793485379,0.11747750489185797,0.09545155476089937,0.10925860603923607,0.10746218928834209,0.10054427007731251
1.5915915915915915,0.10108295491887614,0.09814440446769375,0.09210566869182873,0.10668331056330455,0.09682372307344901,0.1170442972799597,0.09427023024939077,0.10722494453309857,0.10777772667043059,0.0997762759279346
1.6016016016016015,0.09998129100934709,0.09863379891472303,0.09268583965423915,0.1068883006578715,0.09737777945298126,0.11646661863423265,0.0943385280042548,0.10668504802746569,0.1090269385420608,0.09901764232382772
1.6116116116116117,0.10029400155138402,0.09888774023230117,0.09333584014239725,0.10723632183091744,0.09769430385879052,0.11618194470873831,0.09489686518979017,0.1078386230026305,0.11063499754238641,0.09930494627987747
1.6216216216216217,0.09958303164809908,0.09893948953639013,0.09361913182478315,0.10698401647208561,0.09832462936871089,0.11563596147622333,0.09511425480313832,0.10822337309952107,0.11075943535886187,0.09902343819969656
1.6316316316316317,0.10029575112321913,0.09866644698607457,0.09387319494534908,0.10739983400230198,0.09762930148271638,0.11586758763119459,0.09652028187253707,0.10721095774698668,0.11138915632374616,0.09860837063089231
1.6416416416416417,0.09951767227200313,0.09854402119220682,0.09324087804255468,0.10682923510185163,0.09877226043742275,0.11532929389589937,0.09650792988072479,0.10690451054209858,0.1115336770015996,0.09895383118269123
1.6516516516516517,0.10245950668577652,0.09789853849808762,0.09237363258554596,0.10713071407906517,0.09839500836875362,0.11537992350674113,0.09629370169682777,0.10773161923081043,0.11116727623326282,0.1002782106613175
1.6616616616616617,0.10051510035533023,0.09638236856983455,0.0929641467855263,0.10630074843157124,0.09789029430514476,0.11336982007795958,0.09519353324228098,0.10778636255873326,0.10960786582396762,0.10069761571193585
1.6716716716716717,0.10002547074534282,0.09675766440736026,0.09287686103769537,0.10614290838624817,0.09853118353363903,0.11213957731789782,0.09533648896580256,0.10574491233790173,0.10906203614577638,0.10109052292273195
1.6816816816816818,0.10078144951116072,0.09658306439186203,0.09447563380987549,0.10643175069530902,0.0979431175813736,0.11318302265862275,0.09681620783945612,0.10436116099135366,0.10875191907136335,0.10114078956332012
1.6916916916916918,0.10234220745122412,0.09755410106448746,0.0932158233112929,0.10472029762755251,0.09779253477385215,0.11375922975790399,0.09680764824060951,0.10336819356392433,0.10836754384226596,0.1018663197360227
1.7017017017017018,0.10002677358507663,0.09909657550540059,0.0946149244561563,0.10540298515316486,0.0984511744491252,0.11289090563649849,0.09542172223564745,0.10525125315827392,0.10927641786594361,0.10134871441512527
1.7117117117117118,0.09893898603137445,0.09886768614962319,0.09444307196363587,0.10605630283688529,0.09730441891407961,0.11294978083718561,0.09600182564600944,0.1052151147109259,0.10872823305061209,0.10172354064438423
1.7217217217217218,0.09902932633978538,0.09756486596663484,0.09475317784707467,0.10496302415062445,0.09754019801473146,0.11224664102314567,0.0956172139724507,0.10516240723026386,0.10789303522727875,0.1014572424476838
1.7317317317317318,0.09865899889797393,0.09746507236053638,0.09512732694512659,0.10548675122014714,0.09771913622472973,0.1121266153236766,0.0958666142991238,0.10509711272735626,0.10696106601725659,0.10171446465645657
1.7417417417417418,0.09901595263796682,0.09601815216466958,0.0956955623460008,0.10486311293407267,0.09992160212746767,0.11175908114982994,0.0963696390032701,0.10573150863277163,0.10728463824332536,0.10123630888873636
1.7517517517517518,0.09918336923108693,0.0961777288769797,0.0956423489961828,0.10497189963869974,0.09955953207694625,0.11004255153868045,0.09559772399840027,0.1046517741596893,0.10679249197435584,0.10109159036106356
1.7617617617617618,0.09859349896301432,0.09588847333925757,0.0944603542062251,0.10447675971175871,0.09910177585743059,0.10992684632669916,0.09588994697792555,0.10464152956841051,0.10723480397943387,0.10129702487839685
1.7717717717717718,0.09985008853518511,0.09584130628044067,0.09456647947188591,0.10407925753476621,0.09938435303875688,0.1112036114397379,0.09656119779288122,0.10400573535038768,0.10740679247876518,0.10179691354750141
1.7817817817817818,0.10002895785623953,0.09601566792372458,0.09338228988425736,0.10421462369065546,0.09946086166701361,0.11109685100623291,0.09611205979342399,0.10547608955910019,0.10588969806488707,0.10207916194943394
1.7917917917917918,0.09967644443890439,0.09582294395422225,0.09338678912408463,0.10367074436187998,0.09986141672818685,0.11124748276554515,0.0953180698526484,0.10537976809524555,0.10674957397241115,0.10108427575861655
1.8018018018018018,0.10019735946893225,0.0973120584195335,0.09406057087969172,0.10451488102422515,0.10116765397884529,0.10996630082991939,0.09637835130726255,0.10560535414127521,0.10670144945991937,0.10017006988792133
1.8118118118118118,0.09877995114653919,0.0967706105197784,0.09480765926811928,0.10378811512281019,0.10037923410374744,0.1108454802641055,0.09585293234418794,0.10655429257974337,0.10629264949629723,0.09962265534962995
1.8218218218218218,0.09967777233169392,0.09639111497962181,0.09482938114404736,0.10393280855529338,0.09998895728476938,0.11069627247064148,0.09517833243543287,0.10727311170047964,0.10653536921557313,0.10020983758336305
1.8318318318318318,0.09905870667719276,0.0958245238276052,0.09440259954227269,0.10465057671591303,0.09999618132412322,0.10991604402874368,0.0959013605838728,0.10657687574232293,0.10643227545560406,0.10115791871896353
1.8418418418418419,0.09833387652442378,0.09643023775494296,0.09557765427496306,0.10382916377179166,0.10028607123708395,0.10921001659175425,0.09578053001857888,0.10469871731669547,0.10614811019839462,0.10055562506303568
1.8518518518518519,0.09746355162804272,0.09730684768581807,0.09513740384653151,0.10417672184351613,0.0997087920441993,0.10924967492966,0.09663034231464576,0.10418923515127247,0.10638295113429438,0.10061457362084598
1.8618618618618619,0.09728626278665722,0.0958051585712863,0.09513498016122669,0.10420761012290755,0.10068813319810682,0.10959027597078166,0.09621060256921346,0.10386123088311369,0.10567919184730362,0.10006696028020358
1.8718718718718719,0.09756516657891798,0.0958671369646238,0.09649445446221512,0.10375663899760117,0.10147192153901247,0.10964458303368742,0.09647538668929778,0.10400570100125865,0.10576794982623085,0.09881680038141505
1.8818818818818819,0.09703731550554745,0.09582961514596962,0.09577440950001129,0.10338165260946297,0.1020441136724662,0.1093854322791345,0.09566821736403,0.10386404926783036,0.10599539128009401,0.09902135290861033
1.8918918918918919,0.09662531524838856,0.09624799126177759,0.0961277517708197,0.1037165808095682,0.10192831003915116,0.1094267772136073,0.09477233114945162,0.10312381687491395,0.10649741181545495,0.0993938923873089
1.901901901901902,0.0980023346887616,0.09626698076532873,0.09783090253122732,0.10352264600967248,0.1010446967894985,0.108691838438325,0.09561664336118006,0.10286112461490125,0.10583358357197506,0.09866198675771394
1.911911911911912,0.0984319350180837,0.09566942226174714,0.09890194883028879,0.1045090511938944,0.10245355115476178,0.1083886697077565,0.09518133183206584,0.10238454326459882,0.10609727652522022,0.09858833909669645
1.921921921921922,0.09893770046876403,0.09513741287705581,0.09926544631273847,0.10448462741466945,0.10282982365434383,0.10872588349416216,0.09535518743774096,0.10156597898432486,0.10548919715564513,0.09838268601089493
1.931931931931932,0.10085286203448618,0.09570295140012092,0.09999957098085464,0.10441902434877132,0.10384822566668647,0.10797570927248136,0.0950547477719699,0.10112210832134433,0.10525682094559972,0.09971298825566301
1.941941941941942,0.10033978805061401,0.0956310266287825,0.10134171888042331,0.10485556555292004,0.10387312320291023,0.10812100689933898,0.09510359958508963,0.10029068674098543,0.10471980175250306,0.10036909386918351
1.951951951951952,0.10093754796924294,0.09632561890818878,0.10215121829977002,0.10525300598206917,0.10342941319184706,0.10703594483818002,0.09493231986421408,0.10047306028022902,0.10494053624917156,0.1006758334261002
1.961961961961962,0.10161532145160243,0.0969854970906632,0.1016684504748549,0.10616691025104631,0.10357544931411651,0.10754063615181667,0.09540723333923111,0.09954625681289478,0.10457733157270485,0.10041488201294085
1.971971971971972,0.10116218019986044,0.09680630578003897,0.10105346948710169,0.10635490417914498,0.1044594950313655,0.1064792972955735,0.09458405777010719,0.09922768596396493,0.10470021804873236,0.09903953603879181
1.981981981981982,0.10174307432491789,0.09725135435265791,0.10046198316801433,0.10619682717647605,0.10400241171111729,0.10655612650663791,0.0950155170513981,0.09975484298638251,0.10513671388639885,0.0988739585085158
1.991991991991992,0.10154639340815355,0.09796050636529813,0.1006692947745519,0.10662804231694029,0.10331249127946648,0.10688315083590441,0.09394281216627744,0.10080381341131034,0.10388534471422071,0.09977394962432044
2.002002002002002,0.10100086615599886,0.09843026658627589,0.10053585070408823,0.1074038967701578,0.1041308619707878,0.10725592761643932,0.09377564860671161,0.10094897598822107,0.10374450303512507,0.10016412964962125
2.012012012012012,0.100129027604925,0.09778790454465995,0.10057091556355917,0.10624468397502124,0.1052240700493474,0.10787781038580195,0.09323285095027996,0.10049464767475688,0.10292671765579847,0.10043186677156782
2.022022022022022,0.0990463725693103,0.09902742705462222,0.10185788867920272,0.10676847655875218,0.10579490439518843,0.10803159728613194,0.09271939298874735,0.10068338943376122,0.10375315341351349,0.1011428302096786
2.032032032032032,0.0997463548686904,0.09831920532204183,0.10143033923656695,0.10702342134739273,0.10410876374628819,0.10801697186971912,0.09380365177757262,0.09988022428724513,0.10360240331634651,0.10036201624327776
2.042042042042042,0.0984114934156171,0.09905657365842747,0.10156458632395904,0.107234308960399,0.1031330650562998,0.10835307784442322,0.09399883853621788,0.10004614781103661,0.10409615385495531,0.10049495404474897
2.052052052052052,0.09752990070528098,0.09927496170661433,0.10222014444697657,0.10876260641163628,0.10189322719990347,0.1082417147662995,0.09376422838616912,0.10012252388643543,0.1042590090816715,0.09951087306976901
2.062062062062062,0.09760521797001477,0.09974086628466851,0.10276757350346122,0.1089980732515965,0.10209276346725517,0.10808097689644132,0.09372435684442555,0.10093529250002592,0.10355509419796183,0.09936735978980474
2.0720720720720722,0.0973449820854003,0.09951989327503012,0.10413899794431945,0.10993458032690413,0.10242177041118836,0.10979609042714818,0.0927351576811869,0.10009579571847224,0.10382451969404888,0.09901465898629479
2.0820820820820822,0.09659217974829942,0.09888620800778822,0.1036535799569868,0.10820689426113907,0.10153469627174495,0.10975811556179078,0.0930506809346853,0.09989838607627093,0.10352043229029384,0.098644147978559
2.0920920920920922,0.09780804035817416,0.09927018308493303,0.10342851714262973,0.11021625152395187,0.10093776978661065,0.10916207386996629,0.09212500172097796,0.09981803475054997,0.10292605892116262,0.09923560784500976
2.1021021021021022,0.09806441251706619,0.09926822218577332,0.10321708924863021,0.11142331126359703,0.10094307309852908,0.10898341038641737,0.09108887841275841,0.10110999494220711,0.10292574642112275,0.09994021294744627
2.1121121121121122,0.099533573167128,0.09961397742403504,0.10187546560522497,0.11335997570325725,0.10167422475876195,0.10845848306968926,0.09075276516237786,0.10039309509017356,0.10399974437787735,0.0998845521685978
2.1221221221221223,0.10078137086368538,0.0997017647653835,0.10228609832218251,0.11314808504412731,0.10094508780676668,0.10728276892097635,0.09050636555649848,0.10061274668548566,0.10477855322282652,0.0981768162156297
2.1321321321321323,0.10081181140695854,0.09848576582116486,0.10211996864673885,0.113088229485117,0.10082406671074771,0.1076812138061896,0.0912896154020674,0.10053836022850507,0.10488691867587469,0.09896852452460471
2.1421421421421423,0.1003771765932711,0.09762764956758385,0.10151599624490189,0.11278140445807343,0.10196576721406847,0.10661897339198881,0.09128342411097694,0.1006230289746096,0.1041085309342853,0.09956279501004857
2.1521521521521523,0.09967960184640187,0.096996908434233,0.10246239447216501,0.11181706950504129,0.10290122816339645,0.10715136795859462,0.09085678739857532,0.1007905315460333,0.10424130843310658,0.09889516842392358
2.1621621621621623,0.09885177766865029,0.09672266183930166,0.10261878013698371,0.11138582478533203,0.10182002482343078,0.10737000866117674,0.09066268269780475,0.0991409008474502,0.10434808133656573,0.09992536091648321
2.1721721721721723,0.10013850857164888,0.09705448330438222,0.10256416420407542,0.1105635930474958,0.1032653844780483,0.10868265402875109,0.09012623499681545,0.09919664572985948,0.10417864735401468,0.10037053238366761
2.1821821821821823,0.0995838358367347,0.09621523784443607,0.10304781264762146,0.11093111227849706,0.10350836485007382,0.1086911568528391,0.08881551177878197,0.09944733806665089,0.10474476929897086,0.09963857681263577
2.1921921921921923,0.10032752587620544,0.09607349786529241,0.10361541825976106,0.11019304398027996,0.10491590272087545,0.1093353494074931,0.09125554307814748,0.09940266367205396,0.10495170598415336,0.10030623980072187
2.2022022022022023,0.10022358717217428,0.09590136394263496,0.10422083492626923,0.11194118268311806,0.10481395966522819,0.10799890651689445,0.09151828348360391,0.09911997867276061,0.10507629126584137,0.10058094737465334
2.2122122122122123,0.09874230328255673,0.09586283914018158,0.103643120312266,0.11292531698259536,0.10610633505446711,0.10811947970011629,0.09110068322479936,0.0992585861702587,0.10430453858344838,0.09965757357985316
2.2222222222222223,0.09953514522614967,0.09612595951474485,0.1049969812790117,0.1135163137078922,0.10741731606353346,0.10805412461564369,0.09136771530329788,0.10109682633702786,0.10428182472897195,0.09953568640159415
2.2322322322322323,0.09929624038007577,0.09644383392617993,0.10486722384077357,0.11441474640721322,0.10646310724218105,0.10736878861559868,0.0910935286780089,0.1003756296131974,0.1042245787130242,0.09946429523546281
2.2422422422422423,0.09825207196661348,0.0967487523818759,0.1047947237491848,0.11600009402328713,0.10657830038372659,0.10847843737189831,0.09098667280322527,0.1002046786015578,0.10404172077478069,0.10131856505955913
2.2522522522522523,0.0986652604368868,0.0971840683534683,0.10483723403215539,0.11647789930736194,0.1073819573200416,0.10666315737668923,0.09082768154300293,0.09986538558180404,0.10565853697212368,0.09987784424424594
2.2622622622622623,0.09929583495308032,0.09570027317390507,0.10507594847318916,0.11604908091545049,0.10711042785393314,0.105970463746497,0.08991016172702107,0.09881812781590887,0.10753653594526796,0.1002991245214387
2.2722722722722724,0.09848016197955255,0.09536022693589784,0.10580518945067117,0.11692650702085937,0.10683466864644126,0.1062072630290273,0.08956462300167872,0.09965225989016661,0.10803624839381541,0.10202035532310803
2.2822822822822824,0.09750905176746447,0.09581531856873114,0.1059004299802226,0.11722913787348431,0.10722089462260206,0.10605158364810509,0.08923207185106388,0.09971286630474256,0.10850004240604488,0.10339432136006751
2.2922922922922924,0.09784766183248085,0.09577684832553436,0.1064171847005354,0.11807145887539865,0.10612924362893272,0.1051991039822449,0.09086082791333457,0.09930322817995425,0.10735852572137536,0.10393975112185318
2.3023023023023024,0.09848278649169313,0.09545586758710925,0.10656334563081553,0.1174034799758707,0.10603928731624761,0.10494471482057866,0.08993462549993922,0.1008139220036245,0.10828654374196342,0.10472870829584177
2.3123123123123124,0.09826397321730519,0.09561740982803274,0.10675651126663843,0.11729406963559116,0.10530348809250367,0.10420073095679476,0.0894687374756396,0.10034275303635498,0.10812132883692756,0.10569265539742886
2.3223223223223224,0.09746033590545002,0.09696389397317096,0.10740857160952276,0.1169005267653076,0.10645122792259998,0.10305940590890696,0.08942318010110048,0.10065890996573973,0.1072964472462974,0.10545980142081951
2.3323323323323324,0.09695272820647091,0.09724169741955632,0.10827362206012711,0.11736350227235738,0.10581076811231724,0.10413332366406837,0.08819618027851014,0.09957264609012621,0.10765924467148265,0.1060906825721046
2.3423423423423424,0.09666487519520275,0.09705320698436792,0.10956687959845363,0.11910345769154233,0.10534319397792982,0.10481173731795684,0.08875401334561438,0.0983525212372916,0.10639356707641649,0.10698474429307962
2.3523523523523524,0.09635657418853821,0.09794208197423046,0.10887759864898465,0.1197517060773029,0.10462139649856629,0.10521846736853027,0.08892603898713887,0.09775725359818392,0.1064484056833788,0.10787056522988814
2.3623623623623624,0.09634671851964025,0.0981017632381033,0.10895587022223159,0.11994343559448335,0.10563779188486189,0.10415184764901168,0.08873193475658565,0.09690924737373002,0.10618401854067731,0.10732805288551565
2.3723723723723724,0.096684856683259,0.09809000721926718,0.10972357281933547,0.1204688923372974,0.10535078297276583,0.10442371604345821,0.08949450164049097,0.09707496096147399,0.10659464802458288,0.10671043824576222
2.3823823823823824,0.09657517341638415,0.09860006708460183,0.1091413324900611,0.1212700105895564,0.10446393136709604,0.10347963369620138,0.09009667574631294,0.0972524568277756,0.10687248476507158,0.1072960851970575
2.3923923923923924,0.09678906486958583,0.09850681414960488,0.10806558799663611,0.1221817036658783,0.1050692811541136,0.10379173234844773,0.08891331365444699,0.09821240321628738,0.10717741034931852,0.10682311534318809
2.4024024024024024,0.09757871877478096,0.0986708243566978,0.107902427648501,0.12130173291523103,0.10446538833389479,0.1029852416338563,0.08946574221220345,0.09826715652952482,0.10746893409350664,0.10702538357186918
2.4124124124124124,0.09669581925945563,0.09855042773706782,0.10656079710714941,0.12142983133686944,0.10449109925525901,0.10251488381187164,0.09085256762088831,0.09774117947494668,0.10694316483474213,0.1055967507890106
2.4224224224224224,0.09755647428938119,0.09817788471286464,0.10531506537049373,0.11945627524080739,0.10533766852714901,0.10376510539725266,0.09057384900902919,0.09676474326549536,0.10682115606839347,0.10604240372418063
2.4324324324324325,0.09815373769624158,0.09885972314838451,0.10500820707334349,0.11917053558002501,0.10518981716460764,0.1042678265211181,0.09075991748840231,0.09644471533419592,0.10655664229570619,0.10577599087980216
2.4424424424424425,0.09753980396867887,0.09981910780973338,0.10505033675384652,0.118367316695994,0.10511075887013564,0.1053691207402641,0.09100883637566395,0.09724816479421405,0.10629858728540023,0.1056485555109445
2.4524524524524525,0.09763133277105593,0.09955008346900708,0.10458573837591449,0.11914024145249245,0.10519260466623755,0.1040381335930837,0.08958663259595599,0.09658012791063186,0.1059055768834365,0.10743095860904582
2.4624624624624625,0.09786367887400714,0.10039073223342151,0.10492169863033689,0.11853494185085699,0.10610862193052069,0.10398669753246831,0.09099004653863747,0.09710338902623368,0.1064202820598575,0.10761958522236192
2.4724724724724725,0.09735565873754916,0.09931744434761688,0.10550304408927612,0.11860595263961214,0.10593969251372944,0.1035908910664562,0.09118485838697431,0.09693006311073156,0.10576408018381232,0.10739133196302907
2.4824824824824825,0.09840392347967704,0.09968778213759384,0.10577788280004366,0.11741394705313488,0.10546729144735968,0.10426621125993961,0.09109801645189317,0.09722980099277992,0.10739230300451742,0.10733370163335218
2.4924924924924925,0.09744071492282588,0.09998046779350574,0.10606229912014166,0.11857174696523116,0.10563221753192327,0.10434593792451125,0.08949765334052273,0.0964279819316522,0.10666717401738976,0.10650852442732416
2.5025025025025025,0.09884533569489849,0.10009199379566489,0.10541015270216265,0.11842478816137272,0.10723326795294749,0.10601249641934885,0.08849911225118867,0.09804789974331389,0.10552957150988253,0.10577953165300889
2.5125125125125125,0.09848145233303318,0.10210191593038795,0.10414786777226213,0.11870690323218534,0.10585705954213986,0.1057226509934715,0.08822277345450254,0.0974848164389919,0.10623862071963838,0.10528462061222929
2.5225225225225225,0.09859535429731403,0.1027566268361349,0.10579577663529473,0.1188901897431624,0.10540909757934473,0.10551249112284548,0.08767129607564796,0.09837600677543921,0.10638684427624026,0.10602337805939409
2.5325325325325325,0.0991280429682214,0.10161311811406938,0.10618421634564966,0.11883509461264954,0.10608598733724922,0.1053756979032667,0.08742658470688339,0.09742980158117812,0.10520278270195628,0.10569805654870959
2.5425425425425425,0.09959785845374218,0.10183305296654492,0.10570636216954213,0.1193402020316572,0.1078621983586236,0.10247665684175357,0.0875477735014003,0.09617323125038021,0.1062666702342748,0.10453898201354833
2.5525525525525525,0.09916974912653187,0.10310907324424735,0.10538924439171846,0.11762075364958056,0.10690000634337704,0.10138011281256003,0.08702674301554364,0.09753630063404786,0.10555227190137186,0.10368913227023221
2.5625625625625625,0.09942738276748954,0.10284075607339054,0.10593090607620187,0.11849647507066664,0.10644492371127517,0.10069162955440611,0.08651405362414316,0.0982223121257786,0.10631941739127278,0.10459919400641057
2.5725725725725725,0.0998742191156986,0.1032182671991773,0.10580907554062043,0.118716181244786,0.10541064563915635,0.10038993152661344,0.08603025313378863,0.0975166285054679,0.10559067436626848,0.10380482763310195
2.5825825825825826,0.10011535435756615,0.10404246822298036,0.10735675030441563,0.11739129616171129,0.10578719004370869,0.10106804784021683,0.08515136645036551,0.09698365217533107,0.10490684034955707,0.10520805161529131
2.5925925925925926,0.10096163460795694,0.10291567309079781,0.1071366939090387,0.11798818462708419,0.10431510085884331,0.10073945667909366,0.08555558595258274,0.09715814792753401,0.10424169622575935,0.1062905215520438
2.6026026026026026,0.09927459940183667,0.10284482464551274,0.1075263259479614,0.11795240156369698,0.10476247553400164,0.10088055916988893,0.08540776559046771,0.0974209169565942,0.10417681408789362,0.10678433040033042
2.6126126126126126,0.10005886853903091,0.1027124037759238,0.10613043984388225,0.11740361041952556,0.10484744083068286,0.10121538652933734,0.08621933205614872,0.09659541772944504,0.104360966599489,0.1080178605934459
2.6226226226226226,0.10036327910585169,0.10372760811645829,0.10596466667447939,0.11624193769899742,0.10390396415536492,0.1016558703128379,0.087244928024324,0.0962644757592172,0.10451166138023406,0.10821220569754522
2.6326326326326326,0.10092415597206564,0.10265028625236414,0.10592123753921281,0.1169020784772075,0.10471932319786517,0.10033694522880635,0.08686278862400244,0.09617403827595566,0.10458292857126035,0.10799983455177746
2.6426426426426426,0.10027372210063741,0.1022366538127227,0.1049685063933576,0.1167400697857301,0.10351869230406703,0.09988481676048415,0.08602534815489861,0.0951209757267936,0.1045563871004159,0.1071697505622746
2.6526526526526526,0.10042014206430577,0.10138800865372727,0.10486225944104116,0.1162653198009172,0.10418359390602605,0.09954409996307344,0.08562748150352394,0.09579089251832883,0.10495670679062495,0.1058857466148368
2.6626626626626626,0.1008101292417882,0.10121511502725086,0.10353658537387628,0.11549565645142627,0.10303834773776031,0.10000664228740552,0.0868538432511834,0.09607846312600508,0.10473783194451583,0.10557155010967012
2.6726726726726726,0.10144062426998045,0.10061880251772677,0.10442404154813217,0.11473124717407414,0.1024302079530926,0.10067060153595718,0.08652415552062882,0.09620509772857064,0.10559208814286689,0.10569899329312944
2.6826826826826826,0.10180641723934404,0.10001467734446863,0.10293449967609429,0.11398389260242706,0.10112087766245675,0.10081441197117033,0.08620970411541232,0.09654607243010753,0.10545504518152292,0.10593894171839251
2.6926926926926926,0.1015756884314832,0.09898484563103564,0.10370659271645227,0.11245194184209803,0.10185336886797099,0.09977051945259835,0.08609709187817538,0.0966611422483558,0.10511903364277578,0.10615165088720603
2.7027027027027026,0.10168558642751316,0.09933917576310365,0.10330546618797842,0.1124724065277423,0.10104316773160651,0.09870488681963929,0.0873721127792191,0.09606002944200721,0.10607375793833249,0.10516168741600462
2.7127127127127126,0.10112506986297216,0.10069823693666169,0.10319499370321428,0.11147542709983334,0.10168902414804813,0.09843615487434108,0.08766283028073453,0.09623399005865602,0.10527468863141314,0.10409377824713821
2.7227227227227226,0.10173653021378536,0.1014546888506998,0.10116777695224421,0.11136697597507085,0.10142356086557777,0.09786768134222203,0.08719029506473516,0.09734156297605644,0.10441729358917405,0.10418492956347875
2.7327327327327327,0.10110432353912494,0.10347678514597093,0.10052624068308832,0.11165178567145613,0.10164935114780142,0.09810646502255478,0.08767736384789172,0.09718400535042424,0.10458304634386455,0.10392490724054294
2.7427427427427427,0.10115782931754447,0.10326851615128342,0.10072917004227665,0.11138777676934554,0.10293544503934375,0.0986810590375477,0.08651595027090661,0.09784879534768919,0.10291614945151409,0.10447148249597549
2.7527527527527527,0.10189458699269083,0.10380521304638841,0.09996192822555422,0.11205154301483244,0.1025267296763592,0.09988108948329259,0.08703340520846793,0.0986101378708998,0.10282367768387239,0.10547820686871784
2.7627627627627627,0.10192742721301931,0.10349735614028147,0.10008433664997933,0.11167866586583988,0.1022345253476321,0.10002073640946374,0.08647093644710285,0.0982683532818789,0.10274307184548884,0.10538045369283337
2.7727727727727727,0.10247700737514143,0.10299333872536692,0.09872006553662015,0.11328956884799242,0.10240963102854238,0.10022598621433453,0.0853880327994838,0.09824091844594285,0.10422589090029398,0.10450025236118655
2.7827827827827827,0.10372451999300006,0.103950728850623,0.09785738189543808,0.11299370584780448,0.10291243771293133,0.10120054460053275,0.08478150219343787,0.0978851157959497,0.10483634079112121,0.10519975602156098
2.7927927927927927,0.10238217173848672,0.10441054475875597,0.09765048823356408,0.11307382246766678,0.10185145405447284,0.100285378657776,0.08605752529639088,0.09733493552692114,0.10444055829075345,0.10530694327391875
2.8028028028028027,0.10227582625871114,0.10383242809366398,0.09677578308189207,0.11294113680762992,0.10040932747246717,0.10017251348088467,0.08678077345840395,0.09768959642106512,0.10392405191986405,0.10629495620723733
2.8128128128128127,0.10116816174284227,0.10376224118525737,0.09616229966327282,0.11296590193312062,0.10082972897496428,0.09875081780101308,0.08665443510623196,0.09666393600506036,0.10436682888682183,0.10825216518707935
2.8228228228228227,0.10202348949053204,0.1036269847958839,0.0955261022825839,0.11286940658895833,0.10079496224507561,0.09762732586315656,0.0871721330522192,0.09637871994049864,0.10403580553507646,0.10857918966285889
2.8328328328328327,0.10239176303397118,0.10563266991712932,0.09677294208352223,0.11096310655405123,0.1008745511830284,0.09685165836389972,0.08580050634105084,0.09648572514133004,0.10401008370207608,0.10855018894316108
2.8428428428428427,0.10229120153641648,0.10559065324840283,0.09643236410705736,0.11015634332161159,0.10001580025212678,0.0969222197262604,0.08635956724338738,0.09556769931373028,0.10382019214842507,0.10914814802143856
2.8528528528528527,0.10247446703884017,0.10506505550188508,0.09648370841162963,0.10957884118605284,0.0996212919297226,0.09809244358688426,0.08637337675336106,0.09522746628327243,0.10468401026473022,0.10918740772571663
2.8628628628628627,0.10238318693869093,0.10448729900438353,0.09627142988199658,0.11002163137190243,0.1000515396207516,0.09852999970345255,0.08624182914682295,0.09525659555570726,0.10508116895669735,0.10867203936091908
2.8728728728728727,0.10219042366669832,0.1059339208664171,0.09641107158000385,0.10959873357307745,0.10022864322577188,0.0985457525127237,0.08701189658071032,0.09509360622695229,0.1045335427307953,0.10787708253344608
2.8828828828828827,0.10265470444668988,0.1053608113301965,0.09556131931560968,0.10871359508239106,0.10005319411895902,0.0975863475186286,0.08791082619420829,0.09368287828987346,0.1032046179205768,0.10810626284035815
2.8928928928928928,0.1034818221124725,0.10478774158556654,0.0947285832848996,0.10911641991596398,0.09973734502112254,0.09854236824791845,0.08916282668567449,0.09400638255058316,0.10211404778047631,0.10829370602155641
2.9029029029029028,0.1033398802108095,0.10486506281728666,0.09395155260970063,0.10907552436535219,0.10024312650368407,0.09964364826122162,0.0895422837958475,0.09456230999278761,0.10195611049812955,0.10757162947997745
2.9129129129129128,0.10427309370756788,0.10428611091030787,0.09393187605724519,0.10928799398057076,0.09862315623107337,0.09900218538873223,0.08862036157026665,0.09384839920930746,0.10278269737919447,0.10639206181551016
2.9229229229229228,0.104363864694556,0.10337538178911318,0.09373879507780845,0.11111636648262116,0.09875676961696646,0.09903247644836839,0.08860819394289082,0.09368011875317966,0.10241114977441715,0.10647517028163346
2.932932932932933,0.10343600227119319,0.10437848221106567,0.0943919834281855,0.11076869384239461,0.09807376016945368,0.0973357465885932,0.08872398766516745,0.09379460992492347,0.1033844469974686,0.1055695226124237
2.942942942942943,0.10339559891939769,0.10461831790600247,0.09582589568451957,0.1107664327217017,0.09834372493551562,0.0982399133886392,0.08700383141752101,0.0944581849489189,0.1033968897977468,0.10494603264628455
2.952952952952953,0.1038796659015599,0.10475202870313417,0.09618761656920635,0.10900762249893067,0.09886427430422619,0.09825866790193222,0.08796503344029234,0.09464849210164673,0.10354155902297822,0.1049571202193099
2.962962962962963,0.10498768764892923,0.10486148501400808,0.09569863013303638,0.10847460455114938,0.09900620654042537,0.0973093789230924,0.08829813032002849,0.09502644745483887,0.1032166351441496,0.10491849010227987
2.972972972972973,0.10525657011630854,0.10551400350041845,0.09704321258810213,0.10860639008378735,0.09933075462200967,0.09802286983661317,0.08807310981234857,0.09523302046405459,0.10410042177600526,0.1045294600062585
2.982982982982983,0.10419505803976126,0.10606689734051752,0.09716583737087639,0.10949042055805085,0.09971229140254442,0.09866005305797551,0.08757241722648737,0.09541518138273355,0.10371321632171844,0.10380052682245357
2.992992992992993,0.10443500945877839,0.10641234349901063,0.09739876199775706,0.11034621715755957,0.09876893180246449,0.09837696375555961,0.08676496586389909,0.09573024095326982,0.1033464331084436,0.10288173638691561
3.003003003003003,0.10275591948821101,0.10678182117370216,0.09728632590307743,0.10925007612027593,0.09830531946595539,0.09945201332484176,0.08674012992241323,0.0957180505343525,0.10333143748835007,0.10271496081506046
3.013013013013013,0.1020041981420686,0.106965127507768,0.09738598563237494,0.1098186987539856,0.09942297854222835,0.09918519988560884,0.08632726897488284,0.09587125788150613,0.10370578707929368,0.10278754473321904
3.023023023023023,0.10261561283640057,0.10724663228865021,0.09749723683244713,0.1103805294881111,0.0981195971721112,0.0993995800383906,0.086421129173791,0.09575725382392662,0.10383816045394613,0.1040684122269928
3.033033033033033,0.10164515388988937,0.10598684346269331,0.09787642154897735,0.11003961595074445,0.0982175641435998,0.09955802982166889,0.08652340181496124,0.09593735922162859,0.10438345241658539,0.10350436265475203
3.043043043043043,0.10254158746968273,0.10760926944769679,0.09722130066333001,0.1111529922256425,0.09809658870944205,0.10005201792532306,0.08749118047843545,0.09676346239951537,0.10498822779818658,0.10256799061156391
3.053053053053053,0.10070753281104407,0.1070746669207258,0.097060245092854,0.11106794776211439,0.09762489737220964,0.10002448812567634,0.08689746644680893,0.09646507219417202,0.10430409237947195,0.10174750726457535
3.063063063063063,0.10080683121561457,0.10810213783980577,0.09769457161076026,0.11183007694417016,0.09728879887476036,0.09908968774025727,0.08704991773056947,0.09649595887398933,0.1045646886308515,0.10234403785555661
3.073073073073073,0.1002113632431965,0.10872433902956427,0.09806233314792767,0.11090970201059883,0.09643692339136493,0.09923839178686936,0.08705678541718212,0.0965208078779504,0.10439601150852702,0.10066174862881837
3.083083083083083,0.1005530664943971,0.10854986027122053,0.09710562780433026,0.11134055273921821,0.09681097578345979,0.09892424537065048,0.08680704467123736,0.0974185517860427,0.10582955257446014,0.10091211877049519
3.093093093093093,0.10101118626044601,0.10800012372940357,0.09694632907674283,0.11116841724558713,0.09694018434406512,0.09929954327305068,0.08761820128123396,0.09774457541183627,0.1053165939678331,0.10099896022451255
3.103103103103103,0.10178801619546002,0.10873443382831498,0.09588699138076634,0.11040844448947686,0.0952795351583282,0.09873454147261321,0.08738797610885449,0.0988774078348447,0.10636364904885807,0.10026116241636786
3.113113113113113,0.10201598216473685,0.11066023243514782,0.0956718686276149,0.11162397746041236,0.09560953213571571,0.09805014166736824,0.08805664648365218,0.09834572254399727,0.1064138396620645,0.10196007801392745
3.123123123123123,0.10164642857982131,0.11079026685674204,0.09514689884322623,0.11256969077905288,0.095749973810453,0.09867221741188414,0.08884218663934419,0.09709248133233757,0.10555227089748884,0.10189469689816621
3.133133133133133,0.10197957450256598,0.11212276068755225,0.09494278605548381,0.11217373771901995,0.0957444034936024,0.09823849561329674,0.08985724194506936,0.09726644913497583,0.10534274538029187,0.10164084961970268
3.143143143143143,0.10140679830028929,0.11168788252240734,0.09437736268118838,0.11140456861867072,0.09460570052706718,0.0982415089162705,0.088292144433557,0.09637229904932688,0.10513309444606143,0.10369224764683356
3.153153153153153,0.10028409712027786,0.1112374548473165,0.09382259167161143,0.1106595403231894,0.0953514101194437,0.0979858657911858,0.08903790871020498,0.09589526220993709,0.10526550373144683,0.10342455152183573
3.163163163163163,0.10000915533318502,0.11196855439263434,0.09463311061627648,0.11066144664141342,0.0941143808534774,0.09783273931135143,0.08854847646304415,0.0944807266878673,0.1055967785234728,0.10322373291441056
3.173173173173173,0.10236889452460139,0.11197545679334384,0.09572740213957683,0.11058229522663579,0.09389541673329614,0.09733127069915103,0.08904437727459401,0.09373829015362752,0.10710653896138568,0.1038016143193058
3.183183183183183,0.1022168267388178,0.11193902113874864,0.0947974105250616,0.11054835690535793,0.09363908735029117,0.0974196694344548,0.08867514549280076,0.09240101379390803,0.10784487356781011,0.10442042578316067
3.193193193193193,0.10269214447394182,0.11101147785614829,0.09492826613969278,0.11029280192579828,0.09455286022068876,0.09747844706358023,0.08827444891532102,0.09257035563355014,0.1083267348110944,0.10481925226671336
3.203203203203203,0.10310001788541856,0.11077462070238515,0.09497772910416874,0.10991637069277423,0.09411307402730823,0.0972423875986362,0.08766950151005236,0.09136039276525294,0.10793231059217262,0.10366128251412851
3.2132132132132134,0.10334778366348812,0.11247766595648294,0.09602862258656718,0.11089099095225775,0.09489602269561224,0.09858582534161588,0.08688981596627425,0.09091123341329174,0.10943225438846851,0.10467087868042622
3.2232232232232234,0.10238606901095493,0.11188255784122464,0.09653599719974836,0.1115342601402878,0.0944847309317391,0.09868916859834007,0.08687399700098417,0.09116571073434009,0.11086607839722826,0.10484113626472534
3.2332332332332334,0.09986854244661478,0.1114171984736711,0.09721419485617,0.11153321331240437,0.09398566188168883,0.09906342669401355,0.08784092402135778,0.09123189772071137,0.11090642611514065,0.10465635679146305
3.2432432432432434,0.09906287443311922,0.11144069692549957,0.09720459410076111,0.11272151915580506,0.09361968351532686,0.09933164022683577,0.0870950667631262,0.09061737882043612,0.11081678549480693,0.10476241561504517
3.2532532532532534,0.09931553561891282,0.10953270916529986,0.09746681409040871,0.11442787445423219,0.09398200547200122,0.09939543053768016,0.08665583310420723,0.09114761136944789,0.11202155981764184,0.10541439483546433
3.2632632632632634,0.10050083566049695,0.10974455344294634,0.09769379832243634,0.11355963501634021,0.09469517325950128,0.09972299441911174,0.08732653438319529,0.09073755597968274,0.11214931459952959,0.10531259401431824
3.2732732732732734,0.09997185712854516,0.11014797580968076,0.09839502128277637,0.11337655238862779,0.09484902107403444,0.09950981628412038,0.08691338557446884,0.09209225413996304,0.11218991187368775,0.10513031820988876
3.2832832832832834,0.09980436204203627,0.11032202528732621,0.09989457023546765,0.11285214047221799,0.09412672103883121,0.10034208862467664,0.08575623818484127,0.09171005851934132,0.11121244839941358,0.10491062965610556
3.2932932932932935,0.09874745678944796,0.11017704713116683,0.10043450497698075,0.11232421073817496,0.09318450794909182,0.1007555487633175,0.08587832014329393,0.09122163480779155,0.11114241209048367,0.10550223545839985
3.3033033033033035,0.10062036023651669,0.1104019042945647,0.09880648153708949,0.11180261209840918,0.09412559788155209,0.10013082159234797,0.08598018373815926,0.0915841676846176,0.110518267959827,0.10421955834657924
3.3133133133133135,0.10105449653740077,0.1107769177677292,0.09828337584691194,0.11212001213756607,0.09481167480148442,0.09936553449609457,0.08645945352516964,0.09188983871101612,0.11027332216460184,0.10343391610796825
3.3233233233233235,0.1007822924949845,0.11119006998162656,0.09815820641555936,0.11267125036374417,0.09451885793265746,0.10004302655783523,0.08720257855517755,0.09301681952551583,0.10993151935327594,0.10267057185595663
3.3333333333333335,0.10139966898283433,0.11215102684361973,0.09729192218698943,0.11307938440875459,0.0941775389672575,0.10003058050469486,0.08598649810446717,0.09305649822571574,0.10828053134281938,0.10318892765379882
3.3433433433433435,0.10178841917511011,0.1119685183110506,0.09672916083749636,0.11318629850705765,0.0932367455986573,0.0998081764642748,0.08668498661458249,0.09332855078892507,0.10777923973769785,0.10290251320464022
3.3533533533533535,0.10154963725471121,0.1126431529320845,0.09553548292304155,0.11376065311715323,0.09423709796151711,0.0998535398832793,0.08662115067381582,0.09399788683304927,0.10673270231356968,0.10183836642207557
3.3633633633633635,0.10181787062500529,0.11261924150134983,0.09492353964780703,0.11362179209833517,0.0936296315452052,0.1010813009433674,0.08764446894457763,0.09408155643750414,0.10748411662179673,0.1021097875711582
3.3733733733733735,0.10244150738611166,0.11264806296182119,0.09505528270527638,0.11348000591486702,0.09408172552809548,0.10199589655682247,0.08882030055156269,0.09319813806051504,0.10653497978964964,0.10230209187491379
3.3833833833833835,0.10083787080234029,0.11254604647535914,0.09535758377358326,0.11272986993253929,0.09500161489445007,0.10043210254561556,0.08931563116457657,0.09303193042353378,0.10735884349029753,0.10298748661812342
3.3933933933933935,0.09949318114097183,0.1112334782015069,0.09578016950202202,0.11315307771209886,0.0947929834047584,0.10125784673882474,0.08854842170983097,0.09461088653197001,0.10779222049290144,0.10240476811510986
3.4034034034034035,0.09949978893160058,0.11078381568965835,0.09689329361393317,0.11310034243238373,0.09380133391530102,0.10162051143417739,0.0882529843490404,0.09482757678653099,0.10954053837985689,0.10351982844503037
3.4134134134134135,0.09983780492624947,0.11031028707318176,0.09718310584538824,0.11303816872617979,0.09470904515008054,0.10127804315810256,0.08820504138924616,0.09388384459354618,0.1096599782545482,0.10426349032794197
3.4234234234234235,0.09963322572849502,0.11013074753359824,0.0974104651410371,0.11288748341324832,0.09456103073302523,0.10172319004785489,0.08771054729926327,0.09422533527389552,0.10962337123091885,0.10343222151615095
3.4334334334334335,0.1009719772041446,0.11081268284347283,0.09653476452626353,0.11151741792226261,0.0957336502884205,0.10176960863244468,0.08819611390632372,0.09349420064421171,0.10936458316282388,0.10233917254358571
3.4434434434434436,0.1012981255980824,0.1104788669602382,0.09721250767198354,0.1106469697365221,0.09599773112872338,0.1018977416087985,0.08874480749130793,0.09369903115996235,0.1097838445780796,0.10300228541766346
3.4534534534534536,0.10080154862332166,0.11098035990234703,0.09595659930741232,0.10891819288552307,0.09629770229779408,0.10217995389970488,0.08997700942961213,0.09433016988856506,0.11035877612370044,0.10320501393757753
3.4634634634634636,0.10065315654945683,0.11147764266048198,0.09587048286450066,0.10886834613121886,0.09561494194880063,0.10253593879521282,0.09099214955544556,0.09434775934633317,0.10957461996848267,0.10350692114469504
3.4734734734734736,0.10007174588935468,0.11047497353421117,0.09556029360859854,0.10919640905197617,0.09642835993725847,0.10253127782913692,0.09191128282647133,0.09402072627130813,0.1099425892363943,0.10402567412557669
3.4834834834834836,0.10024185333289207,0.1093795641488573,0.09565728314493685,0.10957680292769399,0.09751655945622151,0.10425195811748082,0.09066249143154125,0.0936167715739747,0.10958087693475965,0.10327685429246006
3.4934934934934936,0.10067654008210934,0.10902564294787138,0.09592631222464791,0.10968940080278626,0.09666594837177774,0.10398898487487067,0.09183426408344525,0.0938512915234561,0.10934459685352262,0.10440159827390114
3.5035035035035036,0.10131080251164759,0.10941042306053263,0.09478185654943112,0.10915582848213112,0.09618689068261121,0.10295152494703744,0.09293555378117466,0.09473910156505773,0.10969261619951408,0.1054940873134423
3.5135135135135136,0.10189943540369685,0.10994182612320942,0.09499214754051888,0.10843945972344098,0.09660243606706058,0.10391224239894091,0.09242920942746957,0.09489307604091601,0.10911563017769321,0.10527266331665161
3.5235235235235236,0.10103636202570217,0.11087049946901563,0.09546594984659978,0.11003260764373296,0.09603698504353593,0.10450537295985984,0.09195130599844072,0.09432247626425383,0.10814353496051451,0.10614522238587219
3.5335335335335336,0.10153062685740409,0.1097404922662257,0.09569974907264096,0.11034520854140459,0.09712953492609455,0.10641805692304493,0.09143156530578783,0.09319353671866873,0.10660551097545454,0.10640923781224303
3.5435435435435436,0.1007897326468091,0.10957628185629345,0.09593189642998554,0.11018450216977403,0.0970202604825795,0.10613183200672997,0.09142978303626156,0.09324107852558358,0.10574969745892397,0.10612495449278549
3.5535535535535536,0.101140633468417,0.10927254857956123,0.09480304526563796,0.10976058843591102,0.09718600541726066,0.10537826106026302,0.090074695816886,0.09384881836565974,0.1061714988317592,0.10698628788029567
3.5635635635635636,0.10013153834067665,0.10973746427844279,0.09497123613175881,0.10892285866690554,0.09904744629726617,0.10482317868096577,0.09135781841292101,0.09401801815888743,0.10685077497384844,0.10651739563791042
3.5735735735735736,0.09912375272904016,0.10975417460674973,0.09445337683424913,0.10811440076876383,0.09918813524865248,0.10568938217161904,0.09073835816540919,0.09445430005836096,0.1077917673574209,0.10618306666920477
3.5835835835835836,0.09930230566229187,0.10987846237960905,0.09403232599437497,0.10825748137722581,0.10080244560449683,0.10574934391399085,0.09048862557699834,0.0956747402535509,0.10870042692176862,0.10486414811412732
3.5935935935935936,0.10021959922454927,0.10998512811332056,0.09388180006207275,0.10935627008200022,0.10053563249793082,0.10698092253478286,0.08918133766440058,0.09452994301018519,0.10719845408729274,0.105010770632581
3.6036036036036037,0.09937111027378415,0.1097965088437428,0.09452193124931148,0.10833585564709029,0.09971097405239289,0.10667908293454986,0.08891517789642765,0.09446728898334558,0.10712596785855394,0.10438283430819259
3.6136136136136137,0.10033206804203665,0.10985792786433905,0.09357533510858403,0.1097935561180788,0.09950954787755394,0.10605878734011304,0.0884299342265956,0.09386616344297496,0.10587429778574838,0.1052525666071396
3.6236236236236237,0.10064185490589832,0.10905473923610016,0.09410237601603674,0.10934929308026017,0.0994009077275533,0.10511134906145736,0.08885566148032245,0.09493191928506635,0.10727415472866327,0.10423821303746032
3.6336336336336337,0.09996033572963628,0.10924500105152851,0.09524797187208596,0.10857393495632735,0.09982967033824668,0.10538641068447219,0.08961601665480283,0.09498680405908505,0.10674994836312926,0.10432497245002549
3.6436436436436437,0.10040784420137798,0.10874639461617054,0.09666282309834956,0.10884545502284299,0.10064378031624657,0.10503064766450125,0.08868340653554253,0.09441710230424692,0.10720767951286192,0.10458038707676398
3.6536536536536537,0.10012273952323662,0.10771192194086804,0.09737117181834641,0.10901019696094709,0.10147823375451963,0.10470578084993457,0.08906541546519679,0.09492489019557339,0.10717328827828515,0.10482458538984434
3.6636636636636637,0.10068985774804647,0.10912848277210173,0.0986393823261896,0.10771518870522882,0.10115393141628824,0.10437203585946893,0.08989106037868551,0.09596574257734417,0.1075550404722229,0.10453762698967044
3.6736736736736737,0.09958571863518566,0.109890432114041,0.0990562027757117,0.10846131880171148,0.10207939998854798,0.1057864378231936,0.09060938532400761,0.09554553344962499,0.10810507557404449,0.1037686963904843
3.6836836836836837,0.10002465392088654,0.10987306868772631,0.09784274043013526,0.10866916191323085,0.10148166625289304,0.10536956085476078,0.09075075313635533,0.09481231821493154,0.10771196196658647,0.10363954414606016
3.6936936936936937,0.10135207394972601,0.11001615314595257,0.09666089143392251,0.1095178607330046,0.1018333639507274,0.1057301415873367,0.09140546056540033,0.09539835039787704,0.10817292977410917,0.1042373947838752
3.7037037037037037,0.10055572942248786,0.10985323478809733,0.0954941117549681,0.10971688474330177,0.10244997665656716,0.1033332430890755,0.09097107787358787,0.09634808483972805,0.10785903365480672,0.10432417599432368
3.7137137137137137,0.09953369492115417,0.10820013902709114,0.09577210666099319,0.10836349284592661,0.10168876855957815,0.10150614121319074,0.09156754970831643,0.09794473071810686,0.10817958307390672,0.1049366896453548
3.7237237237237237,0.09974794938298862,0.10883596621260286,0.0961625237392295,0.10723529202666189,0.10114148397841681,0.10115646335608608,0.09200536365202096,0.09645657039898356,0.10871317320478284,0.10497408297388287
3.7337337337337337,0.10050960919534581,0.10857762501870566,0.09678857014344679,0.10788240095476173,0.1009226639477237,0.10116399281228583,0.09243033951654782,0.0981013303688647,0.10880788561621751,0.10487676416474356
3.7437437437437437,0.10164616725646654,0.10833707911172394,0.09606351243182892,0.10761629229075435,0.10061570399349448,0.10139590161584604,0.09236177889106549,0.09974873289429073,0.10860607285000345,0.10335960860818372
3.7537537537537538,0.10333112058095602,0.10801690263149089,0.09638694599893932,0.10815604786889621,0.1007700133663339,0.10192132296674203,0.09173987043902487,0.09965371081223472,0.10878305614646847,0.1033675256032603
3.7637637637637638,0.10264551989438601,0.10884247186778157,0.09486906639289823,0.10931504069653655,0.10065996521853449,0.1018242223188582,0.09173123312996613,0.10073851352408399,0.10870830946919575,0.10316333439543306
3.7737737737737738,0.10218595610655354,0.11001424739620855,0.09328579357178415,0.10914551462035574,0.1009314664608331,0.1013877037083951,0.09038603833215648,0.10218878338217771,0.10916776933992547,0.1022525997912786
3.7837837837837838,0.10230605605127331,0.11051050970980682,0.09342241501236812,0.109217257343273,0.10059486159119409,0.10120755098054958,0.0901878335510037,0.10236347326558894,0.10890168505879151,0.10163869325958452
3.793793793793794,0.10285850941401448,0.10962273335894347,0.09343840707638361,0.10866040202717736,0.10096276421643688,0.10215686878274097,0.09080856180295539,0.10250190757691408,0.10834464168429411,0.10223233603994421
3.803803803803804,0.1032626591148411,0.10988454917896524,0.09386158858156772,0.10768936795205677,0.1000316499868852,0.10271339627477989,0.09185597828776791,0.10342558463093723,0.10839660428477854,0.10111487769477397
3.813813813813814,0.10421535258365464,0.10966349145794592,0.09527020326075462,0.10857093088100793,0.09862467638961128,0.10349402425161447,0.09221094806908954,0.10305775012802092,0.1080964611270772,0.10160878940093716
3.823823823823824,0.10407854185049237,0.11025343844174038,0.09640185330835378,0.10854000478872358,0.09803461036764877,0.10385312493259666,0.09188952626398551,0.10319300361381681,0.10794388043811147,0.1016204286693338
3.833833833833834,0.10399844489060031,0.10958306524449468,0.09558149257399166,0.10863796374240593,0.09927566459104067,0.10268110834296161,0.09273677889728311,0.1034377537951206,0.10801601572437353,0.10241333152992807
3.843843843843844,0.10375421026378555,0.10960866525539943,0.09529951164514217,0.10915203759382444,0.09814471751658439,0.10168880249964887,0.09221489905093845,0.10307050721660617,0.1075377440876501,0.10351009950643922
3.853853853853854,0.10313034130871725,0.10913139053298246,0.0946948622916878,0.10857833201227098,0.09736352435171657,0.10306756595240618,0.09180950362062361,0.10251582858564665,0.10688329552496492,0.10217547808456781
3.863863863863864,0.10322058316022897,0.1089559534721059,0.09388119496796461,0.10794967188434978,0.0979396932239307,0.10376683723830117,0.09123724569762706,0.10090166995477454,0.10659293242834245,0.10277029630038419
3.873873873873874,0.10298339973938393,0.10921271094892858,0.09359527134324544,0.10781944932602339,0.09777910046833016,0.1019114950126792,0.09116914146808525,0.10081926313972639,0.10627342709336764,0.10342389609522476
3.883883883883884,0.10364376573317018,0.1096399198777234,0.0925055861975218,0.10727503244223066,0.09779083821396604,0.10233888913856308,0.09149589153871941,0.10029272108563107,0.1064939345158565,0.10274727920647868
3.893893893893894,0.10334091905474843,0.10981536578370168,0.09231487065485944,0.10707935627601813,0.09784634207212377,0.1015089883787474,0.09295334004457964,0.09980761963198789,0.10576071042821387,0.10261084980072772
3.903903903903904,0.10342504030457986,0.10984006522697488,0.092096834497288,0.10642265099913875,0.09802177449251004,0.10081279662549861,0.09202572819867348,0.099431269369135,0.10683586327628838,0.10196810089887522
3.913913913913914,0.10525862288353408,0.10945335311323909,0.09236228913401777,0.10615647688056021,0.09684988264936756,0.09933593260946522,0.0918369439100905,0.0981353485517007,0.1064402883226884,0.1015122471616978
3.923923923923924,0.10392432745884206,0.11012453632230156,0.09194906660725072,0.10675650120777684,0.09644463653509901,0.09854748332849525,0.09107618380438977,0.09715196461488168,0.10540518044747603,0.10245655041650062
3.933933933933934,0.10493725612677716,0.10964581024974536,0.0907795006466607,0.10598487158571916,0.09602265136461208,0.09885172945764116,0.0919870799664813,0.09615553645898274,0.10638375584349205,0.10325604389371196
3.943943943943944,0.10555960165851536,0.11013451583693447,0.09177688584445896,0.10582007319673932,0.09550668601869433,0.10005687787307344,0.092620367821839,0.096496260881867,0.1066094241954285,0.10437991217065089
3.953953953953954,0.10582957915198768,0.11104184816563753,0.09127553700949838,0.10509791823436046,0.09622346496008966,0.10101737712629394,0.09278579516676762,0.09588345814279202,0.10582400124272513,0.10568419535428435
3.963963963963964,0.10640456462094625,0.11053538622472905,0.0903980454309011,0.10472877034416506,0.09598640342626831,0.10014616654850914,0.09348890604604694,0.09669519883120181,0.10634767761457503,0.10537653292831962
3.973973973973974,0.10755395538671378,0.11094479006697881,0.09049329780490124,0.10448040935261353,0.09583763028663983,0.10046239256450214,0.09269002241242358,0.09780103793964419,0.10818746952569157,0.10459836805605827
3.983983983983984,0.10768167875817898,0.11004032027035335,0.09120453852787304,0.1043973830412906,0.09581456187415582,0.10003616172903486,0.09236789446314343,0.09843364025167932,0.10996328969216683,0.10523466452789604
3.993993993993994,0.10701902428174753,0.10905606704629661,0.09210978013982644,0.10404109382426012,0.0965694238126387,0.10059808596966845,0.09193687931810259,0.09787604307534876,0.11007961910624356,0.10520912322479012
4.004004004004004,0.10648806028782004,0.10915467330024069,0.09123147514243143,0.10442669121806177,0.09625132502025348,0.10184229267328218,0.09116735478293826,0.09870036027776567,0.11017519308898045,0.10623816454814207
4.014014014014014,0.10764823637767205,0.1093861677339867,0.09131130366158288,0.10514452127870981,0.0958409726720576,0.10276144287014975,0.09031332489097989,0.09923759695552102,0.10903945281534873,0.1049929227549079
4.024024024024024,0.10612202840204048,0.11034921064251212,0.09058134363849235,0.10399460935476973,0.09509520910938199,0.10410914426961053,0.09302539297646721,0.09846995186414764,0.11060076939252263,0.10514844790952642
4.034034034034034,0.1063569649223278,0.10987436580941551,0.08992308621940298,0.10407446709004496,0.0968060247138095,0.10484535229730645,0.0935122554576129,0.09835468571639319,0.11084827896100413,0.1043564140465879
4.044044044044044,0.10578127952661402,0.11098363452877699,0.08907697663742227,0.10370210252783098,0.09541003043430392,0.10391957722350699,0.09422325812548209,0.09841205861011623,0.11111857989342465,0.1052118760883308
4.054054054054054,0.10511333073756435,0.11064369999189541,0.0900979058367493,0.1043410650702201,0.09599463507827942,0.10337152330622168,0.09349480071888609,0.09849721286228542,0.11030940401960466,0.10515456132048161
4.064064064064064,0.10415200354190421,0.10965641845052711,0.08958844689304304,0.10319901449945193,0.09589903647687223,0.10321189282582753,0.09451603843679579,0.09841858508867131,0.11010119580568334,0.10528525752765075
4.074074074074074,0.10444999602276943,0.10887307488215218,0.08959391351633642,0.10372371744741245,0.09535994301511476,0.10414146105279169,0.09508907482608116,0.09802473345861779,0.11103783774257908,0.10549089428560006
4.084084084084084,0.10365092602553605,0.10920173618128573,0.08893299669795175,0.10356634267583285,0.09612064587449388,0.10421332713530093,0.09417450578046228,0.09863971408927678,0.11025464972546245,0.10487603679225971
4.094094094094094,0.1037672955569745,0.10972744021734304,0.08927518906737486,0.10452852103739536,0.09769663898022836,0.10354432490988122,0.09424402518562576,0.09837649944786071,0.11035764128763376,0.1055038683037666
4.104104104104104,0.1050523997854889,0.11064875288775596,0.0898443159895759,0.10431565234832466,0.09681794346047916,0.10285746241273731,0.0943312774882819,0.0979401754507795,0.10965902786393245,0.10538831657265711
4.114114114114114,0.10511683779829561,0.11034305168949976,0.08817842529268621,0.10286086240276608,0.096443780986543,0.1026936694736708,0.09450091621798369,0.09660551521301877,0.10863450231763848,0.10510371140263443
4.124124124124124,0.10457627907310026,0.11043571990583237,0.08829801650059321,0.10240655851262358,0.09686686457155932,0.10418693854908069,0.09314720522478682,0.09812010009735388,0.1086801815035068,0.10629805996413952
4.134134134134134,0.10461187400794468,0.11020406978547609,0.08824567119991389,0.10187531681453259,0.09732280005726678,0.10473189688532604,0.09225138782434815,0.09734139748329147,0.10783445040353057,0.10613722580691479
4.1441441441441444,0.10516398390611478,0.1097714551365591,0.08943898009015358,0.10168092014783109,0.09728782335735298,0.10487177434687385,0.0935310243107559,0.09778851464006247,0.10828930122030085,0.10678030129625428
4.1541541541541545,0.1052123703349444,0.10984716198190404,0.09081179958303766,0.10050167171342125,0.09634785721214675,0.10361326151893711,0.09446552588288148,0.0988622295027858,0.10817744640634727,0.10717505168880152
4.1641641641641645,0.10497917183862647,0.10982967418281234,0.09048662629009158,0.0998525974419982,0.09656276642399825,0.10336887416100045,0.09548758234552908,0.09880622523655656,0.10772302157121572,0.10752004922070614
4.1741741741741745,0.10495236575125838,0.10893837447503488,0.08996902625916599,0.10097997666751295,0.09755642022000845,0.10307779087163786,0.09595306322683536,0.09858864662223425,0.10699580694389726,0.107096635082366
4.1841841841841845,0.10503922354091583,0.10800268709859895,0.09035206104629138,0.10164763476196487,0.09717833363067126,0.10396446601016596,0.09560513504261624,0.09895384553858237,0.10672142611052714,0.10605872525341363
4.1941941941941945,0.10433865338482028,0.10698844039817444,0.09041529493850718,0.10149436602391744,0.09647748692951369,0.10298248918676943,0.09572002495989637,0.09922140263777551,0.10690031459047165,0.10584502787360899
4.2042042042042045,0.10268138003606192,0.1073534433544513,0.09214635485630443,0.10135182624211386,0.09768456490187336,0.10386874851815033,0.09511248416623634,0.09818927158252329,0.10744652863545127,0.10492532025484887
4.2142142142142145,0.10316537098780967,0.10637871063285949,0.09185730437351751,0.10116497376124847,0.09776615424920942,0.10349512780172719,0.09488577086110284,0.09853692187053349,0.10796498529047104,0.10476661759372097
4.2242242242242245,0.10259285629626186,0.10564171004141859,0.09130701116918503,0.10211255917136076,0.09764891914417217,0.10266067048826283,0.09511631099832404,0.09950320310638301,0.10703909277107203,0.10373170044199101
4.2342342342342345,0.10191545067994609,0.10603927058200195,0.09090575359309462,0.10163428101182671,0.09707287398627686,0.10346845445356267,0.0956659820501982,0.10086080302791987,0.10644905612600832,0.10405527889636762
4.2442442442442445,0.102385073234729,0.1064436720673063,0.08993806272763306,0.1019247610379472,0.09781096314381665,0.10288480507573741,0.09587220581141132,0.10059078644824329,0.10560745961848259,0.10195649453531294
4.2542542542542545,0.1028823834833377,0.10623536824341837,0.09002187585501438,0.10103345586151263,0.09749743625429393,0.10350739654662283,0.09618815276902366,0.10059214057605637,0.10582855123265769,0.10198890607117579
4.2642642642642645,0.10422705037815004,0.10608645035594358,0.09116035412599158,0.10133403241837327,0.0967774913415144,0.10434333355556032,0.09642813046814012,0.10147561216956312,0.10597569265351241,0.10097489350802133
4.2742742742742745,0.10367692360868214,0.10675781384097302,0.09170170939199795,0.10053225640803085,0.09709254780614586,0.10423628209039248,0.09578358889863672,0.10095322129445267,0.1049716627655486,0.10115064267591395
4.2842842842842845,0.1038832427162717,0.10522890963813218,0.09236924588851121,0.10025281062027548,0.09642385278846859,0.10530982790707831,0.09689308583852857,0.10063397477390547,0.10423641579429445,0.10304888940948857
4.2942942942942945,0.10486517241874513,0.10625066117798004,0.09340746417059076,0.10011505480156928,0.09680217974490372,0.1064952641862387,0.09651408674047877,0.1010489361602185,0.10375671884436151,0.10286992583088564
4.3043043043043046,0.10395386621210333,0.10573105803838313,0.09308121970377195,0.1012082940505586,0.09778717621350243,0.10697725074977459,0.0966906992278122,0.10157464154707356,0.10314895439981923,0.10267473518330318
4.314314314314315,0.10432805853374488,0.10542638907039814,0.09279518661932336,0.10016193133404873,0.09795078125394568,0.10793341708534575,0.0960999113793741,0.10221914899405074,0.1036298461018467,0.10174408566996511
4.324324324324325,0.10420673090409377,0.10566920895523015,0.09332190074749051,0.09943679454055622,0.09814996787720036,0.10792889570771648,0.09477503295426225,0.10256081706268978,0.10335501043574419,0.10176939511052525
4.334334334334335,0.10456903375531433,0.10440589529042318,0.09295144381387876,0.10025075121073788,0.09765040442358629,0.1077515296584431,0.09413523483332507,0.10280937561918786,0.10402238655193953,0.10132252122570379
4.344344344344345,0.10441695765617168,0.1046989824214984,0.09246399779509754,0.10047203152348023,0.09780358217143997,0.10830247180227008,0.09338267437893998,0.10306515686527533,0.10324139134135626,0.1002217150592528
4.354354354354355,0.1065749724189749,0.10512867219270067,0.09222230405886071,0.10132538273637759,0.09825504583705719,0.10820658701787945,0.09489876818075976,0.10354480095609904,0.10298239013888885,0.10037159560138893
4.364364364364365,0.10737453701044793,0.10527374975509057,0.09174546962095652,0.10012966617273515,0.09913167513220404,0.10842281548785834,0.09600418651248857,0.10397115985023318,0.10407786549262674,0.10039323014909539
4.374374374374375,0.10764613124330208,0.10428188495395574,0.09188126227883853,0.09991065122296125,0.09815823641183209,0.10983713167416838,0.09560790089616934,0.10446052857271611,0.10500852437697777,0.10139468729125689
4.384384384384385,0.10907556849931827,0.10422739879914797,0.09198053238199974,0.10131444417138154,0.09842686836469433,0.10983503707877024,0.0953972772419119,0.10521699239690697,0.10591377304671798,0.10156332146176936
4.394394394394395,0.108869183584608,0.10465825346693348,0.09154713373464454,0.10091646298259635,0.09779287484039201,0.10940968687031159,0.0954945328530174,0.10580064026555966,0.10546129917985571,0.10054606534670198
4.404404404404405,0.10823486236746437,0.1045007221664042,0.09147088270994488,0.1012137174197966,0.09842788779189579,0.10969772846475503,0.09623345325228476,0.10649170411579885,0.10381135325915423,0.10048958641289486
4.414414414414415,0.10886297935720385,0.10361275364275505,0.09103160083747036,0.1002917522105731,0.09819700448429272,0.10982785162532384,0.09608307381581807,0.1068165605601678,0.10353360695124593,0.10002565948761258
4.424424424424425,0.10878444916289379,0.10296228666911687,0.09148004974120062,0.10030260907447211,0.09777873330329842,0.10967117516535091,0.09678593654428301,0.10596277316797613,0.10315610579491484,0.09844950862542272
4.434434434434435,0.10780569344812944,0.10314191302527502,0.09120398820270485,0.09826521023781752,0.095532966326838,0.11004488520652132,0.09739660289563135,0.10666399955354854,0.10252866447957115,0.09900176743344234
4.444444444444445,0.10795317832197353,0.10194297438960288,0.0907478952320999,0.09814591049274414,0.09510748178369292,0.1102277171577597,0.09732979944819976,0.10725722529488858,0.10244568881924267,0.09868188903317306
4.454454454454455,0.10806653346249116,0.10284211328714213,0.09179133325972358,0.09711767132494639,0.0960733137125516,0.1105541717021667,0.09623985082369264,0.10752482644260038,0.10180047756078921,0.09868693950725115
4.464464464464465,0.10807929573619839,0.10175582820878275,0.09234581924162208,0.09662505007849101,0.09599200668454581,0.11078375510692216,0.09636077069383261,0.10746657325752648,0.10075207163853243,0.09815100156001395
4.474474474474475,0.10805522771678726,0.10104320196208595,0.09293166568534918,0.09669114510882867,0.09711106891398026,0.10991166761604619,0.09539474570532579,0.10725561100740451,0.1015121921279651,0.0976769107541831
4.484484484484485,0.10729897734440995,0.10084106515245218,0.09260552414183829,0.09755718215954497,0.09653336520868047,0.1097890520183129,0.09490326650695775,0.10619179476514563,0.1029305682194209,0.09874987112009655
4.494494494494495,0.10652153245158548,0.10145462847216835,0.09294711009126912,0.09811095129231034,0.0966009082096365,0.10994978297597932,0.0962199768479354,0.10737879259514346,0.10391507147760154,0.09900589180156122
4.504504504504505,0.1060660886721739,0.10107952526829897,0.09345909805095737,0.09808608724720168,0.09692753380981532,0.10968751103210736,0.09654717042354757,0.10697281423834266,0.10362644547208232,0.09931604726383142
4.514514514514515,0.10705146870436225,0.10081404337881934,0.0941569281392028,0.0986803391636045,0.09643283779897116,0.10909534115280013,0.09641774087129786,0.10662353149007077,0.10351974776179473,0.09923670128403511
4.524524524524525,0.10725344224166586,0.10210792347427143,0.09401118741038622,0.09709786872932123,0.09547215804397761,0.10835099611869696,0.09584134268329533,0.10579306101056374,0.10359700353652017,0.09941105948130172
4.534534534534535,0.10637120553204957,0.10106703383081717,0.09317787105447399,0.09736612601566376,0.09587646076408571,0.10871481655745978,0.09556029832862412,0.1045789359304275,0.10455572186470607,0.0990382879186314
4.544544544544545,0.10674972088260909,0.10182736862295479,0.09326734020685838,0.09689563580208607,0.09583574563992674,0.10898820138264656,0.09645589369082494,0.1044401083112443,0.10453742918376516,0.09870028292273908
4.554554554554555,0.10596153263192358,0.10136473879345698,0.09289380237332144,0.09656790305563868,0.09538309538129305,0.10931881097984594,0.09626110150768993,0.10400473958942918,0.10592237279207625,0.09861632674720015
4.564564564564565,0.10672446077157635,0.10031693802232969,0.09344300280916942,0.0968233735502312,0.0953332404623964,0.10696575611468986,0.09646180134501973,0.10277857238651276,0.10439343779064608,0.09918724589206253
4.574574574574575,0.1066764603920035,0.10006642930360823,0.09359539255415612,0.094864746592361,0.09587527433114963,0.10762272368295683,0.09680932503049984,0.10268820355777254,0.1046553154544018,0.09936512435830486
4.584584584584585,0.10731373498310692,0.1006792578253088,0.09344398069638683,0.09579774609992632,0.0959845632009675,0.10655142710637845,0.09737703274653453,0.10263658224644188,0.10477026755251569,0.09935621951504213
4.594594594594595,0.10736111357532047,0.1011401190268016,0.09408291182828506,0.09638237562984342,0.09667879648556361,0.10530766398258787,0.09703508685221138,0.10315983760641541,0.10499805754024287,0.09933718680364116
4.604604604604605,0.10819082147107224,0.10040857176516754,0.09272622671132484,0.09581213842999657,0.0951659948870236,0.10463370408291009,0.09700597295018398,0.10435116738945716,0.10558062851014502,0.0984052699328014
4.614614614614615,0.10816185228680947,0.10120407536034408,0.09298121575860976,0.0964756997476131,0.09424331239026584,0.10565481277165795,0.09820466583833871,0.1048079023489609,0.10525045881456346,0.09797969372269182
4.624624624624625,0.10828358115960647,0.10061831153006866,0.09317085410933226,0.09648670657895832,0.09388649194807769,0.10506637192458623,0.09722390419516591,0.10406941150565252,0.10536297601003368,0.097437732894371
4.634634634634635,0.10890398053400793,0.10145904139842016,0.09330045389074022,0.0963066008156788,0.09509478364493786,0.10486874218899342,0.09712523914878875,0.10353667183804989,0.10601533989327747,0.09844934714288063
4.644644644644645,0.10746915262772523,0.10097620401987986,0.09192801862801209,0.09469790350349833,0.09502714971565886,0.10531716976380398,0.09629690696890024,0.10440033525022385,0.10592042184591187,0.09846389394341465
4.654654654654655,0.10703468442248677,0.10071938251639212,0.09043715664214758,0.09559300482908693,0.09357615258917724,0.10462744268523487,0.09583956375423178,0.10387146266074289,0.10587703884619046,0.09887548467764612
4.664664664664665,0.10709660032443756,0.10050542667162485,0.08997269581794134,0.09484423719593564,0.0934913929888873,0.10526414335668688,0.09612589574761735,0.10382423884750047,0.10696040864349363,0.09903697759785496
4.674674674674675,0.10746436446263886,0.10193929290520452,0.09176979827669324,0.09598179282606294,0.09364775782746776,0.10537338771859762,0.09561470485806342,0.10389550572579719,0.10624142001251537,0.09893642956676577
4.684684684684685,0.1064722070115913,0.10138578476736095,0.09216710642426862,0.09631909401569755,0.09405369957709887,0.10439280598008842,0.09453966945239282,0.1042789515827613,0.1056422393139374,0.09919896115912678
4.694694694694695,0.10610137683506142,0.10106835617874971,0.09182342563214335,0.09713216996629837,0.09409783993626189,0.10493221565248803,0.09484304876235346,0.1033957383396194,0.1055165045316796,0.09924690427763957
4.704704704704705,0.10593851738831712,0.10098507854079498,0.09147351524249406,0.09689117280960888,0.09530295725793408,0.10479103027240279,0.09526035621376219,0.10431313430849723,0.10688539654501855,0.0986376865331967
4.714714714714715,0.10581150586978556,0.10279295169605426,0.0907574537191543,0.09620855047112901,0.09629413624921306,0.10408076424267304,0.09577345588363805,0.10472398873218657,0.10883242612707732,0.09863434122865536
4.724724724724725,0.10537578651428307,0.10368180669160604,0.09026391311458788,0.09695447150779532,0.09709115707638179,0.10464001812325921,0.09574047422347767,0.10530069715839903,0.10846353982260801,0.09780608206029569
4.734734734734735,0.10605995468590114,0.10485648039345295,0.09147110385900456,0.0973873545405313,0.0963041827099554,0.10530225638277949,0.09647701901696788,0.10543778291679888,0.10923338066826804,0.09666701536763166
4.744744744744745,0.10538238237354597,0.1048523423454707,0.09154911276843987,0.0987333433284526,0.09547209615629082,0.10429574167880634,0.09793040688075642,0.10467601050137774,0.10894955011540625,0.09594382295722577
4.754754754754755,0.10547248956945013,0.10583556083590866,0.09126790105785428,0.09920579353653229,0.09437806511751291,0.10335006698439836,0.09831952136295957,0.1068256028432827,0.11002454528592574,0.0950929472967018
4.764764764764765,0.10545216637645241,0.10584623761703077,0.09243731888540921,0.09915330178712609,0.09358968011256667,0.10212603978273509,0.09924850622402452,0.10597110033554966,0.10812317709735862,0.09513758941048396
4.774774774774775,0.10425525357285402,0.10509767535398216,0.0930233308537888,0.09989574266800041,0.09419735207016197,0.10292037110330274,0.09893116801070427,0.10648262290898847,0.10748191920777611,0.09577304093706612
4.784784784784785,0.10359239502002035,0.10434736994144317,0.09320169908730898,0.0992375819978735,0.09340307588430166,0.10384578394425119,0.09923080462618979,0.1071621234126047,0.10784757651493629,0.09610087537042125
4.794794794794795,0.10352113254371544,0.10383441649273287,0.09303260404965363,0.09827861827028993,0.09343676293273483,0.10432607428785033,0.09921845339005261,0.10664368745703935,0.10730615129150173,0.09631079496187848
4.804804804804805,0.10411823515191271,0.10392375159933291,0.09240069154462935,0.09816376542723479,0.09379151001642885,0.10447240641568097,0.09997574651229213,0.10702901090611126,0.10773370353229601,0.09641393014633301
4.814814814814815,0.10414150054680445,0.10245708319075189,0.09237054934300387,0.09894549023580156,0.09331023215561417,0.10508197511890204,0.10178541278102621,0.10669004395821738,0.10709410501223003,0.09627357457720119
4.824824824824825,0.1036376306527659,0.10211835432446624,0.09144645017423779,0.09871187553801919,0.09291998548728826,0.10517578868341652,0.10277597140504534,0.10598339305662462,0.10737769878625598,0.09604653479416012
4.834834834834835,0.10489891172967526,0.10076020530426066,0.08987421627470614,0.09878235767426814,0.09326490966191901,0.10436017868137933,0.10387817808407274,0.106231924615395,0.10701307251595364,0.09569092431895906
4.844844844844845,0.10495755644095728,0.10045685364513307,0.08954553614636777,0.0986577098873706,0.09348381108343932,0.10439356867669418,0.10381747016074233,0.10668889286705004,0.10530678652159374,0.09667514802634393
4.854854854854855,0.10638874618827136,0.10065253131009487,0.08901748711024866,0.09956432628980881,0.09164790261443681,0.10401301297574206,0.10501444284941432,0.10572123330046423,0.10618997668547075,0.09687243476075601
4.864864864864865,0.10651159240049053,0.10103625919649238,0.08959056926000378,0.0995743465312629,0.09157293149371888,0.10440625911342181,0.10668062522886285,0.10611621757794103,0.10585345147298357,0.09746710080694611
4.874874874874875,0.10539358711908753,0.10100002344150377,0.08978578578143538,0.09975651218964089,0.09243954393506686,0.10581609035679083,0.10883476140681643,0.10633290676364361,0.10461037178563604,0.09701081588721956
4.884884884884885,0.10557490243427924,0.10096925281877218,0.09025529702655595,0.09982669086763032,0.09064333275676291,0.10553307965527159,0.10925779866052775,0.10528652652033163,0.10338352560400041,0.09732707160477264
4.894894894894895,0.10452745617412597,0.10046617260866034,0.08917662960796724,0.09977687111818538,0.09110335521765509,0.10568066392984891,0.11087878385192411,0.10330858727446604,0.10200299675506598,0.09682768566711637
4.904904904904905,0.10333871490775215,0.09897906773269671,0.08943096872679784,0.10002640771291262,0.09033071154028818,0.10635478663662697,0.11282677191260192,0.10448722547876084,0.10152074961042422,0.09636477952618248
4.914914914914915,0.10330334174604376,0.09881743706325616,0.08974770603037417,0.0994541372349091,0.08959396847267857,0.10612793167419732,0.11279636896291824,0.10408939014229678,0.10166109723038962,0.09516885981971283
4.924924924924925,0.10198399805606564,0.0982800849617285,0.08878512524550268,0.0992729358045416,0.08946466831740194,0.10634600012219697,0.11196662947333293,0.10431391610439182,0.1031068273349722,0.09482568842159031
4.934934934934935,0.10158356238871669,0.098771225461618,0.08825782682715116,0.09844514940632854,0.08898286938637671,0.10630734720501099,0.10943053368707867,0.10556242354685369,0.10321387257374405,0.0945877999079003
4.944944944944945,0.09954713476776215,0.0997051712745999,0.08885661916392636,0.09856256170496464,0.08882580940198985,0.10573098195431821,0.10888303645409221,0.10717017672282528,0.10341014222483047,0.09537039978398422
4.954954954954955,0.09927398920432226,0.09907356541498588,0.08956695602583845,0.09917250096559604,0.08892692820611742,0.10739399035040942,0.10863142391286394,0.10743448346027802,0.10327542374985607,0.09520346483292723
4.964964964964965,0.10001078385916666,0.10008929607879022,0.09032145699672796,0.09866294667265864,0.08893255246884879,0.1074232242036871,0.10952768533113248,0.10705989865142596,0.10394780808269057,0.09509847306515544
4.974974974974975,0.10056093068830668,0.09955892585217758,0.09028239352364001,0.09835051067280585,0.09017877054602584,0.10798567962172524,0.10921679128311162,0.1071432867486169,0.1035856312692872,0.0936779840255749
4.984984984984985,0.10100896264476432,0.09877906293296565,0.08942974938953917,0.09797665688927729,0.09051816576665449,0.10761861088732869,0.10949637745879566,0.10846759600478333,0.10477386714768794,0.09402058418331298
4.994994994994995,0.10135994678751215,0.09919145536062052,0.08965784820160994,0.0983930657583981,0.08984863388849922,0.10739848525605977,0.10911986958515515,0.10852077113680948,0.10574067331950615,0.09371502561396294
5.005005005005005,0.09970042258412497,0.09947364545285067,0.08963737730596245,0.0991212858403686,0.09061146057987048,0.10720899637823714,0.1087172499271933,0.10814684269851822,0.10657157866935905,0.09537626855772462
5.015015015015015,0.1002014468779694,0.09942363912486459,0.09013554894458728,0.09794734814581185,0.08988380590623386,0.10820589293475429,0.10897385801510807,0.10792892054815614,0.10664404603876977,0.09489815085225128
5.025025025025025,0.10024735370347902,0.09951113190203287,0.09095398304333033,0.09954513169093834,0.08916097536268502,0.10886501868857779,0.10838649301553271,0.10790530026060575,0.10678003956965872,0.09345445626314285
5.035035035035035,0.0993757630446594,0.10037772708076526,0.09116331506867095,0.09970777279364211,0.0893378963430348,0.10858329178238738,0.10821112588402451,0.10698034810375089,0.10824977699297189,0.09268256118642541
5.045045045045045,0.10078274002101296,0.10111911244053119,0.09119026567132943,0.09845361376002831,0.09104348085988387,0.10804047110466657,0.1086865096015233,0.10730461272512942,0.10848187778551663,0.09337459759945571
5.055055055055055,0.10065036089017398,0.10128222051835682,0.09250310247057969,0.09879447194433381,0.08998271058865699,0.10787653091881085,0.10767321557389557,0.10844681773928284,0.10956831336478194,0.09403567462662787
5.065065065065065,0.10018699658194812,0.10130559453951271,0.0937548499586505,0.09866032005972576,0.0911417932476413,0.10820015254520983,0.10823143188301484,0.10759479368693095,0.10738678661583938,0.09299431735105355
5.075075075075075,0.1004308777700431,0.10024804250925744,0.09440685113250334,0.09803843744690591,0.09120447668071972,0.10860876722748346,0.1081344435350858,0.10790368442872578,0.10666329951514739,0.09197684980651379
5.085085085085085,0.09967068803268755,0.10099405329324761,0.09431430699349429,0.09858777225765393,0.09212976701879377,0.10879159929066862,0.10817059591097708,0.10886627336911532,0.1068385207799992,0.09225501399801646
5.095095095095095,0.10102896245274215,0.100588258890242,0.09370933554603307,0.09943556304612432,0.09190747834422025,0.10860977474956968,0.10772415851152803,0.10967947433988862,0.10623502437246546,0.09175485456065043
5.105105105105105,0.10153819776630228,0.10144069834129261,0.09262664564382522,0.09975403788895122,0.09228918762984675,0.10902132469320386,0.10831775860398991,0.1095312776815362,0.10713711451407393,0.09170268824964709
5.115115115115115,0.10145628315252563,0.10107630634090854,0.09193679588446205,0.10065596795166379,0.0915245904469257,0.1082822844892117,0.1085531631886009,0.10953927912820688,0.10766770889133313,0.09056396558988672
5.125125125125125,0.10117695396458246,0.10073409929377487,0.09178455697236935,0.10098916704786051,0.09205844948207102,0.10876700156080604,0.10779398889453917,0.10903357221797613,0.10563522846341532,0.0896624329499989
5.135135135135135,0.10207531401964683,0.101072250873107,0.0916097212875558,0.10022581035689505,0.09247614485303732,0.10842106276364588,0.10821198708181837,0.10893459746578227,0.10542664243821641,0.08958242157828068
5.145145145145145,0.10287658808660466,0.10014468100697252,0.09113020550896153,0.10015182146281999,0.09363687835980762,0.10887809235558116,0.10814950626803682,0.10805288986717633,0.1046642233687197,0.08988667074561342
5.155155155155155,0.10241221264114006,0.10098247389084689,0.09213755336040405,0.1000018930164934,0.09333432294208463,0.10798160443279153,0.10808293934395966,0.10797401094765319,0.10511496346440408,0.08984291207032459
5.165165165165165,0.1030151290981248,0.10063275173172839,0.09220175254302193,0.09892380964831238,0.09311741770684975,0.10796899606550829,0.10838284092837353,0.10890411465113065,0.10500406996095182,0.08930418089867746
5.175175175175175,0.10377712052044148,0.10081512335713647,0.09325904074265882,0.0992489661522472,0.09384121376585083,0.10693215221731407,0.1077381958652128,0.10994452814270038,0.10459957535956657,0.09002362835588684
5.185185185185185,0.10336956477750452,0.09919196048780901,0.09375804842713181,0.10000691071265078,0.09381957162186809,0.10556139831966431,0.10771262511650302,0.10927658475453032,0.10353419719920826,0.09059750832169033
5.195195195195195,0.10342113802297467,0.09819513971611606,0.09508975917083994,0.10108352864299908,0.09378059335087598,0.10535240770919317,0.10862472266030988,0.1090087067781532,0.10273667276923623,0.09027475265665913
5.205205205205205,0.10284949811689649,0.09798683419998078,0.09600982880942885,0.10136594412016227,0.09421030215694602,0.10535071328195475,0.10886398756664355,0.10825676960248294,0.10240164411577293,0.09013660500976456
5.215215215215215,0.10233104101230033,0.09732630376206461,0.09615438904520927,0.10043207718107712,0.0948538035945436,0.10483573483369298,0.10861275116995801,0.10837344547517341,0.1019732142029478,0.0893561704718015
5.225225225225225,0.10263359924984501,0.0961799010522856,0.09578342619149288,0.0998954659612179,0.09456859211726207,0.10393003466676795,0.10854217370661175,0.10788707440144346,0.10315452097957672,0.09093467434628842
5.235235235235235,0.10109760356974927,0.09507207151557262,0.09527982575887115,0.10088638898477434,0.09555958908780843,0.10353209043972796,0.10778835156489816,0.10682256964683014,0.1024324579875651,0.0906955053064611
5.245245245245245,0.1023738167398401,0.09567936121279161,0.09545345576133422,0.10037629700673105,0.09527631243997373,0.10233470726305209,0.1080517507889797,0.10639301631967239,0.1016306007834446,0.09127902623418992
5.255255255255255,0.10150974242663391,0.09595918129907176,0.09513606914433531,0.10068456136401854,0.09515852299814131,0.10410094058565468,0.10700979509015636,0.10608747266731289,0.1018207985871829,0.09170996271287737
5.265265265265265,0.10212028293479518,0.09781213791000858,0.09572184733659136,0.10168732623717532,0.09443366601099024,0.10412143190709479,0.10732574824769818,0.10583932406933448,0.1022526291806613,0.09138430505282968
5.275275275275275,0.10351390674932433,0.09760790510664005,0.09493422876918815,0.10358038103688731,0.09442455930124272,0.10384423547662038,0.10650986080781384,0.10574886180930138,0.1034498927613698,0.09203112720276055
5.285285285285285,0.10244169903468615,0.09597665102712695,0.09469110324014987,0.10193891311834345,0.09386533156100446,0.103809592999005,0.10624421041781322,0.10472048102262879,0.10437402602826389,0.09277241212123423
5.295295295295295,0.10207191795586155,0.0950589189123727,0.09448141714897262,0.10236907040761341,0.09472290021342707,0.10399398246078705,0.10667650305741175,0.1038012272387313,0.10442374246956992,0.09325539092332213
5.305305305305305,0.1014636966811339,0.09504181513063868,0.09297941660752569,0.10317965097007632,0.09571687791810833,0.10368726256864101,0.10768099837728441,0.10319937819199801,0.10459120853888214,0.0932602234501068
5.315315315315315,0.10131584355864906,0.09552945919102479,0.09292976454957233,0.10377211938406036,0.09437055380921518,0.10416003187266586,0.10849171352508462,0.10174116947922342,0.10452671417031195,0.09266366143096781
5.325325325325325,0.10220391629021995,0.09561761317314027,0.09349978686512285,0.10493644079203068,0.0950514056334102,0.1038676823354016,0.10912595132633571,0.10129330573854384,0.10556691171535501,0.09434601275645912
5.335335335335335,0.1017183769149318,0.09411899266510323,0.09408240949825296,0.10434694229308408,0.09477246277798591,0.10272502088924594,0.10911495379307724,0.10194628130989497,0.10519789380158853,0.09411861779806657
5.345345345345345,0.10062833748804795,0.09382830919256781,0.09345361206268374,0.10640988994171892,0.09411661155110371,0.1018884416076061,0.10948234582131959,0.10179840669592756,0.10504890288170095,0.09490948656954798
5.355355355355355,0.09954056533973646,0.09329883717778294,0.09261429500885386,0.10475108948124118,0.09418784518842681,0.10237711707220859,0.10854191438701333,0.10011352084706095,0.10392507898769535,0.09581501427237117
5.365365365365365,0.10012648695835567,0.0915688234570825,0.0927123294812767,0.10545360430561954,0.0945400581711107,0.10235164874930947,0.10973899701872075,0.09929811763002346,0.10245115334314321,0.09558920362613581
5.375375375375375,0.09931985336797615,0.09177322324408142,0.09116251619841816,0.1072579290161315,0.09293152031323273,0.10154069810669523,0.10930857099436135,0.0993120596304247,0.10154769747925603,0.09458727313711575
5.385385385385385,0.09936891427938395,0.09179419707787566,0.09146855749148634,0.10612070741750795,0.09352990715234923,0.10120529393965415,0.10904341523012633,0.09865124925003915,0.10145052038111463,0.09478671685753463
5.395395395395395,0.09970509608740323,0.09138372722175735,0.09157786463352834,0.10505129133022041,0.09434618773934607,0.10021455343024158,0.10880369351908428,0.09711419041675909,0.1026139339612045,0.09420738587130754
5.405405405405405,0.09953223941382619,0.09109781619378449,0.09242407201645331,0.10478042992575068,0.09421174883584227,0.09981011326010739,0.10863727314370324,0.09708331685174645,0.10168427163056812,0.09450088689436208
5.415415415415415,0.09855557164982356,0.09178303126825237,0.09250638615007523,0.10401733891124891,0.09400735935253332,0.1007947246487747,0.10843403540475036,0.09622465297282376,0.10200853209061797,0.09445842185942765
5.425425425425425,0.09825963285958637,0.09193021003771251,0.09372065778241616,0.10400255617345963,0.09371667465636241,0.10105085282909036,0.1070181346226968,0.09692869743277976,0.10184738121566865,0.09521510428402413
5.435435435435435,0.09800576301049221,0.09197798281990231,0.09399030297990153,0.10433068174448741,0.09326671012924237,0.10020696410309987,0.10575630353512386,0.09736830159698484,0.10253847335536267,0.09516062134295207
5.445445445445445,0.09865262230349597,0.09210204107322306,0.09451118222185913,0.10390888816262342,0.09374413659815961,0.10030434535142686,0.10595631822100963,0.09776069784219688,0.10156923634385498,0.09443983658578588
5.455455455455455,0.09786122132736988,0.09166593915126812,0.09418500145992766,0.10465988371236085,0.09358277658380124,0.10207599809380549,0.10667518927120027,0.09929777457579655,0.10157213364353763,0.09481525448878225
5.465465465465465,0.09649560214666826,0.09087745203619156,0.09302056510808915,0.10412535847497685,0.09321125808361273,0.1035776933619306,0.10587684601854612,0.0991272625157943,0.1007570644504962,0.09480637706419584
5.475475475475475,0.09628949208156247,0.09058541266027968,0.09400460201105718,0.10345013154900638,0.09228349654132813,0.10297296315072257,0.10600978978803094,0.09885657214102447,0.10013600092633948,0.09453425177885055
5.485485485485485,0.09662770040174817,0.09088105571268595,0.09402843102095967,0.10273171924440526,0.09134030581918816,0.10415212017512468,0.10579811543883702,0.09820006976421909,0.10069964473530531,0.0958370958061115
5.495495495495495,0.09738827868200003,0.09058161265399886,0.09428702195487736,0.10243046004466869,0.09008359665703179,0.1040488008480241,0.10584485373113127,0.09702036178213608,0.10016621361971852,0.09605734102001456
5.505505505505505,0.09691725950776708,0.09050934000003891,0.0938170663176128,0.10171322449215953,0.09129525582880849,0.10576154608401069,0.10527819148923717,0.0966032147059254,0.09879044380291988,0.09670332675574546
5.515515515515515,0.09598125792944925,0.0899024308732376,0.09403072983599084,0.10167163470378439,0.09189016082037076,0.10614048188572137,0.10468915980707388,0.09592918638232624,0.09869055641260226,0.09622915463238634
5.525525525525525,0.09647250083021401,0.08919250059603998,0.09441115494496427,0.10161556813438373,0.0912107674561374,0.10598399808414104,0.10484599042933489,0.09673094824531188,0.09803239372471026,0.09623786781197874
5.535535535535535,0.09736016196758226,0.09058184282898964,0.09470187533324666,0.10186512109993112,0.09172548166199135,0.10695530564733666,0.10410722605681132,0.09741461671782199,0.097929401298549,0.09569236522817212
5.545545545545545,0.09725264437144242,0.09041837109014648,0.09564163202998617,0.1013251040082584,0.09162820463638612,0.1066042535580455,0.10630298857891395,0.0983437002903204,0.09764986244877802,0.0960869560745676
5.555555555555555,0.09783099474483449,0.09036304663240585,0.0958243025857673,0.10087358191251118,0.09125540979651509,0.10619620518813666,0.10659564751614987,0.09954584104803467,0.09753989066376145,0.09681115971340074
5.565565565565565,0.09821386391038175,0.0907479958640675,0.0959333332223739,0.10170365324652336,0.09040245155618394,0.10620753463742941,0.10656351101566985,0.0997372321696744,0.09654858285791286,0.09548285468261064
5.575575575575575,0.09849140700302025,0.09139337517085433,0.09410101225804007,0.10226656331247508,0.09051606263548546,0.10554325991700385,0.10656093981369595,0.09988536778541805,0.09560700352382136,0.09502702530167677
5.585585585585585,0.09777581716854104,0.09128947157892021,0.09419636216634454,0.10079957078165601,0.08982119713909757,0.10680502868620965,0.10516870810576408,0.09929985916087884,0.09595572496699604,0.09555443558346957
5.595595595595595,0.09737385797370096,0.09106571565515037,0.09413838306699102,0.09954422941573608,0.09095046613021592,0.10656211694669179,0.10396111650255986,0.09797479492889956,0.09597115293840347,0.09411506203423532
5.605605605605605,0.09754364149814708,0.09094104601656035,0.09466896348832171,0.09975334222168772,0.09093703725237602,0.10829914692825121,0.10366300907130664,0.0975203534523625,0.09552455630556622,0.09412672105948698
5.615615615615615,0.09666394987707419,0.09160975173128034,0.09314140179487307,0.09846566005013335,0.09099742182918236,0.10766207844133602,0.104153765455725,0.09746651152289346,0.09625027188135164,0.09456886600461895
5.625625625625625,0.0966390782744287,0.09115874060169196,0.09182198294322808,0.09867548916686113,0.09112946790787521,0.10661793553179463,0.10323914348095256,0.09802888831002349,0.09534160220526218,0.09375928127117066
5.635635635635635,0.09544187137910272,0.09170506981371766,0.09172528347002244,0.09956850977488366,0.09207350391085882,0.10727127970882576,0.10332805440942927,0.09735118770097827,0.09584357159549345,0.09448590251031076
5.645645645645645,0.09620403034575165,0.08954578344927419,0.09119889085426401,0.09878479140870687,0.09118796976229633,0.10779590319090769,0.1030341924662588,0.09722203054785948,0.09396591917450843,0.09518769794894671
5.655655655655655,0.09663368218041658,0.0890363707964839,0.09173331573594895,0.09890138392397814,0.09142784805212678,0.10802998424860526,0.10391876405883203,0.09661315438988854,0.09373026504941263,0.09653180618720626
5.665665665665665,0.09676767636355833,0.0901598659093666,0.09130373625995322,0.09823120430127816,0.09007228702336015,0.10964229099331191,0.10393935480881837,0.09650586488935878,0.09419616415054212,0.09761580643608961
5.675675675675675,0.09690371548094188,0.0919149817725066,0.09092537680512013,0.09804348445167929,0.08921662751019253,0.10967628828313267,0.10494926353667194,0.09640361677175112,0.09462954173497957,0.09750634524757666
5.685685685685685,0.09684251724899999,0.0917836319950069,0.09043408205215206,0.09813621692127439,0.08843902989868957,0.10947352417167974,0.10391111432047175,0.09528020811500776,0.09406321699437664,0.09803190431013666
5.6956956956956954,0.09612010342605432,0.09168112283875261,0.09115627019415468,0.0987920013527782,0.08829515885575215,0.1100929244924959,0.10414060373525075,0.09595338591436584,0.09463700300939576,0.09781599540307523
5.7057057057057055,0.09737650538593236,0.09130125759233634,0.09160349649887546,0.0978448399905416,0.08887533347748151,0.11010965423917611,0.10439738329588333,0.0962104427325176,0.09559048425570359,0.09780026334773968
5.7157157157157155,0.09825802734611191,0.09130079403926206,0.09180534735029532,0.09722079308411649,0.08959613571901552,0.11058514328512495,0.10479016594176692,0.0960756031386751,0.09651566496024833,0.09676750870660124
5.7257257257257255,0.09801898050277799,0.0908193085156747,0.09123816581577472,0.09731389016703937,0.09115456015903382,0.11111335852810815,0.10561546913925665,0.09433824812774638,0.09557027985062388,0.09638622478764873
5.7357357357357355,0.09760638986748446,0.09160349815449605,0.091662076694535,0.09611133462700792,0.09110265590867982,0.10994840553315109,0.10443169163343234,0.09522647696808847,0.09591416926056556,0.09727543329831118
5.7457457457457455,0.09780719060381338,0.09151828579777704,0.09138204850325461,0.09572690612731886,0.09194759797652587,0.10834019091770372,0.10504138184101008,0.09629340630255895,0.09645418821185915,0.09765526175262552
5.7557557557557555,0.09645619993356504,0.09215423272502056,0.09196725575848995,0.09578993459019867,0.09222375458956428,0.10725671788135621,0.10571150530333744,0.09625807954776482,0.09545764159125118,0.09776039042718511
5.7657657657657655,0.09703938417644398,0.09093701963037835,0.0926659451570709,0.09499193597149562,0.09153434105535169,0.1077773648672643,0.10650428332175894,0.0973350197737483,0.09530170859084448,0.09809800179317592
5.7757757757757755,0.09809064747213131,0.09139289670175493,0.09310965869924048,0.0942526923886585,0.09034367051904156,0.10763727509971047,0.10708835206393082,0.09696041273996117,0.09557993969096,0.09845736213163833
5.7857857857857855,0.09777851227446407,0.09038866508315008,0.09181103084270548,0.09688847898677679,0.08958948879406856,0.10671987354941033,0.10674715251009016,0.0963323010169769,0.0963847975581474,0.09731679589034688
5.7957957957957955,0.09695053287198098,0.09099511441830375,0.0923975206965645,0.09803051451321901,0.09034027311846295,0.10640257780560917,0.10592072109551603,0.09620719067550818,0.09621714855456914,0.09796646496180927
5.8058058058058055,0.0959862928976533,0.09137300329553887,0.09205359464567336,0.09809882845885624,0.09077699314175189,0.1059835806344211,0.10559012919791194,0.09712531793340966,0.09640520559952294,0.0971384656960044
5.8158158158158155,0.09657780013759344,0.09112114122473508,0.09270498356744436,0.09780517839443145,0.09064420648602799,0.1064425587486875,0.10590622684257592,0.09826009516328879,0.0967114529827789,0.09754212470708495
5.8258258258258255,0.09777144925652216,0.08992466493829783,0.09331408997208815,0.09754282682631635,0.0905622721705709,0.10730803250926693,0.10583539748851296,0.09855234345355703,0.09604085995511666,0.09662165793978512
5.8358358358358355,0.09768964475229637,0.08946615260519725,0.09421371322403695,0.09718234131364074,0.08936074574570538,0.10736398959618654,0.10652534834982627,0.09702887170155192,0.09615092984786414,0.09697549118249878
5.8458458458458455,0.09759441453839382,0.0905957944502797,0.09596255198484023,0.09920734791693042,0.08880641620140635,0.10606503881013522,0.10724184759511894,0.09744689639709886,0.09523079019796567,0.09662708932871449
5.8558558558558556,0.09820283221765379,0.09062723729864863,0.09640273826796855,0.09902672392383663,0.08888788620409398,0.10503385582009599,0.10655559295535985,0.09933026535285154,0.09469115109646156,0.09809330214084898
5.865865865865866,0.09748308118492384,0.09129717995870307,0.09609909229962835,0.09872734899887357,0.08878299711573644,0.1052909767956125,0.10652631040005561,0.10057338160852267,0.09479338405382952,0.09748334096854248
5.875875875875876,0.09687969643531087,0.09128222193454112,0.09594560104213763,0.0999296890367578,0.08969423306009788,0.10560230160755396,0.10607682434059572,0.10078094211996057,0.09490123992903426,0.0975008187496802
5.885885885885886,0.09673869321041761,0.09075309907681876,0.09700651269795477,0.09979703837439538,0.08955446351505025,0.10557256403779859,0.1058679643913705,0.10083143829345621,0.09584643272254803,0.09925350520718425
5.895895895895896,0.09729950866656215,0.09111781789105644,0.09884906004356986,0.10023665713661542,0.09006088013976704,0.10567088451652769,0.10564858224434724,0.1005394739610446,0.09652614997996739,0.10006224462709808
5.905905905905906,0.0969317151534672,0.09198802380027898,0.09818670282726756,0.10095712565059675,0.0892974699822071,0.10484619707418258,0.10427785636507156,0.10059881887605747,0.09604788812228882,0.09877055621694
5.915915915915916,0.09779723651956043,0.09172011029316068,0.09802312869349235,0.10147661460537043,0.08968789966283873,0.10385391589112648,0.10353903136541226,0.10139579685754334,0.09680538055844477,0.09992404550624734
5.925925925925926,0.09859911355129104,0.09115465236856247,0.09819143079209529,0.10138328366159362,0.08795226185218638,0.10321012760066747,0.10278371315598027,0.10077737644390986,0.09736091429961803,0.099184262800019
5.935935935935936,0.09799017535230661,0.09128812576609195,0.09724953344198356,0.10117347362373062,0.08763089369901651,0.10156081576451988,0.10266245663241652,0.10214232379817356,0.09743268791451776,0.0993915897499012
5.945945945945946,0.09837515854159794,0.09193635136347852,0.09675783559154963,0.10093460229868204,0.08843104927604839,0.10183604014724701,0.1017183365322563,0.10247119756483379,0.09704517472683359,0.09837669909620228
5.955955955955956,0.09944477550005558,0.09189838138825603,0.0974308712780789,0.0998259794379594,0.08796276189577405,0.1004430622773349,0.10142671200748628,0.10217826193955117,0.09561938878096586,0.09887652347437251
5.965965965965966,0.09961370103354804,0.09197457392563413,0.09516204154459816,0.10087647775664223,0.08732722526429129,0.10001852433099756,0.10199918322030353,0.10047563299590202,0.09559800808029073,0.0981614009570838
5.975975975975976,0.09945540104133153,0.09185274950777521,0.09658200931877936,0.10047638216871846,0.08861614803485744,0.10008998761687647,0.10283166936396289,0.10012117915498422,0.09590899433751986,0.09777697751857364
5.985985985985986,0.09968091143417751,0.09151196895896056,0.09635961702785958,0.10070771288822233,0.08785688372476096,0.09988153778708328,0.1027902578422678,0.09983681733312705,0.09619851658379656,0.09850958522355553
5.995995995995996,0.10031735085902391,0.09199989044270108,0.09648966357079712,0.1006675137635328,0.08782607531266674,0.09970541605007913,0.10222685130030691,0.0997807054882817,0.09562281157862297,0.09823343902892089
6.006006006006006,0.10252062568394735,0.09199424304881645,0.09678166173207495,0.09901358690406141,0.0874411197754405,0.10097414589443028,0.10157895975212719,0.10056936444974655,0.09683867844386282,0.0991437105876733
6.016016016016016,0.1026946432007094,0.09154265645727346,0.09570636003325374,0.09872685463966543,0.08831381740065918,0.10018751637369233,0.10073690518832948,0.10101391185158771,0.09512429756972363,0.09871507356054525
6.026026026026026,0.10321009314981255,0.0921977516396011,0.09666816681904127,0.0987503685805339,0.08871633266317418,0.0998720586334254,0.10063199794328503,0.10121524077093387,0.09615162598729668,0.09855461515655722
6.036036036036036,0.10214599597626657,0.09341489817894062,0.09686204108976255,0.09786435515945356,0.08786602140986038,0.09983646073211183,0.10051802826602155,0.10065175205034564,0.09580883582898049,0.09891208146588916
6.046046046046046,0.10194220421169876,0.09436834867318748,0.09576091195173482,0.0972456268242008,0.08716455133323094,0.09989413749468139,0.1008692648528999,0.10045463735786445,0.09441197103215299,0.09882217052562318
6.056056056056056,0.10198494327756795,0.09500761352660503,0.09700035976900893,0.09677931980981368,0.08790785652986899,0.10099768661622927,0.10027085732082709,0.10128952191817453,0.09285604680007262,0.09876346468737056
6.066066066066066,0.10198263110372516,0.09552090529909141,0.09642178660409867,0.0972052750539282,0.08681990740448578,0.10237809225632696,0.10046431328723206,0.10208729961222916,0.09279907057587097,0.09830964483312556
6.076076076076076,0.10174611424663627,0.09595058621517798,0.09573613014429523,0.09685949150759425,0.08675474920057975,0.10345071204001596,0.10083921459465636,0.1013892630099592,0.09302140378555399,0.1001355004820756
6.086086086086086,0.10114085783685642,0.0945367081008436,0.09593339661845014,0.097756104242893,0.08550003164051455,0.1023727633907491,0.10147053577440686,0.10122703506850424,0.09215934741899677,0.09917736245603853
6.096096096096096,0.10258211970203993,0.09502034326906854,0.09585503117858636,0.09786071281945906,0.0849645042384231,0.10122916368542345,0.10082862394986854,0.09977007746491327,0.0913770161361574,0.09859968344583456
6.106106106106106,0.10320265255877203,0.09493017048393541,0.09601570087573674,0.0979848223060876,0.08557596362671446,0.10044956869045016,0.1001719127192347,0.09966515763048589,0.09135976990510848,0.09801815389427475
6.116116116116116,0.10403898461531788,0.09553893656342033,0.09607856133646979,0.09752955228944549,0.08444344518983303,0.09974202516917649,0.10055697469214128,0.0971621980736589,0.09157383178502433,0.09768284685529466
6.126126126126126,0.10374530267703175,0.09536241413066038,0.09633392680422682,0.09746735370924683,0.08490741421591358,0.09885745875802678,0.09979332366136481,0.09594298539071705,0.09258391304285189,0.09756557384703389
6.136136136136136,0.10371866231072986,0.09514281335168112,0.09624046327976556,0.09729672558338313,0.08436161826229317,0.1000595154955814,0.10034949552574857,0.09643918901030393,0.09292400504219499,0.09837345777934793
6.146146146146146,0.1042941550251042,0.09616062429790649,0.09681750600984647,0.09886846442553567,0.08342460525339639,0.10088088071925473,0.09842670315310842,0.09748719999867557,0.09296026911803552,0.09766603673473306
6.156156156156156,0.10360229572260231,0.09610756972959286,0.09807900360265226,0.10036446943962493,0.08442951725471921,0.10126694416823358,0.09805818641473171,0.09690974325805438,0.09298588731193166,0.09762317914403726
6.166166166166166,0.10354924333671572,0.09650718592194654,0.0966470455665521,0.100516727632597,0.08391751645506201,0.10138045165604041,0.09821446282166685,0.096796273516824,0.09319249435139294,0.09797296873642851
6.176176176176176,0.10274267664757183,0.09733050007702355,0.09692264726876268,0.10068254046730757,0.08299997313194268,0.10166852565033303,0.09837577487145364,0.09534152095409858,0.09366066099945078,0.09774005854528232
6.186186186186186,0.10272665964170544,0.09625006546018815,0.09732932387040968,0.10033446947436674,0.08281482547664475,0.10169281228637292,0.09744111150406012,0.09450154169354735,0.09324798122733727,0.09788805204092244
6.196196196196196,0.10377172069021741,0.09507441946767559,0.09683648921014801,0.10002413725590037,0.08369134368102155,0.10190360226267847,0.09676887497126208,0.09414312838051496,0.09471392568337057,0.09831516783420728
6.206206206206206,0.10370741726641224,0.09583672821730525,0.09722058836577571,0.09914834612352202,0.08413803787476389,0.10343176245919918,0.09567889517354247,0.09457000116124985,0.09494395835979029,0.09822599547222557
6.216216216216216,0.10325670028791145,0.09597329794069004,0.09667958991225839,0.10004988544103637,0.08475144528933763,0.1038522373704533,0.09710818087220359,0.09474072319631177,0.0941983700737642,0.09695530644809858
6.226226226226226,0.1029040440878535,0.09615482862592402,0.09606828807520093,0.0993012549221483,0.08391011007797197,0.10373445616454109,0.09657938811186373,0.0952121659337981,0.09407899343561112,0.09744565947183521
6.236236236236236,0.10249253566036262,0.09602523860229227,0.09709899336350789,0.09864654040973095,0.0854085263548848,0.10398156812282482,0.09608707490905657,0.0945252825725286,0.09347853160051435,0.09801271766005265
6.246246246246246,0.1019858499971361,0.09768899449412975,0.09820765809571202,0.09892368142423069,0.08537492200392455,0.10406592092900804,0.0967106242151222,0.09497285328800971,0.09355698755698783,0.09762341222013723
6.256256256256256,0.10323464056974771,0.09730297081906793,0.09786895382090287,0.09943496009341896,0.08482275216811479,0.10306307334735001,0.0965549592059705,0.09549351334116814,0.09367265997193855,0.09755599256034693
6.266266266266266,0.10330467139732104,0.09793291610822989,0.09850884884878709,0.09971003736750503,0.08618758209336906,0.10258653514437036,0.09638045306958166,0.094985094842786,0.0946733181524324,0.0979740355538046
6.276276276276276,0.10276230756572756,0.09704962176788624,0.09706229369235851,0.10100409551546125,0.08543652090626833,0.10279882306578916,0.09620351262296452,0.09485001032313654,0.09518047935331919,0.0975125706130776
6.286286286286286,0.10268046318411232,0.09776860118245052,0.09662391424290938,0.10254520063758939,0.08511242476303164,0.10345421808079022,0.09550764079714388,0.0956914230958635,0.09516164263124942,0.09743504016889772
6.296296296296296,0.10215904711087954,0.09773156794736106,0.09587166559615734,0.10238670206818298,0.08593896124063831,0.10329552740163571,0.09610181367705929,0.09681429862504343,0.09530933060745966,0.09827531534350754
6.306306306306306,0.10089062430505209,0.09747141276485258,0.09627099088523872,0.1021108341326937,0.08549268645619783,0.10333124283687796,0.09498385207973008,0.09603963979841014,0.09455067559513237,0.09841511920982958
6.316316316316316,0.10120512086973012,0.09684376290947319,0.09602132113863113,0.10174039118463045,0.08685531988408532,0.10328143397987331,0.09496264919579671,0.09705660509689708,0.09529768677402131,0.09842283021590127
6.326326326326326,0.10117304124399196,0.09752465722209415,0.09703961015002385,0.10156530432282998,0.08677481320970773,0.10347437199702417,0.09533951804344697,0.09769141163803559,0.09547033848442621,0.09881035886032026
6.336336336336336,0.1010610859809504,0.09716041210735842,0.09651861247052278,0.10127757095566849,0.08636711003487597,0.10465621729952691,0.09431570525344883,0.09649321687965158,0.09658023974367178,0.09828538168894256
6.346346346346346,0.10094882414554837,0.09780965792256548,0.09574683825534254,0.10105246690967193,0.08576509679094871,0.10480897102178614,0.09413890186186323,0.09622050035249631,0.09621036734779634,0.09714647344870199
6.356356356356356,0.10022054851367114,0.0988950608243654,0.09638413323659814,0.10045099468211764,0.08595256523348724,0.10354860513985237,0.09390358121442083,0.09649266329522946,0.09662351662961846,0.09671347264986523
6.366366366366366,0.10190842663084818,0.098707808643306,0.09603450898970957,0.10131313562833794,0.08561144555864798,0.10267362722737668,0.09361110993145721,0.09676649885231328,0.09658246498829622,0.09584340543067597
6.376376376376376,0.10355238549995356,0.09958803186732776,0.09558026947319065,0.1010236498103389,0.08509219025619313,0.1034739614016335,0.09392426095301461,0.09799761543309693,0.09707480827544543,0.09615907944096974
6.386386386386386,0.10257126459553231,0.09950909859874503,0.0967956492977983,0.10004471959362835,0.08502113257403864,0.1043094510975119,0.09315140134979423,0.09785553955136204,0.09611573930682439,0.09631129134128291
6.396396396396396,0.10348410342872272,0.09947625551978376,0.09567035403337017,0.09918183348303274,0.08514522129547951,0.10535506881041183,0.09300231404427764,0.09745647550054262,0.0957164120226159,0.09541491035763501
6.406406406406406,0.102226344470174,0.09885364323782862,0.09710904127489431,0.09782496042113432,0.0849205945818356,0.1054164074475149,0.09292708021927493,0.09772394800519185,0.09557650779579457,0.09548121280669633
6.416416416416417,0.10229021416382614,0.0968960262312611,0.09755949631563234,0.0983867772830695,0.0853958541202383,0.10552681526556885,0.0925611187085973,0.09719553833549148,0.09730414078335567,0.09596816125725002
6.426426426426427,0.10054104416666892,0.09697919354760585,0.09747272602340364,0.09719713956313761,0.08498876641142729,0.10503061934071961,0.09297874080767654,0.09591631750771401,0.09731335395818269,0.09739755110745102
6.436436436436437,0.09977850861218693,0.09688195758564021,0.09667301133031189,0.09577690445631154,0.08494197911458981,0.10490076600505029,0.09339969352725533,0.0959864433742332,0.09707451579156821,0.09826855692012082
6.446446446446447,0.09936703693391769,0.09664151742200028,0.09707922947545543,0.0956017084145947,0.0854387426752257,0.10581347377777138,0.093910697225522,0.09750779071886499,0.09775806599467933,0.09858573227758154
6.456456456456457,0.09983661586700807,0.09614445678417231,0.09683361492840768,0.09490692776676153,0.0863216830141763,0.10589257729024512,0.09342916546947674,0.09781125041953899,0.09896979548681423,0.09839729696225866
6.466466466466467,0.09891551623208031,0.09516328583319603,0.09691467140812234,0.09579520946076665,0.08497031633447945,0.10536004493589696,0.09240963326333435,0.09869487376904745,0.09933535860294568,0.09845256065113017
6.476476476476477,0.09898450819123653,0.09700132047571763,0.09763611106239434,0.09511242948902383,0.08473369453955054,0.10446443211181708,0.09193925385170178,0.09830597965488996,0.09941526262882541,0.09764998823430758
6.486486486486487,0.099193028606348,0.0973407359351641,0.09909700519501285,0.09541795851098714,0.0853465333467167,0.10358809673415922,0.09124294729174416,0.09873277860135901,0.0990888944172729,0.09824035163473539
6.496496496496497,0.09917607653597954,0.09766275452235537,0.09822439428999222,0.09556974823087441,0.08593623590283314,0.10306879930609616,0.0909652535289288,0.09778006278690647,0.09812410453350412,0.09882331539990107
6.506506506506507,0.09795940740524982,0.09730629323267767,0.09812180240372376,0.09542001570270535,0.08527018164720745,0.10135449004497268,0.08998563736277863,0.09713364530887125,0.09877371065842684,0.10012461935330276
6.516516516516517,0.09897616040263438,0.09775255617916692,0.0976717390707578,0.09568894458345258,0.08486603851701448,0.1021147835318869,0.09073995362888898,0.09747319514440285,0.0983611093745509,0.1004285723131551
6.526526526526527,0.09853080926248088,0.099045381343798,0.09754727324969435,0.09536835453979839,0.0845701779520895,0.10240412273519692,0.09125713989891762,0.09833563761093247,0.09633102935010623,0.10065261998958137
6.536536536536537,0.09879971777031421,0.0985253291576146,0.09673109830403262,0.09641348927474507,0.0847903904395291,0.10275995698621976,0.09198098566733671,0.09819082557578807,0.09672040847363408,0.10189293577825312
6.546546546546547,0.09924243152841547,0.09747721697512764,0.0967910310752005,0.09608783682163136,0.08339110405241014,0.10278626929096865,0.09017326705531427,0.09790853609845127,0.09739187121200225,0.10177551387075887
6.556556556556557,0.09990134549474268,0.09742615800419069,0.09769127240574468,0.09520478967527442,0.08354906430538422,0.10241807967425015,0.08990849535379174,0.09654744467928399,0.0977161403514297,0.10150895753432067
6.566566566566567,0.09939733960665682,0.09749785611149989,0.09753406915615946,0.09326113752133477,0.08337188088846523,0.10141201213473719,0.0895265653067653,0.09611265217949849,0.09730884978739374,0.09935944057215519
6.576576576576577,0.09915869130792708,0.09669403546377027,0.09744521587547732,0.09325674858845862,0.08354708768625024,0.10197305365306913,0.08973295029717465,0.09571591948029502,0.0979680908390744,0.09877725875301759
6.586586586586587,0.099571685058251,0.09646415911892123,0.09703363444142192,0.09443152047675933,0.08451048951749622,0.10142189122358755,0.08936685611793066,0.09434136092562488,0.09898017064520827,0.0992734955024095
6.596596596596597,0.09866099238727195,0.09651952616777328,0.0971907453627277,0.09435947834436557,0.0844849995947835,0.10258143966537148,0.09019128716073005,0.09359516200214311,0.0987856804708361,0.09940274466338425
6.606606606606607,0.0991565191295148,0.09718054995937159,0.09686679443867274,0.09379655600587762,0.0847699414510684,0.10187954324607776,0.0903000166202853,0.0939992825529205,0.09984244512706814,0.09998406240635702
6.616616616616617,0.09819469325398152,0.09828584301179837,0.09583286955296201,0.09461193699527592,0.08503010938167288,0.09992867416113312,0.09074627709091242,0.09431295464401422,0.09977042186156622,0.09920345825078133
6.626626626626627,0.09807193170302722,0.09749328656087365,0.09595848522749394,0.09492754657208677,0.08497479784455168,0.09901822687194588,0.09045868366922746,0.09418434745208167,0.09894040023609431,0.09911903106681585
6.636636636636637,0.09941177966600845,0.09971802850896448,0.09512484740368847,0.09498962685959951,0.08588057494612786,0.09913362648142834,0.09210796819085902,0.09359623704697956,0.09768956827769497,0.09914684921380598
6.646646646646647,0.09969906392714957,0.0995260343659488,0.09474461162457594,0.0945226692040318,0.08600800824030612,0.09856687637632126,0.09190121792194686,0.09342665854836761,0.09706875823157814,0.09906605377506446
6.656656656656657,0.09963731538151603,0.09856856103181644,0.09503073900958638,0.09404179723868557,0.08537122709726201,0.0989335335965707,0.09272020876083598,0.0933861987370763,0.09881035795242726,0.09992081672113026
6.666666666666667,0.0988806174427952,0.09887080373110098,0.09549141230439388,0.09370532362081808,0.08595756950496218,0.09806436578767044,0.09226018694813465,0.0940830727391651,0.09971917336138586,0.10142771505247232
6.676676676676677,0.09803253654323815,0.10001234521923294,0.09522790401048867,0.09456305397829848,0.0861567778453286,0.09795478498928019,0.09265694271687747,0.0933731768134447,0.09964619805842978,0.10176622678990475
6.686686686686687,0.09776235064371396,0.09983652318914538,0.095297076771089,0.09518827559990498,0.0875875803315316,0.09744031141200929,0.09181527381309612,0.09353691633879876,0.0972761396088601,0.10163088415195919
6.696696696696697,0.09845130626829246,0.09870436450366196,0.09584660375361975,0.09480306213497236,0.08782113182760168,0.09669027341653705,0.09247827333469948,0.09308845645577037,0.09645128950281943,0.10163650812130262
6.706706706706707,0.09878830910194082,0.09896500260172135,0.09557127708862938,0.09323532285546633,0.08903273616062052,0.09666665613123762,0.09227590232325374,0.09170174607437001,0.0978604386341077,0.10056618458731201
6.716716716716717,0.09746734436414767,0.09947486159415815,0.09618738628698813,0.09366168575565391,0.08891593294139001,0.09660149191291306,0.0905791730358627,0.09121868457842235,0.09688691812290767,0.10046418657156775
6.726726726726727,0.09721798550881182,0.09933042976157996,0.09569050187860445,0.09364344531591327,0.08826407095716209,0.09569151242559577,0.09049320830366085,0.09165711129493159,0.09723819816634159,0.10032889159921579
6.736736736736737,0.09721219935966517,0.0991822125507357,0.09622480927127593,0.09246816350415069,0.08748187382556194,0.0959482040983467,0.09047839250568611,0.09322800871166304,0.09627034724691387,0.10095536288109498
6.746746746746747,0.097474377513684,0.09931134846163142,0.09633763063030452,0.09153902046113,0.08743341242218398,0.09673950712563271,0.090253195407858,0.09292459960348012,0.09587162799703071,0.1015466507256095
6.756756756756757,0.09689598807209693,0.10007024844085492,0.0965625159177914,0.09214568467036693,0.08783622703777011,0.09647823995090779,0.09003674535214304,0.09260530101719552,0.09502297226822813,0.10053312225478833
6.766766766766767,0.09700134038227995,0.10048549064540745,0.09606163183817931,0.0937633689217334,0.08745330556261974,0.0970901815863622,0.08994662210613298,0.09191119967645062,0.09484164273811839,0.10075105504664254
6.776776776776777,0.09845027195565745,0.1018809957703332,0.09705625536859087,0.09409357062652843,0.08709143974588839,0.09746207930265528,0.0903819488945009,0.09243166604389237,0.09334613945677715,0.1004555056979255
6.786786786786787,0.09877997366916477,0.102947290368258,0.09800500127592186,0.09454004320053322,0.08693084616258,0.09849077256508088,0.09038769233835679,0.09287144218351688,0.09209688605596518,0.10049227611898949
6.796796796796797,0.09878469543598627,0.1037689599587302,0.09794565924022251,0.09505072010315428,0.08679953326202237,0.09844961674827755,0.09041413794079609,0.09334948629415245,0.09219787479664737,0.09983025202137635
6.806806806806807,0.09897707289055212,0.10392081583334625,0.09765671638703421,0.09470001516986476,0.08679769766108023,0.09813460481997276,0.09086909700751923,0.0925121530012346,0.09100072524745688,0.10032364881939078
6.816816816816817,0.09793830461314307,0.10324392796960805,0.09799457998551088,0.09535110494735047,0.08715074504093698,0.09789044769261264,0.090473373620007,0.09189765727724826,0.09119993650157002,0.10119257811482345
6.826826826826827,0.09830445436263953,0.1031674873970376,0.09687256813930037,0.09478464275533416,0.08742811992396012,0.09898189824835822,0.09065400435014835,0.09312084233715416,0.09093189730503809,0.10063837072470558
6.836836836836837,0.09845207074718952,0.10317081015859299,0.09628864420331658,0.09486716036224402,0.08702806943230552,0.09749395303666096,0.09103572037407073,0.09440367656761026,0.0910102194725377,0.10032969408197556
6.846846846846847,0.0981289879805017,0.1030502291699451,0.09809654665152993,0.0950462068815811,0.08761541298349557,0.09633054949777119,0.09068357164895034,0.09370914512419781,0.09111231745302435,0.10035912278515295
6.856856856856857,0.09738928887631797,0.10155378585129277,0.09883537151094929,0.0956197490085629,0.08792000009440229,0.09660238213688933,0.09091538097246328,0.0943270938895112,0.09079815477959025,0.09999010032835615
6.866866866866867,0.0978146314256128,0.10125162418105113,0.09847199209925961,0.09581431546680604,0.08908934089695288,0.09624584765791012,0.09151386573465936,0.09433043697523336,0.09159762296377341,0.09997355017773116
6.876876876876877,0.09791790340795316,0.10249774770468484,0.09887080055262987,0.09635153026454016,0.08882272119625248,0.09533570694424692,0.09187041674962637,0.09415667269240117,0.09138653543191633,0.1005879769962513
6.886886886886887,0.09871280766419005,0.10253424310562737,0.09852269212859342,0.0971598832980187,0.08727651870393782,0.09517209546604391,0.09114944415152731,0.09506542268869,0.09101541120418166,0.09928933942366303
6.896896896896897,0.09904070777287957,0.10315060365091112,0.09857816094883112,0.09703459552174878,0.08726524868310113,0.09691986353133457,0.09065506787316119,0.09434194038380943,0.09159284296066732,0.09803364213638216
6.906906906906907,0.09929834452580066,0.10338693821690598,0.0987355143936167,0.09669267860647403,0.08715849802983672,0.09741191757974846,0.0903666926797776,0.09514571151597957,0.09150360170884911,0.09840583735710054
6.916916916916917,0.09746714408422302,0.10380423714273206,0.0991060496817245,0.09817836721682163,0.08710958473922639,0.09737330876642655,0.09031572811601946,0.09586210222036883,0.09183324133398643,0.09644612952045403
6.926926926926927,0.096992906840619,0.10380581850900736,0.09978592754057579,0.09835878907546924,0.08711275755481146,0.09769883089155368,0.09008674705747739,0.09577165569879229,0.0910608856878922,0.09608302843808647
6.936936936936937,0.0962713868231997,0.10426200277663576,0.09981568706351204,0.0987084361304832,0.08718870452625728,0.09684939230275708,0.09004974254891819,0.09805710426235274,0.09044320124974185,0.09619796606930148
6.946946946946947,0.09566849680789236,0.10262005312055587,0.09855751688680647,0.09912554045873508,0.08760340906559588,0.0972337141848147,0.08977346288716467,0.09896916342605121,0.09144160385177463,0.09556880808973418
6.956956956956957,0.09499882577146061,0.10223751732727372,0.09673502739283119,0.09986657722786935,0.08867769984611468,0.09713809756267243,0.08931538759231543,0.09966832527948415,0.09188027947577128,0.0961654132241984
6.966966966966967,0.09464042642029522,0.10248554636003687,0.09572007587460135,0.09889132286091872,0.08887092076838449,0.09668280983070254,0.08881321751157609,0.0999700960192405,0.09099416455470732,0.0967132947031203
6.976976976976977,0.09510799066555042,0.10124249441866383,0.09739881282717887,0.09807077701110427,0.08797408263525996,0.09747794945548434,0.08922684969362883,0.09997902987983981,0.09016301294878336,0.09587940134088044
6.986986986986987,0.09566404354574368,0.10131172021110173,0.09749251089818559,0.0976456509808629,0.08764582408234711,0.09749637773168968,0.09067186531711229,0.09935693227544823,0.08980183602393367,0.0966904662821984
6.996996996996997,0.09582632449349295,0.10135488771068922,0.09875184952253153,0.0971965392100585,0.08891641279515952,0.09833518810544462,0.08989502607618448,0.10001342972756379,0.08974796785892392,0.09501498053844586
7.007007007007007,0.09508202544432484,0.10184489327304952,0.09859533099960567,0.0971228896201574,0.08997206410058363,0.09840689610456484,0.09030374600700673,0.09929916837399996,0.08960601110210498,0.09540977498781597
7.017017017017017,0.09488630805398741,0.10144386927731723,0.099205443263056,0.0973072192020966,0.08950818800776449,0.09818217038881552,0.08951150411082112,0.10088942600432033,0.08921864949476549,0.09525883408729399
7.027027027027027,0.0954480555298995,0.10181473365585325,0.10053122696158068,0.0969926983509784,0.08867062065086073,0.09807307984596496,0.08997798941263975,0.10049741448554184,0.08946470301619935,0.09536631671607822
7.037037037037037,0.09488931589349694,0.10254934230289801,0.09914737742709984,0.09667988377241091,0.08986338462380947,0.09962950708250108,0.09078244079610458,0.0998913404602145,0.09087829858344856,0.0968163714548595
7.047047047047047,0.09379604717285547,0.10265355827278048,0.10001641583976682,0.09659014907750933,0.0903127837205276,0.09860154637219186,0.09092353876312083,0.09972863516905799,0.09125734181306673,0.09772385657288264
7.057057057057057,0.09340641094046977,0.10360089830820557,0.09940880094311473,0.09796036505434313,0.0898169081079422,0.09898398531976606,0.0924663118959883,0.10115896379910543,0.09204914556671727,0.09791493292252583
7.067067067067067,0.09452940480117006,0.10392411715189409,0.10021197345625503,0.09645131956212362,0.08943969731987202,0.10023433221416587,0.0917474283012775,0.1016831779513502,0.09234029659304148,0.09716839138181109
7.077077077077077,0.09504292863393614,0.10432995463704917,0.10087937412603416,0.0967166481394347,0.09009397943005913,0.10133109829593795,0.09184866102175716,0.10221925891927784,0.09164981136747061,0.09823117170877876
7.087087087087087,0.0957813677918181,0.10492690701123807,0.10087477621193017,0.0973594568838353,0.09155980046101272,0.1016613865562947,0.09200522779672535,0.10155603047558358,0.0900065987796708,0.09823221982025483
7.097097097097097,0.09632703769268071,0.10487521998647374,0.09964304506981707,0.0971784037864804,0.09149343877532831,0.10188802951395948,0.09182933766626887,0.10285454499356175,0.09038305910278607,0.09814210382628914
7.107107107107107,0.09572985409507198,0.1050038239423089,0.09954937225516367,0.09601645441270248,0.09186574048966951,0.10268808212768187,0.09179015566819133,0.10230094887164952,0.09084840694922731,0.09619095997896411
7.117117117117117,0.09551420356060364,0.10482200358261407,0.10024601977504756,0.09669393756710047,0.09092045113510654,0.10282118610854324,0.09138280298026907,0.10107849843944908,0.09021835872396235,0.09597469810917078
7.127127127127127,0.09673852111573689,0.10464470441790812,0.10042438213998754,0.09740195741221558,0.09033481205366486,0.10424809361522439,0.09132206342877376,0.10040971379554464,0.08977086763058545,0.09516051454180967
7.137137137137137,0.09584087580575708,0.10442848058383042,0.09980120248085016,0.09796764537594012,0.09037393473166759,0.10451478217106161,0.09120269969177447,0.10048480725370545,0.08963343387821357,0.09519766413375695
7.147147147147147,0.09413244671309087,0.10460932481336725,0.09843248832279188,0.09634457970607031,0.08968688991953012,0.10438765328527887,0.09251110667912146,0.10090720193723213,0.0897669542542305,0.09513233342860075
7.157157157157157,0.09458663315627777,0.10508531680691381,0.09864038740733314,0.09591959388686296,0.09075678656617849,0.10498656543000218,0.09175604134826815,0.1004604393301347,0.08951271577865808,0.09436541408933953
7.167167167167167,0.09541429651269018,0.10408089740764757,0.0971171843262461,0.09636491131506451,0.09064365768515245,0.10429353789849381,0.09060812712454892,0.09998777287077332,0.08888372408184878,0.09446285094231661
7.177177177177177,0.09491467606925692,0.10266502718617103,0.09723577362004629,0.09708812055647224,0.09220938998170852,0.10430530171065641,0.09053163432604448,0.09927745926242383,0.08907946778350774,0.09423903848311842
7.187187187187187,0.0942171837443796,0.10274707612288618,0.09704043390160647,0.09608982258725605,0.09221351120463489,0.10486922448824967,0.09022728038311006,0.09940431733026987,0.08912449094445248,0.09425360310125303
7.197197197197197,0.09290941558749707,0.10336224357157342,0.09639304361687766,0.09602026321992349,0.09149324164885375,0.10395721485194413,0.09012939894344543,0.09845457680822298,0.0888563771961824,0.09325882322690002
7.207207207207207,0.09268202176337396,0.10275295999280941,0.09667111991111084,0.09616561937164958,0.0917907352678664,0.1034576338273986,0.09020728234982929,0.09942628922126567,0.08869722288622012,0.09328313038088636
7.217217217217217,0.0941717065871927,0.10255081634927322,0.09697465313241399,0.09550588001358784,0.09122863848639447,0.1025222933267915,0.09114381291239967,0.09926506266631868,0.08731667858162372,0.09173881839380714
7.227227227227227,0.09441381275640856,0.10302405847371833,0.09667825515214823,0.09525310493873067,0.09030477988432763,0.10467435539119362,0.09284869925156902,0.0979355730900242,0.08781832872243839,0.09037436836682493
7.237237237237237,0.09345339400249345,0.10321292534699997,0.0978660506733877,0.0932827434816107,0.0899295223066563,0.10399733961089505,0.09341491530082634,0.09764739948624422,0.08825342335435707,0.0915772487323842
7.247247247247247,0.09374191349196215,0.1050606516513671,0.09780030076090135,0.09428934675534748,0.09083296986695516,0.10384007426386392,0.09464215022333754,0.09755029317612739,0.08738939692593839,0.09175680167920124
7.257257257257257,0.09428049126167297,0.10500343406166715,0.0985353003492642,0.09542364372843785,0.09088310921379589,0.1041600977162419,0.09447311693317263,0.09792091789604593,0.08751712101681805,0.0913570275972965
7.267267267267267,0.09504928972709381,0.10594692990618469,0.09886367565189214,0.09578135409889459,0.09146119306618483,0.10347602446726249,0.09407206310020842,0.09828447962444203,0.08776383966175964,0.09075723995542152
7.277277277277277,0.09424488743263984,0.10512555016017305,0.09990926619520525,0.09528963473106092,0.09184565429069165,0.10448618970857315,0.09436505587040075,0.09706349124620958,0.08733721689921287,0.09060195140067995
7.287287287287287,0.09437602544060603,0.10427563435591888,0.10060502976396961,0.09576584453265369,0.09103416693745839,0.10453034407368653,0.09460402490141426,0.0958040755637094,0.08840681352924996,0.09003904040165048
7.297297297297297,0.0930908056140613,0.10332501320103861,0.10232865070543165,0.09489129945427269,0.0923280893794692,0.10400177307468653,0.09494277858991414,0.09631646832638063,0.08809964296260052,0.09015107633732256
7.307307307307307,0.09159678750754839,0.10397500247866612,0.10253148293609826,0.09611708812842913,0.09296130333508727,0.10450825728286679,0.09398882451008918,0.0938728729126617,0.08784241642671925,0.09088787975124109
7.317317317317317,0.09183061677573431,0.10504037304519599,0.10307279086137211,0.09579671171213769,0.09332887436797715,0.10462170750806252,0.09545142616953638,0.09360343002149153,0.08727776492346388,0.09129081200004706
7.327327327327327,0.09228216312904478,0.10450285451900065,0.10301363879030823,0.09538975969391472,0.09346924274442459,0.10562745661534437,0.09562524871986777,0.09413951500579339,0.08700723480899751,0.092714708059438
7.337337337337337,0.0932952965122785,0.10527583941576395,0.1028592623359599,0.0959476975608777,0.09355637198592338,0.10560635674410146,0.09402497373855781,0.0935183587421399,0.08717609888855236,0.09330669571210588
7.347347347347347,0.09349782336342623,0.10531949136572162,0.10243557566971945,0.09705651306642725,0.09320017184040906,0.10448547530920363,0.09407682149418888,0.0943920107742783,0.08688184958928079,0.09451119418776911
7.357357357357357,0.09347021546995357,0.10544187311304051,0.10407168399330392,0.09668699347730565,0.09372578452739604,0.10414782712499203,0.09420378914208816,0.09511453753336806,0.08594611517009097,0.09527422241360398
7.367367367367367,0.09368559778557978,0.10515195384344038,0.10505555104653654,0.09675848691245373,0.09363958424967739,0.1035482386491736,0.09272882813224094,0.09492749004858737,0.08605353333605854,0.09457201434709771
7.377377377377377,0.09291596747498215,0.10392956582555438,0.10500869261283295,0.09716503237277115,0.09355591546035003,0.10152706919737342,0.09305650946729675,0.09428640960205466,0.08796989040526695,0.09414582706001422
7.387387387387387,0.09292505683308677,0.1032548102399601,0.10417873299125607,0.09838068467877646,0.09329099591957779,0.1000541082818875,0.09170308082875361,0.09529777045590794,0.08729227193512681,0.09619699165976388
7.397397397397397,0.09419180536020647,0.10160298387030574,0.10463947718518203,0.09809377493385522,0.09379505257400952,0.10064267450272434,0.09251352721758017,0.09539192676765666,0.08758235573280862,0.09703124988082455
7.407407407407407,0.09380672934461752,0.10255669624093586,0.10387755381022142,0.09885314165503804,0.09436745918620483,0.10053896793017249,0.09191306781067116,0.09618198514209847,0.08637225632306826,0.09611199559650688
7.4174174174174174,0.09539777142201074,0.10299235361450224,0.10340699807958947,0.09910814482085015,0.09477100589568971,0.09962391504761894,0.09263877235595593,0.0959438542606883,0.0859646262514962,0.0965300056493837
7.4274274274274275,0.09601452252493013,0.10195791482749432,0.10280565864895536,0.09948493525018351,0.09429787898910358,0.10003389271505828,0.09212744097448133,0.09689297323562736,0.0860307318182248,0.09634250280464668
7.4374374374374375,0.0971790692941718,0.10115642357753876,0.10254927647311966,0.10057092049281187,0.09484078684613287,0.1003839779236271,0.09209534231945689,0.09767680132358003,0.08608968992768745,0.09539694239100217
7.4474474474474475,0.0979052571504576,0.10124047482405212,0.10405640152595037,0.09874173670741462,0.09495182918871371,0.10001316383187195,0.09175607136878282,0.09812294769263913,0.08716171567991983,0.09464753434409627
7.4574574574574575,0.09750442681222322,0.10014200273941568,0.10394890140993905,0.09985315113130148,0.09368995001667678,0.10048495308148503,0.09163580464835915,0.09862733511664169,0.08654261377480979,0.09432607176877704
7.4674674674674675,0.09769316086197587,0.10120850251085817,0.10418394422764833,0.09867347992675282,0.0938701932200453,0.10106353647210647,0.09146620881442792,0.09785619841461239,0.08646340792715461,0.09285315145272142
7.4774774774774775,0.09770079808467556,0.10262023626955051,0.10345138937039368,0.09884123591354346,0.09398627216097306,0.10219516789265409,0.09096755287782228,0.09844901093121905,0.08727443643758882,0.09280542743315166
7.4874874874874875,0.0974454478232627,0.10352960892568465,0.10420536543302196,0.09977030967116964,0.09577033270859799,0.10225599968022854,0.09120984962848114,0.09717743341878106,0.08607761885497647,0.09298765271189227
7.4974974974974975,0.09724458571514452,0.10320776010480581,0.10469406586754983,0.10023495007235307,0.09471840621540802,0.10229080435071752,0.09010418155772859,0.09732865091553695,0.08766087149512962,0.09345886674460605
7.5075075075075075,0.09682656554886411,0.10253787443248256,0.10483430031911757,0.09994834246522177,0.09431722238898302,0.10267703453968742,0.09075494930853084,0.09708044858742008,0.08792152718984428,0.09285112915493655
7.5175175175175175,0.0966810146536184,0.10202731745886168,0.10472825508979593,0.09904669566248667,0.09435086171457163,0.10241170049684094,0.09088818851442661,0.09624964465022284,0.08691417509087022,0.09289568888575123
7.5275275275275275,0.09625247930070972,0.10291238006026404,0.10492592112370434,0.09882067782432354,0.0936758371137036,0.10281366571299941,0.09084880969258348,0.0965265754946777,0.0877129706704544,0.09264995952068594
7.5375375375375375,0.09634186918215265,0.10145914127095541,0.10542545855894667,0.09929796711851262,0.09311927448068617,0.10288459933328688,0.09038213638883176,0.09566941903590574,0.0881582814354881,0.09440579307025795
7.5475475475475475,0.09618058384607434,0.10165574430971504,0.10433312423495586,0.09854548892033406,0.09274079779475591,0.10249823789774365,0.08893393549028902,0.09605918919982918,0.08902791447553342,0.09434033200271487
7.5575575575575575,0.09671056039068666,0.10307621088053094,0.10409301544870035,0.09768934069501423,0.09198424303166598,0.10290138037887384,0.08955467538568156,0.09695389319009999,0.09028913167345048,0.09487801222940791
7.5675675675675675,0.09635814230756391,0.10227674318165919,0.10328553014618985,0.09583292014240158,0.09193959557673327,0.10176349061703155,0.08910082259377065,0.09659267900924878,0.09070029273827857,0.09641622455829048
7.5775775775775776,0.09659970754659979,0.10272132178817288,0.10271332870039808,0.09617531752087827,0.09317411316706285,0.10125762104212505,0.0893838789470037,0.09711151143268655,0.09047513834700362,0.09740432780832058
7.587587587587588,0.09538183277885462,0.10381407432034385,0.10292256011885101,0.09734357167791635,0.09300265238836941,0.10188063039731508,0.08848295819424218,0.09761461406266478,0.09115748371927646,0.0963444786959064
7.597597597597598,0.09533974295182161,0.10301231265677135,0.10295462221492194,0.09689095520137618,0.09245602910765278,0.10128334628369388,0.08945170236550594,0.09848897877435736,0.091877400644967,0.09809816683989213
7.607607607607608,0.09443057589333342,0.10216311576947255,0.1031873310613299,0.09659905910492672,0.0916098161613763,0.1008772335160273,0.08796073437822491,0.09971454312777663,0.09269828623019848,0.09772981531378118
7.617617617617618,0.09609747218575021,0.10228944766683667,0.10186059534259269,0.09729088706036575,0.09072781545266614,0.10039700549544849,0.08885224882864125,0.10017892003776402,0.0930078632485418,0.09796773729775753
7.627627627627628,0.09655017827364588,0.10301106190320157,0.10161012950231063,0.09592288525570368,0.09171827362631042,0.09783730432770711,0.08827778519256019,0.10135220784788086,0.0933430935007606,0.09953642220333456
7.637637637637638,0.09647380781656006,0.10334156459587951,0.10194233064650866,0.09610185023145806,0.0906135897717561,0.09824442295843494,0.08897902899200767,0.10135492120569532,0.09341651803358056,0.09969390135910228
7.647647647647648,0.09575048697299543,0.10387616204712004,0.1012784151034441,0.09623308733033835,0.09102651162430324,0.09873964428346518,0.08946354174618062,0.10166318807390051,0.09496568526818774,0.09927080768370676
7.657657657657658,0.09632130564854445,0.10475922974513617,0.1026370025587228,0.09750009069259116,0.09194736285147828,0.09984900008997405,0.08977531435878104,0.10217137172586323,0.09503541267750062,0.09906403616892609
7.667667667667668,0.09599269929395692,0.10449251074877039,0.10170241352997253,0.09767896902502532,0.0920215820144976,0.09957772985294301,0.0893436107455921,0.10281603265441325,0.09615973521745194,0.09913073662057623
7.677677677677678,0.0970018375610111,0.10504966176576845,0.10092462820026862,0.09855142034247336,0.09234397518264872,0.09960353919087384,0.08960130492257355,0.10159596991237202,0.09702443920168057,0.09914410327307632
7.687687687687688,0.09692058653878369,0.10496192120523969,0.10037096954987826,0.09992128275501493,0.09393003864849434,0.10064209146110187,0.08958288179372031,0.10160177036463379,0.09758168258563775,0.09879450901126043
7.697697697697698,0.09812665612617326,0.1042907058423786,0.09960965665004741,0.09893981502209925,0.09280371586585402,0.10122496941847724,0.09087202703130903,0.10015249479428592,0.09723831582021532,0.09788147733461552
7.707707707707708,0.09796430768981264,0.10403271546465545,0.09981512096251084,0.09809779708953648,0.093217010531029,0.10287646680821239,0.09180130462970829,0.10020616909877969,0.09610401073984372,0.09731391837339308
7.717717717717718,0.0976657517533559,0.10375325420275987,0.1006920997926781,0.09693658296258699,0.09251501090535409,0.10369352246471555,0.09257729678895887,0.10089528165033106,0.0959778955864143,0.09704831824097704
7.727727727727728,0.09732573328014155,0.10238323702329154,0.10053316918293978,0.0963479240668445,0.09317053693610124,0.1038039182321476,0.09285742044398018,0.10019233366333963,0.0960409180554009,0.09701253355071719
7.737737737737738,0.0970520391895712,0.10083833712923412,0.10009263872323201,0.09522037778724218,0.09253077288009987,0.10562135479200005,0.09355905121913984,0.10168395112377325,0.09624656543719413,0.09810856207658261
7.747747747747748,0.09569696318562976,0.09945701360116148,0.09912566437019348,0.09383012616039431,0.09363309959167106,0.10584149134429768,0.09499272251239956,0.10108137226561635,0.09647326762179805,0.09800463484883563
7.757757757757758,0.0948271857452933,0.09973277298353622,0.09888331988988816,0.09293258169125879,0.09343241411054007,0.10523583394766471,0.0954569094709421,0.0999835378736385,0.0959848875318264,0.0986968588425166
7.767767767767768,0.0950238774596462,0.1013696494286295,0.09894342863691018,0.09324177712455498,0.09243571913521385,0.10480738226922415,0.09524292933524668,0.09975534644808838,0.09513656137540173,0.09952881086253007
7.777777777777778,0.09591647124640978,0.10088795133388939,0.09886242723369529,0.09387209242357757,0.09335940030525965,0.10401532662506047,0.09485662618154467,0.10010259918977325,0.09591465057011975,0.09948941876949621
7.787787787787788,0.09601367107087544,0.10048443718304657,0.09989743378981163,0.09336751196280954,0.09303171631926177,0.10405058027534825,0.09470231827390893,0.10076718522429598,0.09575617488107697,0.09931970589554281
7.797797797797798,0.09602237718763673,0.09954968439453782,0.1010770405684156,0.09275901312235715,0.092268440549501,0.10483638911797243,0.0931423732689422,0.10053345028102055,0.09516711362650934,0.09885109794015451
7.807807807807808,0.09462401861426258,0.10004039369092776,0.10072785022576672,0.09356247333363965,0.09412286960401615,0.10576180892718423,0.09260933627097204,0.10292851667100199,0.09589518925809568,0.09902921080865969
7.817817817817818,0.09644429210792345,0.10006369725636495,0.10043494353245508,0.0948136340849173,0.09330407848082717,0.10470773917054396,0.09236358800380134,0.10434405097766783,0.0958676069329092,0.0986137654953744
7.827827827827828,0.09465229208774183,0.10046449033207495,0.10065616385682052,0.09435950360380709,0.09386001537138405,0.1049592821874939,0.09311152716170006,0.10455269759746606,0.09727393593741623,0.09862367318629964
7.837837837837838,0.09441660104765683,0.09970450689337276,0.10040478720006372,0.0938009733446877,0.09437025019207233,0.1049821415779621,0.09339859071999157,0.1044397908422646,0.09785863056106138,0.09815887852735773
7.847847847847848,0.09471925036943309,0.09955182288234933,0.10053182469932803,0.09447159775031658,0.09515589314485337,0.10486015996305154,0.09361932949244375,0.1050404944791553,0.0963627164412389,0.09857945861614402
7.857857857857858,0.09365609010766521,0.10055095118069321,0.10138287659920983,0.09552033261437819,0.09497337951330025,0.10582884044954852,0.09364559288248642,0.10468741693375377,0.09587124146173454,0.0985926452340207
7.867867867867868,0.0944501731980563,0.09992853764318374,0.10113537530508072,0.09567316927999403,0.0945098684786007,0.10574940489963251,0.09298108863339138,0.10375989726841045,0.09650253757031972,0.09952414690897249
7.877877877877878,0.09600145455642331,0.09919298531413152,0.10136499878650186,0.09622684116132244,0.09504360874939,0.10581241227327079,0.09408637671816585,0.10316616051021077,0.09675030954629812,0.09988916456310808
7.887887887887888,0.09626667287388736,0.10025955580882383,0.10081172917057891,0.09567889727537261,0.09533079932265259,0.10492507015210385,0.0949698676397458,0.1027323783496511,0.09632073968574521,0.10063255943248581
7.897897897897898,0.09672648547148739,0.10023158503246579,0.10142484404912289,0.09522125445273524,0.09545001340914248,0.10619940633732547,0.09580470507833178,0.1029900695186414,0.09650839145964732,0.09971222057550495
7.907907907907908,0.09626965028144525,0.1001024963234733,0.10041463509905321,0.09510559234979148,0.09524658095515387,0.10566172375339455,0.09513881762178866,0.10364236590064396,0.09596890134415237,0.09903005066385864
7.917917917917918,0.09707889006055521,0.10125922758461976,0.10046255803540724,0.0949043103139141,0.09651993308877942,0.10440175902126482,0.09359597121271952,0.1043430591283435,0.09697474986624484,0.09912121876708492
7.927927927927928,0.09800883989547506,0.10016662220440735,0.10080052812706336,0.09457798029139973,0.0968718941414173,0.10430793521373795,0.09323022672098295,0.1052090880679231,0.09594913321742253,0.09847185251535455
7.937937937937938,0.09849255805283559,0.10026397131588353,0.09968785603082418,0.09451143330593059,0.09788801074470643,0.10595260130084269,0.09512968391720773,0.10413531252369096,0.09777780111868892,0.09816129748722134
7.947947947947948,0.09743499906776944,0.09957234381416272,0.10052471630705549,0.09576821212140113,0.09789733273589946,0.10566775351119326,0.09502662003715213,0.10490841794486318,0.09692877317485067,0.09860518968944781
7.957957957957958,0.09768231172058019,0.10005842292931412,0.10023690010719014,0.09653427163810638,0.0966351576342149,0.10546137503347965,0.09411275270510411,0.10593096264057768,0.09761933598769852,0.09843936372939477
7.967967967967968,0.09876687650188026,0.1003072249730735,0.09900371842142904,0.0973333499851996,0.09630075700245995,0.10604229593570308,0.09340695983328959,0.1063292386571741,0.09688764915984859,0.09913113952123302
7.977977977977978,0.09964589691105165,0.10111816438840547,0.099131927685228,0.09715228826150757,0.09540154845018854,0.10614013706555803,0.0932796528031623,0.10526843666061224,0.09662576196073645,0.10007393963670268
7.987987987987988,0.09957588021095017,0.10115288245297081,0.09842780474940183,0.09720931425189974,0.094253867390204,0.10565969343980915,0.09331301786485108,0.1059638702051873,0.09634361561955723,0.10047650222100102
7.997997997997998,0.09884526569489263,0.10037590629351094,0.09915868047273622,0.09662239988258721,0.09418811525050957,0.1056153533780379,0.09356100391965538,0.10528783960995197,0.09641201233042224,0.1016396018315121
8.008008008008009,0.09927393212182259,0.10066804880393278,0.10027954159657171,0.09561107269731857,0.09424759293467716,0.10535762821687734,0.09260526547656464,0.1056888083791803,0.09687459759044564,0.10247416366634865
8.018018018018019,0.09920670725779974,0.09902775316946397,0.10090832996908486,0.0957797017595158,0.0944733157364943,0.10531149562037027,0.09157086800656192,0.10652695164750613,0.0984077148725347,0.10178682583037509
8.028028028028029,0.0988964530948482,0.09939035652084979,0.10102461715090433,0.09570559771017145,0.09489194564336849,0.10632807610588849,0.09191554000624924,0.10747592154000431,0.09718251316398352,0.1014055404131776
8.038038038038039,0.09782716117873241,0.09987261450720704,0.10143814765605554,0.09526416588497869,0.09554548916991888,0.10676422358542215,0.09227902613687985,0.10751818568358336,0.09807403966129002,0.10018543261488366
8.048048048048049,0.09733073127548153,0.10102870621939752,0.1025620076342688,0.09640674834814322,0.09671352673260325,0.10650838752955125,0.09136032201183567,0.10821120896657437,0.09760697972256903,0.09997425744351464
8.058058058058059,0.09741811328040106,0.10171311415096644,0.10261879763824766,0.09654109266258624,0.09683774247518527,0.10664622214911783,0.09121705737798551,0.1071734244380657,0.09886794795879288,0.10132502998170453
8.068068068068069,0.09703850860694613,0.10083803838410384,0.102934918821081,0.09567320590508369,0.09754161588660522,0.10765256006983633,0.09192098573759351,0.10673859899549504,0.09771808559049196,0.10194459722942319
8.078078078078079,0.09635374530579424,0.10206071215769054,0.1030704336936971,0.0959794950119589,0.09743898775380631,0.10748042251529542,0.09089485276123802,0.10702808714446413,0.09640702671868806,0.1033112231590571
8.088088088088089,0.09552751510601676,0.1017270940323025,0.1038676542681946,0.0954276176817761,0.09723899070180042,0.107134002237696,0.09242017346649713,0.10664790149250548,0.0964295350754455,0.10148080891851433
8.098098098098099,0.09649545608947543,0.10277032795039816,0.10480079152562095,0.09532633898775493,0.0972466546744076,0.10732315786555618,0.09263984758512327,0.10672611729002797,0.0960776733506733,0.1022361798160928
8.108108108108109,0.09558231981825918,0.10323889714813526,0.10417010068940544,0.09505032597199231,0.09777915867107137,0.10619080660250656,0.09338796063768075,0.10614646067439384,0.09560379576949196,0.10176349566114004
8.118118118118119,0.09380324026470194,0.104607241698379,0.10400079505266469,0.0969003814571092,0.09729478902782579,0.10601851981690259,0.0944350435229176,0.1055339985944736,0.09485033795109968,0.10088817628653042
8.128128128128129,0.09431272775651357,0.10459808776119582,0.10351335349194311,0.09560905474875403,0.09692869082574929,0.10617404665849686,0.09425730371144961,0.10305980042126414,0.09419404227847979,0.10144818981182596
8.138138138138139,0.09475712413737247,0.10434793338825056,0.10332509994494911,0.09645569247086158,0.09673416340504346,0.10521543223202841,0.09400524142372368,0.1015710315178555,0.09307053772806798,0.10171815557091056
8.148148148148149,0.09497558531246256,0.10359850684635705,0.10391203198859436,0.0963661434663699,0.09639899206487472,0.10613801070234176,0.09552762490912833,0.10167178114397077,0.09279343370433123,0.10261546242969485
8.158158158158159,0.09574881413516957,0.1045991110056175,0.10371737738595425,0.09817947025816806,0.0962577007138655,0.10599336036342763,0.09570068105014116,0.10068323413574128,0.09269096870825902,0.10266993071408587
8.168168168168169,0.09721033857713954,0.10504667878911288,0.10449726521075714,0.0986192912753408,0.09674167814268955,0.10509823035083443,0.09591528561030391,0.10004303110287534,0.091086582393146,0.10152440645681941
8.178178178178179,0.09715139981006952,0.10406343784030231,0.10505283336905355,0.10007140468696225,0.09678564571967299,0.10449188328081786,0.09592777330654224,0.10047400813193502,0.09110841620185914,0.10164635899695308
8.188188188188189,0.0956895197317414,0.1038487369350208,0.1063985382030536,0.10047514156583938,0.09747237844397943,0.10479064546326267,0.0957297754473263,0.10124092930216884,0.09028619518311394,0.10278156643188693
8.198198198198199,0.09589997084408004,0.1046629422649738,0.10588267221718246,0.10039975352598986,0.09854172824537076,0.10505816293705564,0.093997894863127,0.10108229860208308,0.09070110009297475,0.10381549399712564
8.208208208208209,0.09630307824192426,0.10411778131408425,0.10654832684087291,0.101360019023068,0.09960404080297633,0.10486966720036318,0.09346657660352119,0.10110244873575149,0.0917871245337951,0.10391310118234195
8.218218218218219,0.09600968983104878,0.1028646250791317,0.10589861115125106,0.10291763398716196,0.09909422645687023,0.1050092751761268,0.09504399567175495,0.10017125414080649,0.09342552689416012,0.10465213921373688
8.228228228228229,0.09632508606376472,0.10254817188644924,0.10606221639081202,0.1026101035996363,0.09917973383975716,0.10477255966486461,0.09493106897939103,0.10028867710951457,0.09318245941761849,0.10504465728631227
8.238238238238239,0.09614702496025762,0.10344560150446198,0.1054543602304011,0.10359079665050261,0.09976322029922581,0.10471377335485589,0.09499172604926549,0.10093155215683065,0.09279557827181298,0.1049088689125123
8.248248248248249,0.09641875635653989,0.10305632432059503,0.10506605852383095,0.1039825494124898,0.09960897037939333,0.10331840293312894,0.09431539180595663,0.0995958663016404,0.09229460042330899,0.10467322144655308
8.258258258258259,0.09631262260522305,0.10248785934895739,0.10401078887090762,0.1039953751757248,0.09950973349750832,0.1022979822021448,0.09392490339935647,0.09858797432659483,0.09160403064569307,0.10563125726287301
8.268268268268269,0.09631967440229013,0.1020337980847959,0.10458532231949573,0.10304324166169594,0.09951857333741486,0.10179779333774475,0.09508773727726108,0.0994774319089713,0.09172335207382008,0.10629481303455861
8.278278278278279,0.09593309793058191,0.1021680427914416,0.10470335756403826,0.10298779682237479,0.0986654086052616,0.10245765481854863,0.09549505047859248,0.09879417829550323,0.09101467191226167,0.10593690525583319
8.288288288288289,0.09511176581638467,0.10207047945795389,0.10321177608962762,0.10334454494891883,0.09948151238015067,0.1025322687858468,0.09411234304716024,0.09981700218396497,0.09238639694060274,0.10612642037522803
8.298298298298299,0.09597625314851205,0.10351650959294655,0.10417472974780437,0.10310172047555718,0.09924140883287437,0.10245486920804946,0.09344287852593175,0.09904174197458987,0.09406762151551316,0.10709846311014366
8.308308308308309,0.09693182771804225,0.10319241698409612,0.10310474366298097,0.10329084265662081,0.09966074617237278,0.10313943089635638,0.09395444150018167,0.09861439580216794,0.09326781716994553,0.10642403623007883
8.318318318318319,0.09835167070142983,0.10287108459201116,0.10344670171574943,0.10340920340079729,0.10017335541758467,0.10308104510779709,0.09433975197876389,0.09815393147146964,0.09370033382093704,0.10633007089284276
8.328328328328329,0.09818363323013582,0.10382692414393183,0.10358532807486018,0.10195803949461704,0.09889113907486138,0.10213342298539073,0.09489577343879867,0.0982045524615286,0.09264446329755496,0.10648473789773703
8.338338338338339,0.09794720424984937,0.10471444790069727,0.10443519298838401,0.10164978936646983,0.09856005436097004,0.10298389112748724,0.09504708402642333,0.09997603338101198,0.0936723817187949,0.10501658123772405
8.348348348348349,0.09861072807260643,0.10430923534106985,0.10414085690910724,0.10108288964764678,0.09793152255114033,0.10371411778822769,0.09428261459493054,0.1005323841659116,0.09381537622239157,0.10392557464254484
8.358358358358359,0.0987749254441313,0.10393122524232039,0.10453800292321441,0.10020744178174178,0.09813498816870338,0.10297163204315428,0.09471344798786033,0.10106349631104795,0.09263518571538838,0.10464380308111268
8.368368368368369,0.09906759809580769,0.10424701811266933,0.10435829821595138,0.10125671083607639,0.09683675673323407,0.10340985734834461,0.09492006606099812,0.10214500163172345,0.09323722621872481,0.10352570781337321
8.378378378378379,0.09862945492293791,0.10300855639877886,0.10369074854723455,0.10117857326133424,0.09645779580113892,0.10269336229639084,0.09528279563995656,0.10135139279461251,0.09325535136879867,0.10450064108961367
8.388388388388389,0.09833804745349532,0.10193653182921908,0.10362977111006244,0.10155660419484035,0.09708547020548974,0.10073341324792319,0.09392923602112112,0.10031151287912592,0.0925647784729423,0.10486923104002005
8.398398398398399,0.09759723081857166,0.1026984910768936,0.10393424063288557,0.10112880579025962,0.09754812920403928,0.10005573488313872,0.09505567606768539,0.10127003160878693,0.09224785916849831,0.1057911363313099
8.408408408408409,0.09725571277732069,0.10286520095417043,0.10296234572865812,0.10056270185136182,0.09939079145831027,0.09935517342300824,0.09474549090834528,0.10142637243653145,0.0928979127826228,0.10524570166138955
8.418418418418419,0.09821590373460662,0.10217703795296618,0.10214564822929736,0.1019031823596087,0.09967245683489269,0.09843147489203645,0.09543651098177876,0.10146271055763983,0.09246960846315427,0.1058163284122715
8.428428428428429,0.09817230326780256,0.10212923033405097,0.10096570528580978,0.10246724932238971,0.09907049356012596,0.09730893792664168,0.09503826242271779,0.10126180202530258,0.0919665415533175,0.10555443228297617
8.438438438438439,0.09796445153160958,0.10227160943428433,0.10056727840118687,0.10314545950155238,0.09877012493782696,0.09793581939297431,0.09489659150755869,0.10065146864625181,0.09279099895297982,0.10599733882034723
8.448448448448449,0.09910198720964508,0.10242296287998395,0.09906823986080658,0.10372910265457831,0.0981420356881787,0.09809479336625317,0.09361142981075628,0.1011917557361928,0.0946118145415133,0.1057563155426575
8.458458458458459,0.10020640325073583,0.10209709732577918,0.10010209182765237,0.10394103767249037,0.09871309273130953,0.09852029058066399,0.09463676920878879,0.10166169615135139,0.0939027207922221,0.10489498125962626
8.468468468468469,0.0989557531337706,0.10256404015351842,0.09943349027593479,0.10300839467447898,0.09925728964802069,0.09906987454613905,0.09600622328986572,0.10178559874793748,0.09524812495396232,0.10465297377416816
8.478478478478479,0.0977641106284244,0.10183102184769936,0.0991771549443243,0.10113096397538633,0.09900172475109303,0.09912715243512969,0.09578223708990846,0.10126438508253442,0.0955689237028967,0.1036519836713475
8.488488488488489,0.09823013343576927,0.10143266081015638,0.09875256299896598,0.10165816572728542,0.09727447182795948,0.10043902324494206,0.09632615528026077,0.10079078629798809,0.09525624470963072,0.10185075517995108
8.498498498498499,0.09824207249606248,0.1005879081684764,0.09966648543457435,0.10055501189032212,0.0961347616950823,0.10246797187919857,0.09593916352412231,0.10025779537084661,0.09573555218207465,0.10276732361101454
8.508508508508509,0.09929560312713671,0.10036425332953426,0.10049689997269093,0.10034273194661603,0.09515851100506158,0.10121806095746458,0.09560302941322397,0.1003606007526774,0.0965051268809399,0.10285873309854644
8.518518518518519,0.10097703695603018,0.10081881120831171,0.10143019035599408,0.10023047268220965,0.0946804649643179,0.10062717066560038,0.09672760510089103,0.09991633225546544,0.0970309988955957,0.10297579019729677
8.528528528528529,0.1005064593817293,0.10012231863881783,0.10109673501999594,0.100508087568098,0.09502864126817835,0.10104074448545283,0.09651108302062304,0.09992811998109115,0.09783264722311674,0.10380211585988293
8.538538538538539,0.10079643858077958,0.10063564915434138,0.10120775704099584,0.10048306152728136,0.09354508061419711,0.10101551267853034,0.09600235479764642,0.10041117829731173,0.09693076489959766,0.10328267172924774
8.548548548548549,0.10026568893524629,0.10072996655759348,0.1009414523251648,0.10045898837758026,0.09376839074494375,0.101124754833269,0.09520882774729615,0.09939277037857128,0.09712178546247902,0.10256796517895064
8.558558558558559,0.10031323720037473,0.1015776929019371,0.10048418057293408,0.09970763933121468,0.09515873546363118,0.10021172391593924,0.09484268795944388,0.09840843440718738,0.09652579668594531,0.10362320822380763
8.568568568568569,0.10152672056133669,0.10198044146587268,0.09940902514451687,0.10015373304672033,0.09456542404590655,0.10077802361994469,0.0946005467775188,0.09809382025905222,0.09655721857757751,0.10400686163465413
8.578578578578579,0.1007441297756678,0.10224595021743417,0.09810562486577068,0.09867238688135206,0.0948471302172882,0.09945814456880309,0.0948803945731333,0.09800258778627821,0.09646759838996254,0.1040574197978334
8.588588588588589,0.10161558920205077,0.10124213049569801,0.0987003746882198,0.09848110120534317,0.0960483677944259,0.10016162034450188,0.09482558658079455,0.09781812601458194,0.09657604385205834,0.10481913416655703
8.598598598598599,0.10037600726014137,0.10318464137947884,0.09780887722929577,0.09948381315096556,0.09576102231499485,0.09956342512880059,0.09363744899813702,0.09796753791645033,0.09874507162384714,0.10324280452224469
8.608608608608609,0.10171371017025778,0.10378078002159433,0.09868136264666988,0.09972346193564031,0.09653578235766669,0.10034311534051012,0.09197274856403748,0.09887038191719348,0.09803474836029269,0.10265799907859097
8.618618618618619,0.10133583251246689,0.10418919855018549,0.09851386344115326,0.09955816330961102,0.09848950545197875,0.10142101333755385,0.09168336054856252,0.09951458596351383,0.09713674829325981,0.10117394410427012
8.62862862862863,0.10212312075780534,0.10461577264324753,0.0988417219427799,0.10110883401315121,0.09897287747194253,0.10240725515205577,0.09165166892586762,0.10049321276006189,0.09528086416912798,0.10121968405267406
8.63863863863864,0.10330693162068878,0.10270278463221764,0.09873488779574646,0.10134069635805357,0.09847595979441204,0.10241163830855925,0.09040003872102513,0.10180684352407793,0.09466454420529562,0.1011114502668691
8.64864864864865,0.10313324317876223,0.10315613356117574,0.09918493367611658,0.10153669704427538,0.09878790502889274,0.10334368311157714,0.09008448279458685,0.10087365133698424,0.09555443335733958,0.10073047047338592
8.65865865865866,0.10320975636037735,0.10331336761623343,0.09840549500301388,0.10113977214720292,0.09779257608801892,0.10326520517587263,0.08909037415425133,0.10106789920098455,0.09520504912755358,0.1001996934792756
8.66866866866867,0.1038028742734733,0.102907322592373,0.09872532590982577,0.10143117057014128,0.09790059457273659,0.10408505715842742,0.08855869706976997,0.10110827509686372,0.09591929410550865,0.10072704762149336
8.67867867867868,0.10476725090970085,0.10179052693253782,0.09810465567000808,0.10060611455416565,0.09826900788596449,0.1043590115517204,0.0893794708007961,0.10124431339725355,0.09531477571453434,0.10074904342977452
8.68868868868869,0.10484185328783302,0.10198307559067803,0.09720171787522375,0.10119519642073277,0.09920819172363034,0.10371592774885208,0.08778790872770273,0.09926745715770313,0.09627613665537607,0.10086831000563554
8.6986986986987,0.10664039050484701,0.10254524189900925,0.09705232826511483,0.10138568925324049,0.09870181823819753,0.10355386462832915,0.08786367969330947,0.099936056315175,0.0966617200030281,0.10203198801445418
8.70870870870871,0.1065091014993315,0.10079837394485376,0.09747866160124191,0.102733334817906,0.0983244338607316,0.10364795280528945,0.088824686963281,0.09811173453563979,0.09755760490869593,0.1016173341303474
8.71871871871872,0.10678411962851148,0.10043847980702564,0.09770414686265384,0.10337935093229284,0.09890225932728466,0.10351974042344188,0.08882287334669293,0.09677663884897189,0.09827738327870715,0.101946166414635
8.72872872872873,0.10710431562783676,0.09996004982681203,0.09968627955582564,0.10303604782889225,0.09867947177810701,0.10340648131445897,0.08825660494315755,0.0979861732326607,0.09850316433068322,0.10186048387711223
8.73873873873874,0.10745494639399517,0.10037296936274388,0.10050730320860021,0.10298554756083049,0.09974617890822311,0.10352397550701584,0.08781695519819717,0.09761524750993616,0.09885304660169313,0.10163003409936806
8.74874874874875,0.10733497096924643,0.1007229658845582,0.10127098463501548,0.10370931764664834,0.09928662320236778,0.10342562030466336,0.08942588252771856,0.09707643100152835,0.0997013597036786,0.10229372445605715
8.75875875875876,0.10723562480107285,0.10074192268514706,0.10038151576263687,0.10412099007756574,0.09948026518066663,0.10369437590654565,0.09038534786356972,0.09563412843238057,0.100833933852905,0.10270473644444843
8.76876876876877,0.10815898838890589,0.10107981405905424,0.09980844793041305,0.10419860105224063,0.0976939278397601,0.10277546367762817,0.09009711508844193,0.09708548488698658,0.10137658291237574,0.10315681165778219
8.77877877877878,0.10856022574115304,0.1020284325918389,0.0994688884057927,0.10515753584740599,0.09730921722309045,0.10235060559853265,0.08912598560868618,0.09670802977657424,0.10105379803866361,0.10226902129054757
8.78878878878879,0.10894122900660014,0.10133054726915243,0.09846498699506086,0.1058415999946718,0.09617078125860196,0.10216054405198638,0.09023905267479847,0.0972238965851381,0.1008671623477659,0.10252418673064609
8.7987987987988,0.10930537271695619,0.10159183030047479,0.09948813151479742,0.10784457351592615,0.09619637355486389,0.1004114611005239,0.08846164740242561,0.0985120696058397,0.10072201034793574,0.10092087058324344
8.80880880880881,0.10767623502621089,0.1009863621021755,0.09899960687220566,0.10809577395810281,0.09447797362186175,0.1005616819685516,0.08813272785592825,0.09974311294914984,0.10016374514488853,0.1021625988140244
8.81881881881882,0.10778464902536895,0.10200420567575497,0.09840771670304038,0.10855994347661442,0.09459933068199759,0.10084511246645265,0.0882088298435268,0.09964532591416295,0.10055699875396686,0.10142873454213477
8.82882882882883,0.10662860354634174,0.10215776132359473,0.099472486514504,0.1080258966510219,0.0937356761456351,0.10160425322827205,0.08901300910636839,0.1001491852314204,0.1003948606158266,0.1012206727149705
8.83883883883884,0.10588635471948465,0.103201291618636,0.10079260646111735,0.10789032473970055,0.09494448343480172,0.10253151524395814,0.08769185872033188,0.09965042003210343,0.10043549590316325,0.10157123977501142
8.84884884884885,0.10524607696561207,0.10434201836721094,0.09993117222345657,0.10745426812684895,0.0945100936519676,0.10336303812176686,0.08784017536560282,0.10098721516026131,0.1007659446943963,0.10091182148784568
8.85885885885886,0.10416485987294848,0.10409509910393126,0.10042183998459113,0.10697081448908037,0.09389657620135927,0.10334029389940802,0.08746734872461301,0.10091743904417855,0.10032445949351869,0.10021488254706798
8.86886886886887,0.10417340400463129,0.10456913643770434,0.10042946073905197,0.1065033391976271,0.09400137019724294,0.10220773380407812,0.08687998595692725,0.10111978833493732,0.10102652593054388,0.10026522684089681
8.87887887887888,0.10488757978631676,0.10534351145933875,0.10142683245942698,0.10769854344010463,0.09349715729623563,0.10174911048204024,0.08675534510358378,0.10085913098629479,0.10050617756401989,0.09981209351122217
8.88888888888889,0.10397891724379704,0.1068623156132249,0.10064061800785265,0.10750213807644282,0.09284129312302274,0.10163241065335554,0.08701402357149556,0.10098413640911384,0.0994558586297937,0.09983282015300997
8.8988988988989,0.10364634046650258,0.10631080842711699,0.10080373015546033,0.10778487361364572,0.09286127757603044,0.10185334004914808,0.086870549691179,0.10161780463535931,0.09950844204799415,0.09889412532483507
8.90890890890891,0.10233415526085657,0.10493993190909004,0.10138720802249776,0.10921701915046104,0.09412907586026459,0.103279862142748,0.08710144064526901,0.1008763565380528,0.0994537732826613,0.09813639351064392
8.91891891891892,0.10291766984805464,0.10597705688733017,0.10233134337748881,0.10919105693453764,0.09432944871464549,0.10333887806698556,0.08764160379354588,0.10121160071926531,0.09781797530869443,0.09554728008916116
8.92892892892893,0.1025668689539001,0.10667097331062567,0.10170401387669394,0.10893845819418958,0.09365555919507158,0.10300600915891633,0.08798614773885856,0.100732596688391,0.09791755936512939,0.09526405060399679
8.93893893893894,0.10286697882440747,0.1057775428625793,0.10064139373445555,0.10865519045242997,0.09393253028155084,0.10158725302739774,0.087196539016934,0.09999611412962463,0.09973633092568762,0.09631949272451508
8.94894894894895,0.10273388630577164,0.10473074230531121,0.09949001415975066,0.1081813519835518,0.09453856035925975,0.10243967982139367,0.08697365448040636,0.10103890805925556,0.10089437214957576,0.09763579377249101
8.95895895895896,0.10176962741696612,0.10440728587348824,0.0998122185532655,0.1091120496355107,0.09488361880084191,0.10193717814571353,0.08774604112116365,0.10208327526437495,0.10165366188807516,0.09719108017953901
8.96896896896897,0.10171130864312365,0.10422260695937449,0.09956301149057067,0.10945527317193329,0.0953301406940198,0.10161482827040463,0.08751927825085444,0.10105442764095221,0.10107548611032081,0.0971358441360501
8.97897897897898,0.10199009390302953,0.10370684679463713,0.09928520904882206,0.10855005167270838,0.09554025998189573,0.10214239144359784,0.08684143201359608,0.10069115537632581,0.10067121217697697,0.09715718665124072
8.98898898898899,0.10238439383656615,0.10351389843293615,0.09907423185288702,0.10916911452066282,0.09546195117723134,0.10340522790765909,0.08603431779842252,0.1010133959396224,0.10113572416242876,0.09634071480111125
8.998998998999,0.10215414283974948,0.10275387886922954,0.09892659892538967,0.1091251935312557,0.09414548805692209,0.10225366169321173,0.0863310179883107,0.10149786930319749,0.10065990234413741,0.09596598575502693
9.00900900900901,0.10348457566045124,0.10367280212591677,0.0982269192236618,0.109770625784662,0.09452806069787795,0.10289417702898392,0.08556468199603054,0.10135711064727887,0.10014906245786238,0.09650405088913769
9.01901901901902,0.10173240116775366,0.10269173679422228,0.09812495173984515,0.11037123609737386,0.09457980376249267,0.10289786648489911,0.08606625720466869,0.10120910806909086,0.1005841978686377,0.0959645506552815
9.02902902902903,0.10051432562710129,0.1021132124324369,0.09816902875766108,0.11063695070092303,0.09569550427716333,0.10321805394642734,0.08608976343864366,0.1016137128554206,0.1001200162859118,0.09580031564826105
9.03903903903904,0.1003098390304663,0.10426514454938109,0.09783310107560546,0.11071197503129845,0.09572615058259028,0.10322100902226553,0.08757916141094542,0.10301320226609388,0.09935274802393178,0.09609515419509698
9.04904904904905,0.09961548313715445,0.10455429175894224,0.09761481679652498,0.11076981610537265,0.09621908456965665,0.10267922493020966,0.08792299968038769,0.10277636195553558,0.09874062922817112,0.09619320157816613
9.05905905905906,0.10007884755195426,0.10416465431515591,0.0970789118557296,0.11141445998393366,0.09693405508486597,0.10271957355680278,0.08820130347793073,0.10340420377093346,0.09868197607055902,0.09663376140810859
9.06906906906907,0.09890814053856031,0.10364863653473685,0.09694886865065805,0.11161341318260365,0.09771362914303458,0.10192512752173319,0.08915384059958933,0.10226888720548687,0.0983841587201412,0.09657936792516306
9.07907907907908,0.09910222783840016,0.10343077525448288,0.09643254182573653,0.11103597900257639,0.09799719751160317,0.10225459602723652,0.08949673214819784,0.09988464341198275,0.09708594945934727,0.09646731329544316
9.08908908908909,0.09888648541835454,0.10296152025467213,0.0963277554709786,0.11186810739040261,0.09884199963944347,0.1030901464546899,0.09002860481185732,0.10018725871769116,0.09704406170922455,0.09563764780782888
9.0990990990991,0.09942592884795347,0.10259740385271042,0.09582637248839054,0.11127652473539268,0.09789321577649686,0.10419210532019246,0.08974907391076888,0.10073442121962407,0.09737393463234834,0.09495479757000562
9.10910910910911,0.09873282254450114,0.10212725402453177,0.09465538685358788,0.11052500448418182,0.09846350841051758,0.10400836952640724,0.09051853081576058,0.10051472013982828,0.0969650923283947,0.09488969087989178
9.11911911911912,0.09807372836404955,0.10112915958718693,0.09507410171896177,0.11063159774452287,0.09754349724990523,0.10340075334574973,0.09077725582163719,0.09946256084395617,0.09657279231734311,0.09420699859186346
9.12912912912913,0.0973899341763639,0.09944017955304729,0.09406713029845033,0.11123005698573467,0.09800828145601996,0.10339316543943473,0.09185364426448303,0.09931344860995797,0.09645413352142358,0.09475977648403555
9.13913913913914,0.0972550774090141,0.10013683425161311,0.09391339196796063,0.11183943733347942,0.0988998004708285,0.10280714465149962,0.09207100983908258,0.0985373926276341,0.09634439395704675,0.09410921256854239
9.14914914914915,0.09729402716240572,0.10128341021422409,0.09585800497623002,0.11065435199936036,0.09894637378597262,0.10199571613393531,0.09190947151813886,0.09969271857892438,0.0951705968420252,0.09615975134372626
9.15915915915916,0.09676234458797867,0.10222051329345423,0.0960479172700166,0.11064628129739706,0.0991513166150964,0.10096822092311679,0.09209064228635593,0.0996012651464037,0.09523149669782585,0.09617272005888709
9.16916916916917,0.09749295483928017,0.10204919867446276,0.0969262705406696,0.11193117735825774,0.09733902153438363,0.10068351284170143,0.09142271501680725,0.09893012353546006,0.09533295129436743,0.09632449098974015
9.17917917917918,0.09739369019080665,0.10068018285597592,0.09579093499187022,0.11169065347822427,0.0975953982208886,0.10135388182907087,0.0918881881742437,0.09961595560887251,0.09504107868263605,0.09527615856051139
9.18918918918919,0.09698877234748213,0.10166978282358663,0.09621149462497723,0.11116131427793735,0.09757959215793026,0.10054698375828369,0.09300256832377386,0.10003120827199229,0.09485412197337208,0.0973848797325136
9.1991991991992,0.09733274959115282,0.10217529590154928,0.09650308615952272,0.11050195520784499,0.09702998130071634,0.09938063312216588,0.09489385099938724,0.09895253893169013,0.09484759381043255,0.09798896934266813
9.20920920920921,0.09790424389460867,0.10188637034761168,0.09595725106825637,0.10941478821576478,0.09605965100591612,0.09904818890594953,0.09488281504631836,0.10064817051762831,0.09410007885308869,0.09764813582220028
9.21921921921922,0.09819665996067584,0.10057460554183148,0.09563990565810544,0.10831648477425015,0.09529365178221864,0.09890479513966714,0.09478857080387171,0.10073269238979364,0.09469045800509264,0.09885388363712447
9.22922922922923,0.09839372454539759,0.101297639540035,0.09442200381538515,0.1082240376637582,0.09555242610437031,0.09816393799458224,0.09396818001611275,0.10038221700896677,0.093966667268895,0.09843946366246889
9.23923923923924,0.0988912910070035,0.10099371906921424,0.09561803641032933,0.1076171191806136,0.09649439486192338,0.0977086029005348,0.09400620169464174,0.10094804692805907,0.09304895273465964,0.09836525634448627
9.24924924924925,0.09912164271512013,0.10124439338471106,0.09509304072639435,0.10732327077797554,0.09544691169205168,0.09890615941854741,0.09511474971679543,0.10259724385322115,0.09250846338631903,0.097826802268775
9.25925925925926,0.09803919556308886,0.10072617692833806,0.09558829161337207,0.10762001515296767,0.09489225410780748,0.09973461885338594,0.09538845779029442,0.10357159241705048,0.09158514006681381,0.09736369351014632
9.26926926926927,0.09905672686302781,0.10079746411642838,0.0944928292020724,0.10862132332750242,0.09525300568749875,0.09998940716342766,0.09548070895799389,0.10283065026876526,0.09086254262779682,0.09664118665814385
9.27927927927928,0.09798342626329541,0.10073134195920319,0.09452014208997228,0.1084338416464166,0.0943567914042577,0.10057798291337776,0.09673693799574265,0.10178468217037272,0.0918555186367034,0.09631329957102085
9.28928928928929,0.09917038543186676,0.10033106036093653,0.09449437134722571,0.10800294733407644,0.09392516269598568,0.099485268761116,0.09678013040574646,0.10155077545088677,0.09188232770351445,0.09590756338481975
9.2992992992993,0.09890906628226848,0.10042289041946191,0.09474047278806849,0.10679011895815958,0.09327701737932548,0.09817740891022343,0.09671639964393762,0.10178855389158878,0.09167686512251605,0.09608347157514596
9.30930930930931,0.09829410845395145,0.10104765904524796,0.09539736612253814,0.10727663645976326,0.09338209831364667,0.09749636900286121,0.09541912740379646,0.10110461769413812,0.09239879596223209,0.09565160294653997
9.31931931931932,0.09820592012157461,0.10148700725472817,0.09475770408354581,0.10742914855602222,0.09309002129313836,0.09712203232581093,0.09449720287553047,0.10095259656786372,0.09172845745593293,0.09677588272739862
9.32932932932933,0.09648668114666135,0.10042877411255038,0.09376082170036859,0.10829656821116634,0.09307165956218447,0.0965867798594838,0.09414690062817743,0.10048628428130928,0.0914974402089913,0.09751030944619338
9.33933933933934,0.09792218633745663,0.10033378908451977,0.09282956125766952,0.10753787144125426,0.09281589923137454,0.09602695019918273,0.09251477901115741,0.10022171417550335,0.09150379051863797,0.0963672822456225
9.34934934934935,0.0977482511156887,0.1012171563474567,0.09199526399326283,0.1080222261654248,0.09397605940385212,0.09537715480410955,0.09273891893417548,0.09956304343037221,0.09259660933079632,0.09678797479812314
9.35935935935936,0.09860368238845947,0.10270997752684302,0.09149598924260939,0.1086261917113526,0.09453409776667022,0.0941315946606096,0.09182276821951785,0.09792717836807743,0.09335354261056496,0.09716454726648015
9.36936936936937,0.09838856247745907,0.10333022258535308,0.0912279191750493,0.10923642252941915,0.09490987534461434,0.09379862998629793,0.09246873167187443,0.09925232634616792,0.09297309009707612,0.09593969648687661
9.37937937937938,0.09811151264234565,0.10209472135994983,0.09172630439823594,0.11055909596711541,0.09586775097530949,0.09407189923999924,0.09390113565580487,0.09974206131052804,0.09269562927899097,0.09644371112858156
9.38938938938939,0.09774223653697112,0.10259073698891019,0.09249556398220227,0.11061524816203007,0.09668888249655902,0.09479016392873453,0.094307312106131,0.09998431821628145,0.09263406809347652,0.09677073280669843
9.3993993993994,0.09702533860004263,0.1026085029670524,0.09212265171200805,0.10924938549406318,0.09768111902722493,0.0948094048802475,0.09550343131088403,0.09925039062451545,0.09441600278383849,0.09644081151290079
9.40940940940941,0.09725903667930015,0.10244888962383028,0.09080996871925054,0.10815495775882929,0.09753754866398286,0.0952817784603129,0.09479950889338684,0.09838369896715098,0.09446180496712514,0.09625381718910486
9.41941941941942,0.09688152730064922,0.10228321996702378,0.09087715067387334,0.1076961947642508,0.09724506789050189,0.09543554069940285,0.09490421375779469,0.0989226051372216,0.09443742233581352,0.09550527575055598
9.42942942942943,0.0971475002981305,0.10193613897886464,0.08964507522590019,0.10730831554071825,0.09698771664437061,0.09701148399577478,0.09379306456328372,0.09852327929380063,0.09468967487877125,0.09483548919107632
9.43943943943944,0.09764420897374888,0.10209904901652427,0.09019229896543692,0.10735573997246262,0.09647673315421842,0.09646379492301138,0.09384805170619497,0.0976268562271124,0.09647899282687394,0.09471258476503489
9.44944944944945,0.09877624027134331,0.10160269857920322,0.08942391716921927,0.10860454665762756,0.09758373102854281,0.09692947637213492,0.0927222457224427,0.09762210302428963,0.09614717590173706,0.09504495942959774
9.45945945945946,0.09917174627616182,0.10183625229114236,0.0892116601326625,0.10931533715132648,0.09704085055463973,0.09764398749441537,0.09186241706920018,0.09745820144479321,0.09790629254337482,0.0961638507183543
9.46946946946947,0.0993086461278245,0.10106339229322603,0.08948569548427078,0.10934263682605913,0.09619202613118995,0.09879740597578922,0.09153464832517796,0.09768034189421289,0.09697430451788176,0.09495437239533847
9.47947947947948,0.09949253202264793,0.10120242968210005,0.08977528315797594,0.1093830941289548,0.09644306675101673,0.0992215112599641,0.09243477566108234,0.09730199337661745,0.0972608033796061,0.09460918067582183
9.48948948948949,0.09920553319169029,0.1006292122308043,0.08898412276499679,0.10951059066326342,0.09621019945598314,0.09902897136591608,0.09195594253712683,0.09709521447643187,0.09712876445588804,0.09441873169430627
9.4994994994995,0.0987625084266308,0.10092809299822002,0.09076201715654098,0.10984700888967774,0.0947889585792098,0.09881457057803253,0.09070504487327831,0.0966867708837851,0.0980698537205338,0.09352184051726661
9.50950950950951,0.1002040873607182,0.1006321308315829,0.09061226559789519,0.1084083831724703,0.09312878232363643,0.09732419684687113,0.09019783129285446,0.09619784773238507,0.09711211358986559,0.09330020355944497
9.51951951951952,0.10055540500329066,0.09994130767498616,0.0908579776291518,0.10740100480630727,0.0936913112420219,0.0971466404246412,0.09041684380951617,0.09500185489432086,0.09802053619180262,0.0934813832930108
9.52952952952953,0.09993676783459501,0.0991937500017337,0.08987694884745656,0.10712685933397895,0.09440889897441293,0.09790558907681936,0.09045131727468772,0.09618141685385243,0.09777829066222542,0.09491460032087004
9.53953953953954,0.09937313279803908,0.09910487702950004,0.08857704227243117,0.10682287509703765,0.09486047078408813,0.09835585513708049,0.09064977990234577,0.09656797569031492,0.0981377628105009,0.09569655443672984
9.54954954954955,0.09903648433570857,0.1007622093143204,0.0881957169179843,0.10692844487128705,0.09447552219929353,0.09873978343193697,0.09014931101631574,0.09679203307467535,0.09707044391674345,0.09531435210712
9.55955955955956,0.09978589319920414,0.10081185296820971,0.08948713664895837,0.10616335159704615,0.09423223072723791,0.09809634629051346,0.0889968061918124,0.0967229016185503,0.09556035996700128,0.09399332644556845
9.56956956956957,0.10026578837849565,0.10106567684833462,0.08950077451928978,0.10568191645250904,0.09495844154007836,0.09955164081046125,0.08976265011200134,0.0968793103720151,0.09600138499529354,0.09409611122494917
9.57957957957958,0.09968804893981568,0.10165314387273935,0.08996106679700495,0.10581854587523706,0.09480541051858447,0.09916751038539652,0.09031267406620896,0.0976643585903527,0.09583542519661617,0.09250749697642449
9.58958958958959,0.09894701832652619,0.10104381065576495,0.08997877118596456,0.10771969638396577,0.09653861832037305,0.09941382773920401,0.09039923704661734,0.09659943774885128,0.09580905129284097,0.09064777645150067
9.5995995995996,0.09914968123446538,0.10014335091592293,0.08937372902711602,0.10827233310170836,0.09671663381606722,0.10003398715605011,0.09050686294632089,0.09663024243149361,0.09499276095114395,0.09162699949137153
9.60960960960961,0.10020647740710914,0.10044415811692674,0.08952148924494681,0.10821511580163025,0.09661375021494113,0.09983615012462538,0.08928715549682203,0.09666992334774471,0.09743640115354274,0.09156826618652632
9.61961961961962,0.10029092327015483,0.1002977781995606,0.0898867036336081,0.10931068416387651,0.09483297726862681,0.09869339471523346,0.08918768985905233,0.0966918325676296,0.09731471506310158,0.0910186087801116
9.62962962962963,0.10034799378802868,0.10186133382415116,0.09013674225694561,0.10947716320094983,0.09514446790831138,0.09753367744504671,0.08793966715607526,0.09581860656012209,0.09739542310106152,0.09263267202325223
9.63963963963964,0.10002371595383718,0.1012614452507137,0.09036432090642875,0.1086013563065811,0.09625174862451985,0.09820973755629193,0.08897776255679021,0.09588335214786967,0.09705650508031116,0.09203298156810055
9.64964964964965,0.09948283634882435,0.10052009974656408,0.09060972180909274,0.10885131957188218,0.09721901294806086,0.09859328839321795,0.08947467255354852,0.09511994580900071,0.09720990169628599,0.09212822319712216
9.65965965965966,0.09998886973501471,0.09987971155606012,0.08925596168904963,0.10853461970562735,0.0965551190000876,0.09935920810184891,0.0889583207120026,0.09419032834632113,0.09722112878878231,0.09119316349462611
9.66966966966967,0.10009192832750088,0.10049634884505793,0.09031027131427696,0.10834895400041551,0.09631225583030062,0.0997514908927514,0.08911179817431493,0.0959405456640099,0.09603956304268065,0.08984830477489543
9.67967967967968,0.10064833627763521,0.10047706328926302,0.09036917675565145,0.10861411225895272,0.09733286303200471,0.10071590815748108,0.08904236660750237,0.09643859382077284,0.09592731534404779,0.09032744808320063
9.68968968968969,0.0993113776482518,0.10161627105747738,0.0914920970728558,0.1090501736306208,0.09671451754097744,0.1024082072883784,0.0898594476318717,0.09571872781402474,0.0962747293269119,0.09101278000486063
9.6996996996997,0.09904172243790078,0.10255363851232381,0.09228208375088899,0.10841065472337469,0.09716761659335345,0.10369631531949047,0.09015650344730211,0.09551552070088583,0.0954820321420537,0.09116938403085457
9.70970970970971,0.09830372002401534,0.1012502239916958,0.09203711469971283,0.10789444836224847,0.09651980198655978,0.1052289525311628,0.09082790565752638,0.0961973905433675,0.09609196771654152,0.09112232454181926
9.71971971971972,0.09809506637622069,0.09931769161462367,0.09152402489941099,0.10846683434372809,0.09698416673727997,0.10431864238271386,0.09137786000162099,0.09673579195606527,0.09577539832826383,0.0905429819538172
9.72972972972973,0.09719647709972387,0.09971819924403336,0.09049285447902253,0.10803157215974252,0.09776429584722651,0.10481980772923125,0.09177544518089459,0.09592969923868368,0.09721877258767636,0.0911342469834836
9.73973973973974,0.09788640328867332,0.09934542092569457,0.0898321475389385,0.10802667076388091,0.09815206116509514,0.10487397290721931,0.09145516120156191,0.09560806983482668,0.09755551289075579,0.09119144741280695
9.74974974974975,0.09865809923103053,0.10042999157011069,0.09103034160734166,0.10723898911383024,0.09935025968227353,0.10442173840919164,0.09070628983694419,0.09546087820806086,0.09737820934188961,0.0925370512033064
9.75975975975976,0.09801326926866648,0.100859456612265,0.09170562689853622,0.10537774321419908,0.10059292741452772,0.10459774911534835,0.09092418898099708,0.09600325591130794,0.09791183829212656,0.09293278688052152
9.76976976976977,0.0986125639137445,0.10006864704305635,0.09137232478498253,0.10558180179343139,0.10069456911034881,0.10441679362949637,0.09190710613964372,0.0958629540489688,0.0980354054878898,0.09331722273729717
9.77977977977978,0.09741547175306495,0.09961860994497487,0.09166987181140096,0.10519052856964715,0.10225161587865214,0.10392583180297746,0.0908124306492172,0.09609887957165032,0.09726331357475122,0.09371714945617131
9.78978978978979,0.09770178392582365,0.0988914599788203,0.092209008232017,0.10717025190379471,0.10323791425024466,0.10374864145387078,0.09052749053612845,0.09731050502600268,0.09905636329494438,0.09339832359540112
9.7997997997998,0.09691517934763469,0.09844683084881757,0.09217504836020887,0.10657468180112437,0.10316027407005597,0.1042668746840463,0.08991277172763641,0.09585453974323532,0.09845296442812931,0.09414841306110465
9.80980980980981,0.097180820201531,0.09763555045977311,0.09303731038893476,0.1069572067080487,0.10293953005477283,0.1040439734422553,0.09033778635108379,0.09598085593146301,0.09755246939322612,0.0940121487456105
9.81981981981982,0.09728349206667279,0.0965846234291029,0.09369485384820288,0.10673585187367107,0.10310799911485434,0.10408797543197279,0.08973269433364589,0.09643533802749732,0.09731619669350741,0.09409439737225701
9.82982982982983,0.09751534682215562,0.09630361247982971,0.09402140421173845,0.1065221374163747,0.10314133930799027,0.1035158951989475,0.08925576875717718,0.09653265769899082,0.09773517744770596,0.09469562421521108
9.83983983983984,0.09706187720832961,0.09710252740554344,0.09348389381133118,0.10578723939769075,0.1044021862930308,0.1025132346142263,0.0896602716376319,0.09644980366187586,0.09781761937333164,0.09492758405417547
9.84984984984985,0.09627484048381321,0.09745410792086835,0.09244663384276237,0.10416144742284687,0.10406086791438596,0.10279795147764345,0.09001873965877352,0.09609530943447477,0.09601974427639241,0.09363496263854462
9.85985985985986,0.09644987566569567,0.0973542418692024,0.09239979815039458,0.10539920240974215,0.10382426073198246,0.10362692960100554,0.08938277834523331,0.09672395900778112,0.0960020395024572,0.09359449339867677
9.86986986986987,0.09740629927723123,0.09706261028480424,0.09106867040454165,0.10483143798761131,0.1051120806462126,0.10302032171301223,0.08851666110055786,0.09681368871222852,0.09569374139437434,0.09404667670223033
9.87987987987988,0.09739987584693907,0.09730555452585789,0.09177410980421673,0.10422699708661858,0.10501072846545659,0.10355045881588096,0.088627275186243,0.0972323994631363,0.09447820991047874,0.09465438990039593
9.88988988988989,0.09822299363797508,0.0971461957736172,0.09080336330735587,0.10290938438544138,0.10353449900974732,0.10338603587272656,0.08847105569041454,0.09739398687023625,0.09487386212449042,0.0940785944217764
9.8998998998999,0.09683246694652167,0.09652338369039286,0.09107906977343731,0.10348908972730061,0.10515925062592037,0.1033767788028604,0.08808984482586442,0.09657049462777176,0.09465183458247559,0.09401795375232906
9.90990990990991,0.09636077199815253,0.09642708255600342,0.0893149066407648,0.10278317252589055,0.10563990268014209,0.10344327408689305,0.08796414438328298,0.09540931589810209,0.09427131671729425,0.09453433364955618
9.91991991991992,0.09648115702471825,0.09690712717208214,0.090068046038639,0.10338244050960514,0.10496270984738626,0.1036003884571698,0.08939385193774375,0.09605822670519433,0.09392692100244594,0.09477603372236063
9.92992992992993,0.09607406311697246,0.09664411010873436,0.09019857582070158,0.10313388875463694,0.10598304911546842,0.10362113121343032,0.08860273796464109,0.0956826869213091,0.09363887117674698,0.0944052212796336
9.93993993993994,0.09652658284745004,0.09607278612571417,0.09232409307725933,0.10312806495586282,0.10493444655420166,0.10471216167053934,0.09029944950335934,0.09587603247138936,0.09343215194415437,0.09576759343546938
9.94994994994995,0.09744007239537979,0.09650490803685254,0.09083369499422764,0.10294082666247027,0.10550138769228778,0.10475088722474812,0.08828086825137776,0.09428306167898046,0.09387175286338609,0.09506845781729427
9.95995995995996,0.09784992266552435,0.09514951576523052,0.09041887439269043,0.10306655482423091,0.10522748436734766,0.10407159453044033,0.08875014710978188,0.0944990438466924,0.09327029130382107,0.09469073467847326
9.96996996996997,0.09715676071786077,0.0962134983298427,0.09070765595869115,0.10457908282938251,0.10514019037504883,0.10327205011456918,0.08948762805650225,0.09354740473137406,0.09237080866545132,0.09575090234374053
9.97997997997998,0.09769662644556086,0.09671077259075862,0.08999452025791109,0.10499018434316372,0.10378724991949106,0.10342632668564646,0.08828156306211345,0.09266370654388044,0.09211020326465387,0.09493528711891948
9.98998998998999,0.09765445684838732,0.09662448432469194,0.09010481372154096,0.10463567794690676,0.1036349850282949,0.1036483836745819,0.08863012944506239,0.09290351694819635,0.09116459716982546,0.0942786054725344
10.0,0.0993797032182734,0.0957450595226978,0.08997390658712646,0.10543646432977262,0.10446133344811054,0.10388966823735615,0.09000382710240781,0.0934809450771873,0.09069278248582187,0.09405408023050128
