time,x1,x2,x3,x4,x5,x6,x7,x8,x9,x10
0.0,0.11,0.1,0.1,0.1,0.1,0.1,0.1,0.1,0.1,0.1
0.01001001001001001,0.10942770865322757,0.10005593497228496,0.09972537485642372,0.1020240570051002,0.10102606249546577,0.09842431088216003,0.09922502049682745,0.09926775054509734,0.10024271092011916,0.10091150229826439
0.02002002002002002,0.10990895012201807,0.10087606345391203,0.10038689239775458,0.1028986711745541,0.10099754309196088,0.09779673057846142,0.0988490537140691,0.09912519270720953,0.09931420811857407,0.10167349911611728
0.03003003003003003,0.10943501169377111,0.10037161060937061,0.09953107877105961,0.10288292155175242,0.10021036567808402,0.09829302266288678,0.09978704754199996,0.09918451454682145,0.0988942093830485,0.10119175589077836
0.04004004004004004,0.11042920582297565,0.1001943129365523,0.09988677794407853,0.10250360807954945,0.10152188565929388,0.0973305531686658,0.09952274864789568,0.09851983619499391,0.09960713940274984,0.10181926582951487
0.050050050050050046,0.11052199346997114,0.10061223719638107,0.09907426702815027,0.10243505556575011,0.10041863325725642,0.09703470714629724,0.09933511802171872,0.09892584107211808,0.09931237922446091,0.10171249356511601
0.06006006006006006,0.11025535147360944,0.10062171954087698,0.09847008379937262,0.10118955391363092,0.0996322241905035,0.09715225120121493,0.09890918731103861,0.09835907585825714,0.09819859417894415,0.10131605268517932
0.07007007007007007,0.10948477934316124,0.10101041936493585,0.09834991960000844,0.10144587659051969,0.10004281650412968,0.09707704103540851,0.09788350522576242,0.09826293394013635,0.09780768745754108,0.1009728801683289
0.08008008008008008,0.10978060894796877,0.10078467557727727,0.09849606600125461,0.10216458404020372,0.09966162218498754,0.0983601347187055,0.09810084608845955,0.09866484477421919,0.09715946040996983,0.10079827306968998
0.09009009009009009,0.10943133434898164,0.10058256732356924,0.09830829754326478,0.10319142189683428,0.10001071357523074,0.09753549114533377,0.09781610033071285,0.098997089969364,0.09803732532649673,0.10023811787733641
0.10010010010010009,0.1101213512458168,0.09927845215179927,0.09871986323372203,0.10395311896209487,0.09968581774195338,0.09750507742474229,0.09551419777879872,0.09938060588940871,0.09707264394596508,0.10099247421874803
0.11011011011011011,0.11052365172864631,0.09966197692692139,0.09730373413823835,0.10403553836783695,0.09875369336866513,0.097647815752022,0.09580425343657867,0.09997895476059261,0.0972115848216382,0.10213505332115991
0.12012012012012012,0.11159362261489073,0.0987572149297764,0.09670710846617889,0.1040964072753743,0.0977183717865674,0.09823664851089313,0.09603406730716796,0.1005717130072403,0.09809120435694636,0.10096422161470057
0.13013013013013014,0.11256738212484142,0.09874944594187354,0.09611454457040952,0.10367872899752542,0.09798541466942756,0.09856922691205929,0.09639196011968607,0.10169454389754412,0.0975332792729883,0.10196429519105933
0.14014014014014015,0.11208572166790763,0.09978366039999594,0.09601736532357896,0.1044743417896116,0.09895395494018751,0.09960628977549339,0.09603176826959407,0.10189427264316686,0.09884691503763633,0.10234705900146596
0.15015015015015015,0.11191653824979426,0.0993636892977177,0.09572582809114855,0.10399432089541685,0.09897888372057936,0.09814043182855736,0.09674024217387145,0.10238044981194282,0.10001512640041768,0.10118772391134954
0.16016016016016016,0.11381244742983718,0.09963745049953597,0.09554396173487954,0.10316271496930136,0.0999106080147794,0.09740841883134767,0.09610018079201231,0.10341450042671146,0.09946257877212768,0.10250932803818093
0.17017017017017017,0.1136396843880175,0.1003287943529577,0.09655479666471134,0.10256018084566391,0.09855242819900227,0.09656228189176286,0.09696044963988727,0.10357452509814791,0.09999918568329842,0.10192846699106783
0.18018018018018017,0.11428009089824462,0.1001043403681833,0.09731272136448793,0.1019956099974695,0.0984571370775766,0.09500153573974315,0.09707002411216406,0.10397374881946603,0.1000411158292226,0.10211407176829719
0.19019019019019018,0.11428331882292803,0.09961979768189641,0.09766524891267221,0.10173453708872635,0.09877846811034276,0.09586792956768449,0.09778607822963918,0.10488424751565702,0.10013798258303845,0.10228597279231197
0.20020020020020018,0.11566301622681566,0.10090106342429184,0.09789313924129929,0.10221565244479817,0.09886966831236901,0.09608967363004038,0.09764676716476925,0.10448577297362714,0.10123334997266177,0.1031539463265152
0.21021021021021022,0.11481787016514694,0.10078434001769766,0.09846773802135099,0.10164106999530527,0.09912831556881387,0.09631017673968943,0.09796355773315574,0.10451381495858199,0.10095814988958593,0.10315244281619733
0.22022022022022023,0.11373508080556029,0.0993466592582651,0.09764705119005654,0.10192474647189487,0.09967388753219085,0.0963340193705095,0.09719545908975129,0.10460729252377828,0.10031559385795674,0.10260623892552038
0.23023023023023023,0.11336601572524133,0.09921560742887438,0.09763687228576926,0.10251725547391194,0.09974805220880006,0.09591442783692816,0.09740675818704031,0.1062578084561839,0.10017545724748926,0.10321499098062584
0.24024024024024024,0.11393456575574717,0.09929022662968551,0.09679009187979777,0.1014450583946074,0.10050358706342902,0.09729768209885802,0.09925193508797059,0.10430168451987615,0.10061832507754526,0.10500469558937582
0.2502502502502503,0.11195345203719945,0.10054610445234424,0.097616176348194,0.10181565762791166,0.09944558121590381,0.09772799927808759,0.09785629603395844,0.10401383459831594,0.1018216978066179,0.10384230575875256
0.2602602602602603,0.11199250137456634,0.10065016876937613,0.09738649207990153,0.10130831488716882,0.099601227735552,0.09644802435944701,0.09760204446537278,0.10452257004031107,0.10168083030306575,0.10316647094139082
0.2702702702702703,0.11165908904110257,0.1017776853495744,0.09741964749950681,0.10121948222813498,0.1002269622071268,0.09662282878026898,0.09708980399375079,0.10410960009633619,0.10141465972515247,0.1039408694963314
0.2802802802802803,0.1116712805978848,0.1021102864763234,0.09748973703253884,0.1004458927052478,0.09972197490124975,0.09651482172547479,0.09726711976265727,0.10493655478485005,0.10187973284325079,0.10395048121744259
0.2902902902902903,0.11114704554589132,0.102740980129392,0.09692047053734688,0.10095683048620309,0.10049074520073312,0.09621347080675148,0.09734670644381621,0.10517053045725883,0.10375331664059916,0.10378415228128875
0.3003003003003003,0.10965881601871058,0.10377402291616754,0.09711259294496388,0.10123266081637226,0.10044378962128347,0.09586148404288511,0.0972770468590726,0.10611330217484297,0.10318654365281806,0.10311843381020971
0.3103103103103103,0.1101790510776681,0.10370886172285466,0.09656670069668204,0.10029625606669831,0.10194096815207895,0.09656183594682839,0.09737040447496435,0.1065024892312139,0.10222232138264883,0.10385748532514574
0.3203203203203203,0.11100041358665022,0.10381315750242737,0.09695060648742226,0.10054241405876574,0.10275484491939663,0.09647981623480976,0.09742040170669834,0.10597358179395795,0.10113575238342075,0.10367664200019769
0.3303303303303303,0.11098453881450891,0.10406859670064651,0.09714461737576877,0.10052463279054535,0.10279488640707297,0.0968475250813397,0.09664813516763697,0.10568091517172483,0.1003199879158958,0.10247262006371857
0.34034034034034033,0.11205602520878434,0.10353259520921533,0.0952637338443046,0.1009446299611016,0.10303479057990461,0.09677952247054414,0.09598530957588486,0.10431249669878823,0.09981002342035791,0.10182604704445987
0.35035035035035034,0.11186518286105397,0.10307335923832274,0.0956605453944173,0.10124311777411772,0.10290478572211043,0.09659450969198834,0.09723044916333337,0.10664007639535723,0.09883620755515418,0.1004902027411648
0.36036036036036034,0.11202553037912837,0.10245926124146179,0.09581070329751691,0.10230711498370842,0.10501318835258062,0.09620730556696874,0.09779554842646511,0.10642232186902727,0.09990736715515353,0.10073910737029133
0.37037037037037035,0.11222694271555629,0.10347357910140575,0.09603649968285587,0.10291184650964405,0.10557760086966916,0.0949345028678691,0.09894165586730647,0.10516936884119084,0.10017238828481469,0.1018904575457179
0.38038038038038036,0.11183317355978137,0.10366279562724813,0.09583801622935172,0.10243124605501842,0.10478462337337047,0.09491929015023921,0.09925081076698951,0.1042960522400332,0.10142747195986815,0.103009190925147
0.39039039039039036,0.11292597911672513,0.10373152630863827,0.09607727299401539,0.10173350981059673,0.10529493808174716,0.09430322991076523,0.09887665102331358,0.10466433555888711,0.10169313254945687,0.10237565509392788
0.40040040040040037,0.11243047937609643,0.10275728192393141,0.09588043156639434,0.10023454981077527,0.10579939056275839,0.09300669868162552,0.09758461749978976,0.10365399756187547,0.1005895829902441,0.10206443333523768
0.41041041041041043,0.11224599317113804,0.10179767194627602,0.09556126522664184,0.09992511926554414,0.10581048270560182,0.09389693161278184,0.09678210360861267,0.10320327614484423,0.10194844378407514,0.10160109254864887
0.42042042042042044,0.1130962639721686,0.10155681772685562,0.09540679361097025,0.09896591146376574,0.106193801346484,0.09365416203179897,0.09780035696383703,0.10330237277403642,0.10022948775213542,0.1017173948806014
0.43043043043043044,0.11270857777310415,0.10077074887007068,0.09678628970996855,0.09886269587879078,0.10642616774450124,0.09230150018441881,0.09743567970061469,0.10346464930902426,0.10062985195273416,0.10184769548501212
0.44044044044044045,0.11258457007699874,0.09990930932916414,0.09691430879815548,0.10019592880886538,0.10612128732620585,0.09115016656528739,0.09769176083856235,0.10244276097036122,0.10148854670860089,0.10191654121558985
0.45045045045045046,0.11182057853685858,0.10013130538923573,0.0964997118233287,0.10011224372021992,0.10671620823905849,0.09033268516610597,0.09805034150776043,0.10259917852422432,0.10055010109846259,0.10157030234628918
0.46046046046046046,0.11075212646804314,0.10095698781050001,0.09779725075647638,0.09910945055056267,0.10572606132884127,0.09097751738737485,0.09655732832823005,0.10162357995770038,0.1000206463692158,0.1016412679353454
0.47047047047047047,0.10994331202774818,0.10094522452537538,0.09767371118406835,0.09902250466741529,0.10601113919386962,0.0924967900505248,0.09504267475990938,0.10133877925178819,0.10013085612327988,0.10190485116852299
0.4804804804804805,0.10876886713311186,0.09941822952922136,0.09861803417621277,0.09902955671845068,0.10568708829252126,0.0924853505911495,0.09479453000027836,0.10137676975751386,0.09982963670916782,0.10231640028371743
0.4904904904904905,0.10889321931395118,0.0995690421210757,0.09816458864232278,0.1008549888129478,0.10542692530555252,0.09169183236050496,0.0952345956514238,0.10059936309370654,0.09981614872433593,0.10114320402171918
0.5005005005005005,0.10934714241629774,0.10010514526656118,0.09737994798510165,0.09991070839078645,0.10553947373353033,0.09150372010050725,0.09580811713910987,0.10082331238037512,0.09879149711017339,0.10139319396350434
0.5105105105105106,0.10819191612796593,0.10036917038794628,0.09721799254352165,0.09993762028899984,0.10616094935397916,0.09129145079726347,0.09747000283559737,0.1003282415820929,0.09765003276885863,0.10157290106794649
0.5205205205205206,0.10865402712702887,0.09992470989816488,0.09605326989736428,0.09900965747185243,0.10553870770593045,0.09132739865996575,0.09841545063743899,0.10328272097634196,0.09718808220579442,0.10122958651572385
0.5305305305305306,0.10889341829798509,0.09972132956259999,0.09650639956939061,0.09781496614809988,0.10420303030583054,0.09292283416169579,0.0982451241044539,0.10338899432517117,0.09686500237586386,0.10167889032933244
0.5405405405405406,0.10818532409174066,0.10113153194302886,0.0963547867784159,0.09697245360639396,0.1036775668451137,0.09403324518373442,0.09901255800822002,0.10275462970434936,0.09671630055280671,0.10240105336435276
0.5505505505505506,0.10696235184963633,0.10102477919991412,0.09651236134504082,0.09706182638976336,0.10280161335968906,0.09498112842347009,0.09815267724721184,0.10386725468910207,0.09662502391960953,0.10062047358711956
0.5605605605605606,0.10681455993220407,0.1022627063139748,0.09824522808843499,0.09785482470702103,0.10250777563117305,0.0950628819606894,0.09934890611339624,0.10307470385437782,0.09656421108394207,0.10127113101925651
0.5705705705705706,0.10576228083340222,0.10208689961238275,0.09889037774809668,0.09859428988239938,0.10309878072717295,0.09593540386953768,0.09876881344801762,0.10218353644385558,0.09694302726883654,0.1022635015196294
0.5805805805805806,0.10582930185996031,0.10210053699236583,0.09815704391258093,0.10009376394463317,0.10321817894925704,0.09673270432353462,0.10060204104443432,0.10062406368011374,0.09676067511162752,0.10126693775315734
0.5905905905905906,0.10542528488367023,0.1012378855906076,0.09986669824057909,0.10111365822734229,0.10359088782228322,0.09696149539790687,0.10100452701381948,0.10201950049678768,0.09897850387434667,0.1009168366736792
0.6006006006006006,0.10554407655202341,0.10072428691577645,0.09974571344474434,0.10169491717502065,0.10338009669134073,0.09792152833881843,0.10169565184848768,0.10223995826249528,0.10005174723607368,0.10126886697909568
0.6106106106106106,0.1039148111271267,0.10122671347448828,0.10014010979111966,0.10245788499226641,0.10240305275260353,0.09825010392563012,0.10221048191685758,0.10313455109435812,0.09959660494277356,0.10152945171570515
0.6206206206206206,0.10354949741628391,0.10077161107957264,0.09939116498334014,0.10222220008363898,0.10217457392145911,0.09870692456170631,0.10183938112010033,0.10292291543231653,0.10015543657034368,0.10168997990157559
0.6306306306306306,0.10283388290020082,0.10159158728180874,0.09940994011926158,0.10202413382605484,0.10159039187333373,0.09702062685967076,0.10319982864980937,0.10282310700249837,0.10068124867309687,0.10168641318649847
0.6406406406406406,0.10120919791500625,0.10195384787914104,0.09954357214648153,0.1033346535524347,0.10124340672260763,0.09721327749644305,0.10346003125330708,0.10152719466053617,0.10112167447659455,0.10078667636053124
0.6506506506506506,0.10123891081821375,0.10194864101830071,0.09912259084605327,0.10256908934837995,0.10244764336309403,0.0980500596573047,0.10361767325030953,0.10172231676244328,0.10172968399442388,0.10039864050910445
0.6606606606606606,0.10138828878318076,0.10218963400549837,0.1000731973224999,0.10195701338882758,0.10227839348876576,0.09967683133382295,0.103059321261741,0.10111236127429733,0.10210008033620104,0.10044824747968237
0.6706706706706707,0.10126391789159132,0.10248281499197105,0.09934563876649496,0.10154385379767164,0.10349457199524612,0.09958164261101343,0.10241593587614993,0.10054716811864844,0.1018408231470835,0.09950262153074879
0.6806806806806807,0.10171282010197502,0.10223142670856065,0.09870062161509939,0.10175900872512346,0.10275535583274559,0.10050642734172147,0.10272712435679443,0.09947479355753813,0.09965982124943816,0.09870066825506651
0.6906906906906907,0.10018505932246535,0.10245994680083126,0.09942032846706576,0.10217966751597185,0.10216603623876452,0.10185795931060874,0.10499630699891695,0.09879443428089504,0.09904224492266413,0.09808941129555276
0.7007007007007007,0.10067968286300592,0.10430133473360342,0.09919181334830972,0.10288703425622227,0.10369583730028872,0.1011010815723328,0.10528516628478346,0.09839471412178033,0.1003285173270617,0.09792558592251738
0.7107107107107107,0.10019478680778059,0.10456197559292393,0.09864559180448867,0.10312329236588656,0.10318784226360625,0.09979159794049601,0.10583373345031051,0.09989224400475812,0.09965323738980043,0.09774764169060307
0.7207207207207207,0.10105390585681667,0.10420556832714623,0.09862819255929574,0.10417114513565671,0.1025393335116935,0.09936682068257802,0.10506600662153005,0.09952479599215937,0.09968087213557743,0.09771979513755377
0.7307307307307307,0.10094340060977801,0.10236422091265915,0.09884420420709919,0.10316113042515594,0.10305324553622507,0.09891376009266238,0.1033201129377043,0.10066559056866863,0.0992463582609608,0.09736899315992395
0.7407407407407407,0.10045643371824467,0.10199423696880566,0.09939979821079015,0.10413590639062907,0.10354239736361195,0.09910135291490506,0.10286011106580666,0.10168383459886873,0.09903775078350234,0.09765339320126322
0.7507507507507507,0.100627019355356,0.10162670493011626,0.09977178519507056,0.10420744074877077,0.10438894722621518,0.09856500198827943,0.10259836307891532,0.10128048664410806,0.09966283303615758,0.09735395012896218
0.7607607607607607,0.09949514984717606,0.10050111596182904,0.09821304309216443,0.10428574424465409,0.10321476195149513,0.09927509619292439,0.10305767061461588,0.09959298710672772,0.09872793768546458,0.0988532040271769
0.7707707707707707,0.09860816457945311,0.1006385659407909,0.09810298437954301,0.10474404554174493,0.1027377602220105,0.09993632449597774,0.10370524039406588,0.10014278817370187,0.09917924884757491,0.09861024949692486
0.7807807807807807,0.09808090730543496,0.1008298809164909,0.09842393925717936,0.10514980787571603,0.10312000201346334,0.10068512078914,0.10338182955951178,0.10061679821858127,0.09992906341815529,0.09804581708345751
0.7907907907907907,0.09882928352827947,0.09920432709278598,0.09905417596274027,0.10590767418864734,0.10332330468031921,0.10243748799143557,0.10333072228979391,0.09930506625590596,0.1005588459628739,0.09721298001470818
0.8008008008008007,0.09894936531844108,0.09925307032089063,0.09898607864439875,0.1055404889798259,0.10363062013176538,0.10238562540950029,0.10321723650242394,0.10009567193951312,0.10084677382678715,0.09701844861650359
0.8108108108108109,0.09922265778527804,0.09981455395984253,0.09940557656907704,0.10490744872746666,0.10382654104089868,0.10254058763158372,0.10171752727287303,0.10036941938672544,0.10034596928365237,0.09826818686402276
0.8208208208208209,0.099192977298536,0.10044455819159007,0.09740825755541058,0.10512542072682564,0.10464520764984712,0.10241407212686365,0.10158332793941408,0.1003835223845492,0.10143712452090618,0.09809446133727223
0.8308308308308309,0.09897704852603445,0.10088072734658131,0.09764285110148702,0.10573227186658625,0.10500025276474567,0.10239816063263213,0.10204443465839233,0.10194569546243433,0.10196288526782121,0.09855697313891511
0.8408408408408409,0.09984546162898776,0.10136125232529039,0.0979954066037711,0.10620166780802104,0.10598901712893628,0.10257464186947127,0.10132980616149564,0.10274777274128802,0.10174094989629269,0.09893312948309528
0.8508508508508509,0.09925641590094357,0.10054568331602129,0.09853550715678222,0.10593311203629224,0.10550187832449552,0.10253724216833537,0.10107573533468256,0.10363353493437891,0.1005562989272945,0.0990699466142083
0.8608608608608609,0.09923111465717466,0.10232319410308358,0.09738960842911677,0.10558732442833078,0.10634201586475549,0.10456547964869083,0.09919308261779827,0.10478483271361225,0.10133987568067844,0.10103088789567902
0.8708708708708709,0.09850321259154708,0.10274211352099812,0.0989618759080539,0.10612538406662944,0.10569406289005068,0.10495417958252364,0.0996601369447899,0.10442249133650759,0.10156127455173833,0.10088811568170632
0.8808808808808809,0.09966841048924137,0.10176435221332421,0.1005028837865509,0.10650888029228894,0.10562413966028875,0.10475349282585461,0.09969504203358966,0.10496264685440464,0.10082560011635,0.10067515089185362
0.8908908908908909,0.09929945292621856,0.09983770662110573,0.10081891171490671,0.10620414393447024,0.10628807693999373,0.10559134105885447,0.09919363401915368,0.10440316230914962,0.10139590536070706,0.10057424918951198
0.9009009009009009,0.09843229456667145,0.1003681167823718,0.10117443193418589,0.10663409538882841,0.10584585889096274,0.1050159337692458,0.098579678187047,0.10502528025506952,0.10133117589941168,0.099137495912064
0.9109109109109109,0.09748411412578459,0.09982267441695569,0.10125916576910855,0.10653844298270594,0.1057894896917776,0.1048154836151232,0.09897556362908166,0.10438575721435642,0.10206877990507549,0.09992139056852245
0.9209209209209209,0.09603506141828129,0.09881503348376165,0.10145718500307262,0.10745286508857033,0.1065375810899724,0.10537438575637895,0.09957145125716307,0.10368628839729568,0.10224296523442554,0.10106645504441185
0.9309309309309309,0.09787193144578896,0.09859125555992285,0.1014415156212098,0.10842878326974373,0.1067085229287916,0.105513264167916,0.09894843402043706,0.10430278878928018,0.10245627585044963,0.10047437777243398
0.9409409409409409,0.0980727169630172,0.09947521377622001,0.10188710917141881,0.10891245482122915,0.10545294664084573,0.10419341886889992,0.1000106358456106,0.10407197954566315,0.10188073666242907,0.10028209383291038
0.950950950950951,0.09862866900342733,0.0985959646272167,0.10139800810962217,0.10953242616130968,0.10585967275893031,0.10458802673687773,0.10010076173795304,0.10224490343918372,0.10245820946026439,0.10068416993711268
0.960960960960961,0.09766927411133217,0.09926949733138102,0.10299928834120006,0.11107425904886882,0.10510795144674426,0.10498699939410111,0.10018415007726982,0.10235097865257338,0.10189758178093458,0.09936369313072796
0.970970970970971,0.09711875622662647,0.09884199724554732,0.1030506579871311,0.11160482291547574,0.10408626661885036,0.10400622565262359,0.0999027277076933,0.10343717171008898,0.10207132776573043,0.09885929445609166
0.980980980980981,0.09737864271809937,0.09979943354331527,0.1037514088757659,0.11210309654971458,0.1042146904598525,0.10263091262323903,0.09964441149061998,0.1026190065747849,0.10255021344718922,0.09827287304413941
0.990990990990991,0.09849329660697491,0.10169379184105379,0.10359407863784846,0.11369455109939766,0.10387677019098117,0.1024403309314105,0.09930580470034649,0.10229896401894813,0.10149948070741711,0.0976478975208588
1.001001001001001,0.09934443337962565,0.10258886312403499,0.10317620151526032,0.1129243768514912,0.10388943880676953,0.1030978332068207,0.09836824585584983,0.10269137842271463,0.10190177232818368,0.097130452823709
1.011011011011011,0.0987724396494096,0.10194993130687316,0.10383248415528246,0.11307914218682213,0.10293601944959041,0.10247398889811235,0.09811564132491357,0.10344110196697134,0.09995105778243613,0.09646255328685527
1.021021021021021,0.0988270938456788,0.10111899268614903,0.10382738887273248,0.11283009488932241,0.10248770659539659,0.10129778765875862,0.09763055885314335,0.10396475786312057,0.10034155958666033,0.09716510873223975
1.031031031031031,0.09745438460256411,0.10164110007496216,0.10417638560088319,0.11302516508940066,0.10340307203437116,0.10093430205657779,0.09888521887535395,0.10543610411514831,0.1015526284703675,0.09591823154298759
1.0410410410410411,0.09740654867667285,0.10072492676668283,0.10484214772472499,0.11213074745652561,0.10518102366342931,0.10034313797650705,0.09862235042463928,0.10715830179927976,0.10212421524203956,0.09612644097383434
1.0510510510510511,0.09646075060328771,0.10092182524206339,0.10188679921570797,0.11335463767883049,0.10435684816111085,0.099849934125531,0.09887401042677606,0.10605051236271247,0.10019837696769608,0.0955556151287318
1.0610610610610611,0.098202089805067,0.10123155947209855,0.10034466615716708,0.11283456597150808,0.10367099220823289,0.10006664944732856,0.09762546521031609,0.1068940340475729,0.10043601566538078,0.09465761288080761
1.0710710710710711,0.0982621384025849,0.10111936088676654,0.10002963252782326,0.11321725176875558,0.10243189196961064,0.10153551944717484,0.09742253344637973,0.10748077332746933,0.10106717633899037,0.09491516432451684
1.0810810810810811,0.09807082074869378,0.10080775939893534,0.09952095528092932,0.114212223858857,0.10257066354767068,0.10235071563018276,0.09661663488988607,0.10793774271737537,0.10109898390617605,0.09579862451510728
1.0910910910910911,0.09730932350558963,0.10182820966948962,0.0991482382573997,0.11479590472351286,0.10143909122128629,0.1033391025613357,0.09644493761148679,0.10886326971741911,0.1005800073197392,0.09676013542145834
1.1011011011011012,0.09859660687945529,0.10144989566600507,0.09835059267282635,0.11537960160502843,0.10109116669324057,0.10375500866015215,0.09642979064740011,0.10862159693683576,0.10011147326215808,0.09680634940137778
1.1111111111111112,0.09784075561897927,0.10137196615330413,0.09790601454845088,0.11456200513625037,0.10076084315388464,0.10409087234100235,0.09539419769887872,0.10841882575424974,0.09974662712372047,0.09710362999508217
1.1211211211211212,0.09774060665004335,0.10080062302805094,0.09731599643162793,0.11473641063200167,0.10042462503459278,0.10384769504648939,0.09603500357192098,0.10855547932967746,0.0989415345256895,0.0972549335003055
1.1311311311311312,0.0985241042665819,0.10110096507710033,0.09656458776240873,0.11498458431897926,0.10101213943902097,0.10430316135332503,0.09704741601635379,0.10794719874426831,0.09936504270898286,0.09755134783703934
1.1411411411411412,0.09772815472397117,0.1009446063695358,0.09531483614314792,0.11479119247938152,0.10156410432363537,0.10447700353902686,0.09658856362411211,0.10692021225236392,0.10093876511399609,0.09808320332977306
1.1511511511511512,0.096325567955416,0.10152258632870792,0.09444078837647396,0.11545097131749488,0.10084010380068124,0.10483399592632736,0.09585822836926226,0.10773537082406118,0.10014141714943697,0.09897745604695062
1.1611611611611612,0.09634636606491438,0.10178092063564574,0.09476170878311599,0.11549437973845643,0.10129160156534943,0.10439311509087001,0.09550512157667226,0.10735398989088515,0.09909776405953509,0.09893948927028802
1.1711711711711712,0.09649591821126423,0.10224558119281847,0.09415967688701649,0.11426832708619188,0.10130738739798445,0.10387362826946352,0.09475614528179978,0.10708475896674785,0.10051110303418433,0.09861854435386702
1.1811811811811812,0.09669226252524112,0.1018982631038366,0.09578769148897504,0.1147865031561231,0.10084026348780001,0.10387500781534821,0.09436105413858871,0.10693947692905505,0.10053488616808014,0.09850605269178185
1.1911911911911912,0.09742395040705296,0.10278915066731398,0.09649080152249559,0.11536646547477133,0.10182145583934647,0.10306013623503218,0.09539957193150123,0.10611151590246176,0.10042501885558595,0.09857920333249316
1.2012012012012012,0.09797473434645,0.10306043198638146,0.09590246816432839,0.11520250346303154,0.10101821251336791,0.1016921049752011,0.09454079459328238,0.10577563610048937,0.10159646495824498,0.09914863832312681
1.2112112112112112,0.09695243351159033,0.10301481729574882,0.09685794454941167,0.11512898888537605,0.10115642737901935,0.10229419003253594,0.09398254884570531,0.10693953610511912,0.10161534430746831,0.09916550137434366
1.2212212212212212,0.09722628419937589,0.1020377457438313,0.0968995324319921,0.11464437505987542,0.1019000951485577,0.10209368230360241,0.09372436848706779,0.10644798551225065,0.10252832903243164,0.10020218062706099
1.2312312312312312,0.09709858664595815,0.10178015944851247,0.09751122707824429,0.11285851986253949,0.10198323013713745,0.10333200830098792,0.09412517387937527,0.1057735111095309,0.10336221178837426,0.10144500231533696
1.2412412412412412,0.09685300332293245,0.10133224696529691,0.09820789196945984,0.11069132333325664,0.10220725754453908,0.10300388359885095,0.09498034005231384,0.1057280363557722,0.10223214460687084,0.10166714145334478
1.2512512512512513,0.09693062240795995,0.10145692286815956,0.09768764737892635,0.1110919713893367,0.10336728472920202,0.10222747457530243,0.0957554807880445,0.10513371690140173,0.1028590978845586,0.10224359871685072
1.2612612612612613,0.09670744161538776,0.10053348617254407,0.09807627488978933,0.10916909782668718,0.103581728466799,0.10312627771658488,0.09473794490049417,0.10505617184790716,0.10269631803329494,0.10263245487731847
1.2712712712712713,0.09587278485993382,0.09965922939446133,0.09913946144312474,0.10896418228569102,0.10385522651156469,0.10364393854573939,0.09417345399466336,0.10517667921547974,0.1023521249416104,0.10242510516545675
1.2812812812812813,0.09499784092065078,0.09990654389964723,0.09980786767770805,0.10974785275241836,0.1030231166586408,0.1018929613569666,0.09391223472039284,0.10515599155885569,0.10162354670198494,0.10272205137237275
1.2912912912912913,0.09397978331732575,0.10065395369708191,0.10033091073316719,0.11062634789797161,0.10351381536620057,0.10167828036492724,0.09350176546811864,0.10455224306249027,0.0999138586699344,0.10230008040853886
1.3013013013013013,0.09335041940266471,0.1007523984080675,0.101275310174064,0.11130914509768383,0.10278680465071542,0.10117513771028695,0.09427925904973718,0.10544264972675371,0.10098704698751389,0.1022401436383208
1.3113113113113113,0.09259910030171388,0.10259706859413932,0.09912597341366311,0.11100216204733512,0.10316498687318464,0.1017836909552735,0.09409707736075278,0.1054487630823839,0.101088376667344,0.09969693095285463
1.3213213213213213,0.09329592392167324,0.10326677659917811,0.09952839719333885,0.11173951997507132,0.10372904608617883,0.101435416364498,0.09407924580819456,0.10675000005825495,0.10328614079601924,0.09899364301504796
1.3313313313313313,0.09262312402338055,0.1039272033839928,0.10015650893595421,0.11236839366428031,0.10387691133987677,0.10108321744142133,0.0947865541268144,0.10798210728198941,0.10472408511468441,0.09809269824725787
1.3413413413413413,0.09321579987486062,0.1031508766148235,0.10093526318220553,0.111630923178149,0.10295389090941869,0.10259890505210574,0.09640527569388764,0.10801298581629082,0.10509144529235867,0.09841010675623098
1.3513513513513513,0.09459030838704843,0.10299790944770884,0.09911370449226568,0.1127003031753459,0.10350233775175895,0.10196859656042287,0.09772467573799361,0.10798404237691193,0.1057913518424179,0.09851579243602655
1.3613613613613613,0.09468608555950028,0.10314642521675273,0.10135399881197277,0.11299942600954338,0.1035433281126463,0.10031155456196085,0.09818699670854325,0.1082539666796381,0.10670227508608497,0.09692355798230808
1.3713713713713713,0.09488132141768157,0.10397570044302011,0.10073247386840481,0.11156001309193894,0.10187310894737334,0.10082954932233239,0.09834204880773433,0.10745935279723945,0.10782249651601933,0.09651109337121055
1.3813813813813813,0.09536323749679278,0.10288009057898304,0.10033465030896183,0.11313281817663298,0.10089333739375579,0.10211567701014156,0.09857412408490043,0.1078565510104327,0.10919190385348186,0.09712299869890333
1.3913913913913913,0.09432356446791333,0.10386210839543455,0.10026221076412171,0.11176581179068097,0.10164461668888936,0.10162618772092935,0.09797863133617266,0.10841565869747115,0.1103165687194927,0.09803551619665647
1.4014014014014013,0.09269628827562532,0.10464157597277794,0.09884728521284694,0.11093940259634133,0.10024490179949695,0.10164655518944907,0.09663759395608405,0.1086787848274475,0.10959564162456696,0.09760766819796589
1.4114114114114114,0.09142100482691391,0.10420431401468903,0.09783170270054738,0.11162312123280987,0.10045471261095257,0.1023313036861579,0.09686146059662158,0.10915389715770529,0.11021849401007582,0.09799669653405917
1.4214214214214214,0.09144677075874758,0.10319054155709477,0.09801957021057406,0.11178714084847823,0.10035022349686915,0.10234347668069581,0.09714744753971377,0.10884692774865885,0.10982714951734406,0.09932166757166026
1.4314314314314314,0.09181029081994288,0.10311899505873305,0.09847761719188927,0.11252035707497353,0.09922665167093832,0.1015380206310139,0.09783183061664531,0.10798812786694041,0.11047076230860325,0.09871470865528408
1.4414414414414414,0.09268298368915273,0.1034916490266294,0.09838326106146963,0.11251582393989565,0.09860788730993225,0.10162883792166495,0.0985326998778496,0.10862269013002268,0.11015705288162364,0.0984873401386153
1.4514514514514514,0.09081244269715598,0.1034269974911482,0.09874915169714206,0.11278886101614338,0.09908013612041001,0.10056542414627914,0.09926132104432839,0.10976313709558502,0.10973982633646595,0.09842979695037739
1.4614614614614614,0.09210571247624208,0.10483039096844742,0.0982027268916304,0.1137673031815292,0.10005249147640735,0.10119747590896343,0.09926940154303973,0.11002025667842595,0.10962494864622546,0.09883125394172548
1.4714714714714714,0.0919000853787591,0.10342564714798554,0.10009217273976972,0.11474988639836137,0.10038603715646244,0.10092642005945744,0.09797526087500708,0.11023497155751986,0.10954978910749308,0.09813174125996876
1.4814814814814814,0.09081373729864323,0.10326349032930125,0.09909800220496763,0.11477256244247364,0.10089021899462906,0.09967238346642686,0.09758664303849489,0.1087911723521168,0.11003449613655523,0.09739125815387759
1.4914914914914914,0.09084550701417105,0.10294646071757292,0.09981981805750527,0.11518445840861796,0.09982008626404026,0.09878118965337897,0.09800450275390905,0.1088933640075717,0.10985789264049742,0.09864041139612548
1.5015015015015014,0.08999153278812698,0.10290537627301143,0.09995654679934561,0.11547088012356294,0.09884748304554555,0.0987963243543675,0.0982781169117001,0.10953576123295104,0.10953943151185348,0.09970860428685688
1.5115115115115114,0.08928977576712963,0.10181166374105892,0.09824311456396863,0.1147747242149462,0.09799713794165929,0.09817891527039949,0.09817501206507842,0.10916051505974082,0.11040546300521115,0.09886318483516007
1.5215215215215214,0.08949642446138661,0.10088731211030796,0.09828143543009941,0.11412929709583242,0.09763226864095316,0.09774153653098142,0.09662853831014723,0.1073737327332197,0.1103063677049626,0.0982416628073612
1.5315315315315314,0.08952391814439671,0.09905971894692958,0.0979704886695681,0.11436445488520085,0.09817338086013494,0.09790092450010512,0.09707918839983595,0.107686062003401,0.11004022501433795,0.09769149175720322
1.5415415415415414,0.09111165260296529,0.09835118278164574,0.09831548452825113,0.11521007344235705,0.09823587509986238,0.09849043342948684,0.09662991463740558,0.10757733083104602,0.10968870851492561,0.09857252268547463
1.5515515515515514,0.0914890285784884,0.10048137076261462,0.09858316894695707,0.11539185765093331,0.09748371958411593,0.0992031518940991,0.09719163364373604,0.10945594584051531,0.10935825549808242,0.0993118904709297
1.5615615615615615,0.09100375645826282,0.09953437752394534,0.09771729084614401,0.11346701611394526,0.09751769445056377,0.09929222026831007,0.09687960955919402,0.10981401278797863,0.11079303350275621,0.09790559479631776
1.5715715715715715,0.09194689116035229,0.09886794700642067,0.0971706797046769,0.11295983246729155,0.09735596182511984,0.09785317136686406,0.09661983638580227,0.10972388705036022,0.11055748835813069,0.0973780956017306
1.5815815815815815,0.09138432447574146,0.09803221801025731,0.09720178018913879,0.11360191117943415,0.09573543309719625,0.09944498224125994,0.09806353035827382,0.10943398522160815,0.1103072855853264,0.09711361684438881
1.5915915915915915,0.09218676068530071,0.09849551444748356,0.0971950282022444,0.11379198968078941,0.0973954640638535,0.09976924570545123,0.09749751529325726,0.10892230835906283,0.11007402555132625,0.09728610309496581
1.6016016016016015,0.09246379496741226,0.09826338716166594,0.09629270249139157,0.11301944244294197,0.09782257556912517,0.09889279922919532,0.09742605664028582,0.10918574948776782,0.10974891591151557,0.09561524918968911
1.6116116116116117,0.09197620785068202,0.09765734190997398,0.0973706608181525,0.11282770775509024,0.09832076967824611,0.09955060429985976,0.09677573901179634,0.110694736177186,0.10989840425179974,0.09559766858771836
1.6216216216216217,0.09122798241839507,0.09823112325102092,0.09597064815286821,0.11153163699638913,0.09893043007827071,0.10016674756791316,0.09680284875422626,0.11203560637287932,0.1090126873685209,0.09490984265842231
1.6316316316316317,0.0897109219817583,0.09799621831548731,0.09561498889207186,0.1116272938071585,0.09883165629662873,0.10047207623679669,0.09555630991464936,0.11236900208003803,0.10866263245420972,0.09556196560343348
1.6416416416416417,0.0893192562390406,0.0993671275046352,0.09476229582827202,0.11160181503304858,0.0988427996194513,0.10043486262372608,0.09613629247104545,0.11284164266008469,0.10814716228845117,0.09708366630834757
1.6516516516516517,0.08963951912156977,0.0997802636729089,0.09481780228909614,0.11035802417267913,0.09942537748649942,0.09960352236745247,0.09518514187806178,0.11058587630677597,0.10861865421361849,0.0968514882488522
1.6616616616616617,0.08992924763962828,0.09945542669989481,0.0938467403451026,0.10963150298396533,0.09884499733301633,0.0991961143791783,0.09487865774488306,0.11027085644534874,0.10958146067118221,0.09560649958357738
1.6716716716716717,0.08860611664214385,0.09858295895737867,0.09448705746711875,0.10938333308505492,0.09881802815448414,0.10042092763747776,0.09406657301667097,0.11138513678124809,0.10820866933977037,0.09443426182380864
1.6816816816816818,0.08696999741760508,0.09711841085886289,0.09492603993511413,0.10952840503404448,0.09814132327575048,0.1006560569003378,0.09509334431068679,0.11025107520243779,0.10725073950005665,0.09444724683209023
1.6916916916916918,0.08703547101232292,0.09622634890012459,0.09537360425796412,0.10844221833602774,0.09787018014174523,0.10126893682707201,0.09458252902972455,0.10936831535840337,0.10672218288531798,0.09441307667469254
1.7017017017017018,0.08760854736951218,0.09538103288074747,0.09627359214001513,0.10909530781085777,0.09662506250588063,0.10015580991489156,0.09460864375961597,0.10797058770926786,0.10611944264351013,0.09492542343175774
1.7117117117117118,0.08757552574961283,0.09528467647337242,0.09618540115340118,0.10767444539822771,0.09639984410240902,0.10126436629254107,0.09445336076966597,0.10791825233813739,0.10618244006884471,0.09586824118530231
1.7217217217217218,0.08710975162349091,0.09558637631548726,0.09566530665558096,0.1077250008776769,0.09679949023882634,0.10125301515998054,0.09440255168238737,0.10807648180796689,0.10602076042485896,0.09546731242824977
1.7317317317317318,0.08570559588187497,0.09634885611149029,0.09496356538111446,0.1078918730162334,0.09517278342831495,0.10109236787732648,0.09597386486089321,0.1078096307863118,0.10524170295038143,0.09545243016560626
1.7417417417417418,0.08668885465147459,0.09595693252665459,0.09523628678859229,0.10632878288404195,0.09670034554898611,0.10050023214321606,0.09698942463612645,0.10805282966409448,0.10448371532211485,0.09483439714664417
1.7517517517517518,0.08645443734574841,0.09527760534846004,0.09498351309880167,0.10701023592577481,0.0962697110612184,0.10004820838423678,0.09674624882765642,0.10755464297252659,0.10470867137342055,0.09431287873568064
1.7617617617617618,0.08597173617657354,0.09528896666500665,0.0964241491629796,0.10695697495418487,0.09676062355650629,0.10096531693835341,0.0975657148783303,0.1067334151280507,0.10523929031477035,0.09472353198631223
1.7717717717717718,0.08557518238486587,0.09490221122541595,0.0962423973292622,0.10682173531771072,0.09725231475971288,0.10015361286396662,0.09685297387424163,0.10679974497212677,0.10552540279462788,0.09471156470502848
1.7817817817817818,0.08637236374355192,0.09621468491567567,0.09699801228331054,0.10619557793604,0.09614154840624954,0.10003723136051029,0.09600498642788623,0.1064284553188296,0.10579878449239159,0.0949418479584967
1.7917917917917918,0.08577255234349057,0.09688366188747426,0.09739338552458346,0.10689465780269689,0.09522914860604186,0.09877598179985031,0.09682298038114956,0.10639630738385675,0.10593703270696135,0.09352597500783016
1.8018018018018018,0.08562919590806749,0.09619974125224907,0.09775716287773985,0.10677184915864524,0.097083820246716,0.09843100825199384,0.09625953248739738,0.10579731312791513,0.1060205255893519,0.0931053614394301
1.8118118118118118,0.08431110563552867,0.0968637993061625,0.09808579379042151,0.10735157691007101,0.09784599665738816,0.09748588097008583,0.09647327787736938,0.10613251718853241,0.1063364394491128,0.09331032526562184
1.8218218218218218,0.08522927482809352,0.09770034460240201,0.09774085879911679,0.10788158815349883,0.09816186541858618,0.09871213305382352,0.09643000917788372,0.10628334450584909,0.10584457003766483,0.09359476612364227
1.8318318318318318,0.08442197557097948,0.09823251354510402,0.0975934431092822,0.1097184503325293,0.09934744338581668,0.09867057174908109,0.09735589648675393,0.10541375308628961,0.1074671759516021,0.09303145724662835
1.8418418418418419,0.08474472084506425,0.09779795135528896,0.09704042353811793,0.10965122465028557,0.1002953892790327,0.09840512363159098,0.0968475845492027,0.10550140919484037,0.10796036938613375,0.09221816448877704
1.8518518518518519,0.08406562011479009,0.09771299883195712,0.09673142750650639,0.10928732048304116,0.10128024858506805,0.09824625918709985,0.09646719334560376,0.10484193082741329,0.10828340447744847,0.09298599184623456
1.8618618618618619,0.08418355065946405,0.09889569184428552,0.09591561740854218,0.10871018768202437,0.10215509364394665,0.0987401643247433,0.09684519091033898,0.1049109363089201,0.10925010912002199,0.09135113371603475
1.8718718718718719,0.08558002714986182,0.09889033016025768,0.09641921666472608,0.10824729575721634,0.10185402543144577,0.09865247711027371,0.09616192689453391,0.10419976847943348,0.1093398526176575,0.09188126214699983
1.8818818818818819,0.08436743828278559,0.0989232570439729,0.09629162381743045,0.10785347933842042,0.10263567722114171,0.09961979903511758,0.09669977352269776,0.1039131309294463,0.10896496945377226,0.09135353660835233
1.8918918918918919,0.08532640586689007,0.09990940663862596,0.09555564855269635,0.10802740439171903,0.10112753536289525,0.09962971491570381,0.09745362108330159,0.10286407339846691,0.10836537199177552,0.09251872883984365
1.901901901901902,0.0850394819110806,0.09858477043230376,0.09495385408198992,0.10923604125932909,0.1014841495695286,0.09833968534123383,0.09646646237663901,0.10348722276993265,0.10852999780254877,0.09117772928982554
1.911911911911912,0.0837201595712537,0.09780894533336641,0.09481041408536205,0.10982261902946563,0.10127369659013188,0.09953174893758007,0.09640665099404844,0.10385506425896944,0.10991161565181053,0.08959067057890256
1.921921921921922,0.08258639574788439,0.09769568672304592,0.09474645412230645,0.10982765622258667,0.10165124279789972,0.09980900940047364,0.0957393220617637,0.10317781328258102,0.10935087480569068,0.09090845037748126
1.931931931931932,0.083973541239447,0.09840236131484546,0.09593798014235079,0.10933181976458611,0.10064175385462916,0.10079485723004603,0.09574042067413872,0.10194880170727555,0.10783909594205651,0.09126153858453867
1.941941941941942,0.08435167277917065,0.09794031435414192,0.09554137697160911,0.11143857600731018,0.10117128330461388,0.10091368810709547,0.09590968049376562,0.10253610754238433,0.10699206595099932,0.0895341543605154
1.951951951951952,0.08488450367609453,0.0972617341480017,0.094750290995958,0.11162289905380877,0.09976816808782653,0.10123844484002018,0.09609461762032538,0.10216636870554635,0.10630386947716881,0.08926666171483669
1.961961961961962,0.08491532889123582,0.0980925441819175,0.09462293000268243,0.11207543338685856,0.10038301651378986,0.09998508670544012,0.09507208153997093,0.10146171696414294,0.10669784005307746,0.08999727721993486
1.971971971971972,0.08459669112756034,0.09781134261054715,0.09490812507057195,0.11146853615317413,0.0985807957072805,0.099172612858545,0.09589016720763358,0.10124263498192718,0.10440787355342476,0.09160904112558085
1.981981981981982,0.08473108350291894,0.09605909177346159,0.09505114182686489,0.11040423927585023,0.0993329525502282,0.09941805681571478,0.09678253293206444,0.1017819352343737,0.10408351319233561,0.09261919395981703
1.991991991991992,0.08506649445872139,0.09643884848071367,0.09488232156274211,0.10954581955330894,0.09992462345790039,0.09946872741397683,0.09621846151652949,0.10105203707641446,0.10403820679814184,0.09230183941269186
2.002002002002002,0.08533501233569064,0.09594313413528321,0.09536569064068695,0.10858135127412569,0.10003730003723,0.09902615568746603,0.09515053038422812,0.10060105077462168,0.10422620225888743,0.09235656260440418
2.012012012012012,0.08576161889182511,0.09628909516606833,0.09490324060086429,0.10890570966723484,0.10095255535777499,0.09922161805277496,0.09407136842288955,0.10118509968408639,0.10282652568344879,0.09271112500571706
2.022022022022022,0.08619321976624186,0.09673512918738414,0.09400891760633841,0.10847654762097225,0.10038913300665721,0.10000268997734015,0.09318290535055411,0.10193627209072574,0.10203246907316994,0.09342586740362248
2.032032032032032,0.08734046824534575,0.0967909924840391,0.09337339500536639,0.1085299722256552,0.10177325639022967,0.10067043844830492,0.09302723078758886,0.10189914078088998,0.10068794937224926,0.09313352288576644
2.042042042042042,0.08748527747417907,0.09889617273222023,0.09387812743228206,0.10917384885538425,0.1013583228358702,0.10023783762913528,0.09270390807311087,0.10265553535873452,0.10033336702387981,0.09354673071218275
2.052052052052052,0.0866321642750375,0.09917118347211897,0.09263521645189829,0.10877337071494825,0.1017074010779704,0.09998819245994782,0.09178425077330352,0.10458225985293851,0.10126820786891039,0.09124066460819265
2.062062062062062,0.08663596168567604,0.09752147855555236,0.0928680349950184,0.1087229437338658,0.10248664373679017,0.10061054365181776,0.09078208450269422,0.10425906187286743,0.10224301255666568,0.09123623272020381
2.0720720720720722,0.08642468228984149,0.09773418154168866,0.09368722218790809,0.10806367118620556,0.10297662452632336,0.1011412432550633,0.08972097980992237,0.10420411495623198,0.10313942847334787,0.09238292291651765
2.0820820820820822,0.08620063137421938,0.09759650786005371,0.0924088137674412,0.1067409869666019,0.10182228276753946,0.10022001418995388,0.08795155516977096,0.10538961879127613,0.10294199308013612,0.09251075642964685
2.0920920920920922,0.08628707294568821,0.09671696742215075,0.09268857142082627,0.10676925426947959,0.10218974620221348,0.1009110454921105,0.08939091457364323,0.10625149227816676,0.10160709119441337,0.09332655534435202
2.1021021021021022,0.08564030860230326,0.09611261853572872,0.09224686716941008,0.10692779677483036,0.10232068093039401,0.10087384132417539,0.08899320458776568,0.10483779559974596,0.10146221735155807,0.09376293258440345
2.1121121121121122,0.08591487651733527,0.09613242877175618,0.09353789777426227,0.107148022046326,0.10157724970096374,0.10081733189945405,0.08929423770581979,0.10340954608485542,0.1011178598356516,0.09331771971619804
2.1221221221221223,0.0855531840966844,0.09555388514018688,0.09274120987524596,0.10755502481755613,0.10235492538581309,0.10139211265647533,0.09048787179318822,0.1036220629346659,0.10057853684023224,0.09420504324672242
2.1321321321321323,0.08541945003334608,0.09725412863005857,0.09213098759910705,0.10736609188543599,0.10274481303053516,0.10226177616977432,0.0913209191787408,0.10327517826317338,0.10001812992003492,0.09369655859272932
2.1421421421421423,0.0853117856726113,0.0975818810293613,0.0931149471436397,0.10757098145273955,0.10106273947413706,0.1022899677742525,0.08991232894532579,0.10206872793932951,0.09951227532597329,0.09432916526529814
2.1521521521521523,0.08494182989259044,0.09852048921231671,0.09310688743142638,0.10858530894576883,0.10044050910435377,0.10280545888637002,0.09091179371053656,0.10293694435216537,0.10044002441195908,0.09471381796712776
2.1621621621621623,0.08413570118754762,0.09748178196454922,0.09293865953266818,0.10904400550039461,0.09932866970989584,0.10269887485170631,0.09071594041055513,0.10162212221351204,0.10212408930506535,0.09332089243601747
2.1721721721721723,0.084615942071398,0.0971516907440225,0.09330764413394455,0.10767822504932208,0.1008615817554923,0.10109736440310395,0.09137070892796302,0.10150578791571542,0.10234001751613889,0.09266071734344743
2.1821821821821823,0.08533230926270494,0.09732402525641183,0.09365768467722563,0.10825065566197019,0.10176026516931373,0.10106390706156712,0.09113057832080797,0.10250200775924934,0.1032134366626187,0.09141901899822386
2.1921921921921923,0.08628418897931144,0.09759201809800394,0.0950683557777138,0.10832684202212865,0.10026381471745145,0.10221074421685983,0.09003636959296644,0.10198549380065773,0.1018894290045383,0.09250991980536238
2.2022022022022023,0.08746998419297061,0.09717432402757865,0.09479557849795646,0.1082642464348445,0.09876205112399979,0.10240531771873787,0.09006888293308538,0.10099506245789457,0.10109747865352926,0.09255516504377645
2.2122122122122123,0.08724702629840407,0.09798796516799635,0.09471872220897005,0.10714889226266958,0.0979832250444328,0.10214378835715944,0.09068113613721036,0.10107927929606669,0.10150672293091835,0.09257412649614488
2.2222222222222223,0.0874269078958322,0.09800615897933021,0.09461176138835792,0.10665577441223839,0.09705716016756638,0.10173582332728774,0.09245305639742818,0.1021201438420252,0.10271484000299749,0.09315094080222358
2.2322322322322323,0.08783978853748808,0.09852001091564623,0.09554100803258737,0.1068692447907632,0.09661841372038048,0.10117597504458947,0.09299317253509662,0.10225368379416455,0.10435592800765381,0.0940118163630948
2.2422422422422423,0.08889808257230353,0.09895521104377743,0.09553000467079893,0.10719646577319861,0.09702993348789236,0.09959117515578947,0.09494103017788738,0.10149151258230031,0.10560980645969177,0.09213946276712197
2.2522522522522523,0.08890255308202194,0.09931026206477067,0.09688978261255642,0.10915374395347113,0.0972553059232867,0.09952810112064928,0.0949325352705867,0.10205655843180306,0.10595382939834115,0.09249998884012701
2.2622622622622623,0.08973619515621951,0.09827685707363852,0.09776089177461064,0.10918798188725826,0.09732544608946643,0.09912739590013,0.0941757860186093,0.10213423850628253,0.10618548609470102,0.09373419375614925
2.2722722722722724,0.09040728291679169,0.10019296305470034,0.09763193877047226,0.11009616248226747,0.09637707695501718,0.09891757579108343,0.09346979972264437,0.10214879278078338,0.1064774504515072,0.09239377101327846
2.2822822822822824,0.08991688283051198,0.10116603110815706,0.09734065666535377,0.11002112192310651,0.09705694639886608,0.09921794877841304,0.09374675981851618,0.10227853414590556,0.106696110738747,0.09279927652721996
2.2922922922922924,0.08992020821482943,0.1001119415766176,0.09651463993446698,0.11029413226110532,0.09726696868997503,0.09913785091227015,0.09381670717612817,0.10249457921580167,0.10692341196538524,0.09247022347756051
2.3023023023023024,0.09003171448417069,0.10086668502483628,0.09562249431064174,0.11039469414608383,0.09854548161588035,0.09970956479247707,0.09344044870777007,0.10165816352842828,0.10678552359570562,0.0925503713893101
2.3123123123123124,0.09040628947069214,0.10073673373392397,0.09591172018182557,0.11016113296214361,0.09973604469930561,0.09989731756674265,0.09361916512469245,0.10225504349716925,0.10659553901794266,0.09242058640844296
2.3223223223223224,0.09109977879802239,0.10088458990006144,0.09602394542499793,0.10988756765493259,0.10048078300164684,0.10093844240214847,0.093650430220258,0.10255550169112444,0.10670383044256104,0.0918462614172396
2.3323323323323324,0.0905155995614571,0.10214964940985993,0.09563030540756645,0.1097787861171636,0.10139660027971502,0.10252362532518008,0.09296051251623166,0.10217462821239255,0.10556063872569664,0.09374309336795411
2.3423423423423424,0.0904769938560035,0.10224700811520501,0.09538444423635908,0.10914167301681373,0.10081326899477681,0.10294969843562529,0.09295557025532276,0.1033860148936912,0.10483433388231597,0.0942378090588702
2.3523523523523524,0.08950357555040372,0.10206241870537325,0.09555057973547601,0.10943404682890519,0.1014321697405829,0.10187866497538066,0.09218552021467336,0.10501140967482427,0.10444178507414736,0.09534677159798974
2.3623623623623624,0.08899600221815131,0.10178159494505831,0.09627793153391163,0.11012845563258315,0.10011537746007107,0.10221241347898596,0.09393293390414764,0.10568085068160238,0.1045367839249532,0.0950893456530559
2.3723723723723724,0.08850892687588452,0.10174141267790354,0.09663412627323324,0.11019261744443798,0.10051484815882086,0.10215452373075443,0.09263468927082867,0.10743268685915305,0.10345695298756577,0.09470668068151257
2.3823823823823824,0.08811638710793535,0.10171074477254179,0.09737307498332437,0.10907943097891679,0.10058384440311186,0.10175732431158657,0.09396825264682443,0.10798292449496398,0.10431209331615392,0.09549335456143036
2.3923923923923924,0.08799462084214375,0.10126822190439737,0.09748182381091532,0.1085144367674792,0.10212717019599978,0.10105658236817033,0.09356529800604436,0.10584892638898398,0.10334351233684719,0.0948813539091509
2.4024024024024024,0.08799437169525742,0.10164982649153113,0.09774786069388165,0.10724229990109663,0.10213421431622474,0.1004417054226591,0.09393388309988741,0.1043399823320652,0.103236471200897,0.09604721267092889
2.4124124124124124,0.08790690469910999,0.10222759837012761,0.09782171201722978,0.10645662762354557,0.10317771812050928,0.09945346597462375,0.09430800134906533,0.10565882483134371,0.104346193837939,0.09711580754609858
2.4224224224224224,0.08726085565885612,0.1012656849660306,0.09853206037126239,0.10587284323427844,0.10464428835431737,0.09985994739300529,0.0946930966128816,0.10639182424712884,0.10438331159636063,0.09651856543083485
2.4324324324324325,0.0885409232615109,0.10140954789151393,0.09785821562218464,0.10562329476047978,0.10518131721346033,0.10034864566062882,0.09473631770629447,0.10715799899191655,0.10372835199544331,0.09694867829006007
2.4424424424424425,0.08851001870896155,0.10066967806565853,0.09828938834708684,0.1055669573594631,0.10722005893968031,0.10003286201915261,0.0939237961364843,0.10715533674579224,0.10380567312465305,0.09678888368551194
2.4524524524524525,0.08858519279374677,0.10000983455722276,0.09856847616536976,0.10656850156171044,0.10788975166394635,0.10026136699132045,0.0944310058948909,0.10657830372235352,0.10266178166351361,0.09660450124394533
2.4624624624624625,0.08883913695221077,0.10007545434190278,0.09825779116432497,0.10744337111620524,0.1078325098430215,0.09920345450788265,0.0935414305209998,0.10848857475727973,0.10248096491104769,0.0957003737305797
2.4724724724724725,0.08860298608630097,0.10131000060449831,0.09811857608445512,0.10702326824666913,0.1071555118491307,0.09848268179509503,0.0934104623960368,0.1097015802936256,0.10384563938407079,0.0948961594839897
2.4824824824824825,0.08872569396477839,0.10150690776536976,0.09810926586894404,0.10655073231996084,0.10646449857648445,0.09963886368783588,0.09303078373020607,0.11016369864864373,0.10351298805423617,0.09334561375129401
2.4924924924924925,0.08905201009853062,0.10123746765490867,0.09907920633310052,0.10527622612268545,0.10591927205295627,0.09998952325764127,0.09355712040859895,0.10881125105376781,0.10308540458007241,0.09347863292109272
2.5025025025025025,0.08982635082325582,0.09952292094515376,0.09835460221803409,0.1050377966376917,0.10651335284822139,0.09852159905645087,0.09369550159119859,0.10768947476487818,0.10195259025977607,0.0936184604382812
2.5125125125125125,0.09056111127143528,0.10101848276464961,0.09823123769493886,0.10495210975991504,0.10683035428299918,0.09886788478545913,0.09272994370120537,0.10704553476495081,0.1024419388042868,0.0928689119164932
2.5225225225225225,0.0893496089459074,0.10030434472772415,0.09880789017364197,0.10498361986650759,0.10487187117847196,0.09805381631411211,0.09323000749262181,0.1074233924545828,0.10139326951869664,0.09260910109137348
2.5325325325325325,0.08930872642249062,0.1003206148080702,0.09952614507771111,0.10502386276379864,0.10430656777182865,0.09915314612614223,0.09151155833453245,0.10790231849958475,0.10119805004289342,0.09179935663277601
2.5425425425425425,0.08928948102026947,0.10133203272018891,0.09828420007792431,0.10450804811053455,0.10492187457798531,0.09881860881994868,0.09267974565006834,0.10827412286321118,0.10227068801631031,0.09288374455774663
2.5525525525525525,0.09127241168019663,0.09992972103346154,0.09840757511552484,0.10445887078134361,0.10535062365136717,0.09788095044229488,0.09228910101820079,0.1085469920793598,0.1024073742475391,0.09291706143428886
2.5625625625625625,0.09153612750184519,0.09889752326244486,0.09825183844860522,0.10359269926746045,0.10683082716133334,0.0982344298400747,0.09222834135518113,0.1084694656122238,0.10258902970883764,0.09253957527823804
2.5725725725725725,0.09139293352753029,0.09901978648399784,0.09812278236693533,0.10259950039769625,0.10678643569929144,0.09798155553727879,0.09303429275548913,0.10866120554986398,0.10339647298077446,0.09288928987687586
2.5825825825825826,0.09124855986585312,0.09927748242754464,0.09753557758274699,0.10224732867890723,0.10680731842467718,0.09780279910789456,0.09373495241437348,0.10790858908339954,0.10299214415224134,0.09400400301769969
2.5925925925925926,0.09286507797940341,0.10015981026170165,0.09751721651605626,0.10215550272258411,0.10666169269268463,0.09762105535073448,0.09432787887533997,0.10695940267433854,0.10120832240857848,0.09308277764539372
2.6026026026026026,0.0925796186247366,0.10070160745556549,0.09869628294686368,0.10241059022662306,0.10737496844182863,0.09825569707742199,0.09488261873731424,0.10706255473807283,0.10224184289457058,0.09305761816768988
2.6126126126126126,0.09226860077925925,0.09931121292968612,0.09936010407294693,0.10293908021015463,0.10691415085390213,0.09824235285635001,0.09563879728995574,0.10745857530232548,0.10202328058824085,0.09362345306620015
2.6226226226226226,0.09226857781077792,0.09992909133019062,0.10040783552772799,0.10209192605468126,0.10650368670915554,0.09900381411061437,0.09645888721175584,0.106926112730604,0.10203719233187367,0.09425412886093576
2.6326326326326326,0.09220677684323536,0.09912442858920627,0.10009616599931698,0.10175933872602058,0.10691888845678188,0.09776402045789336,0.09580518871130111,0.10687107921399806,0.1023318583472794,0.09441149604118211
2.6426426426426426,0.09083146618047955,0.09976860905894061,0.09986113373588584,0.10161502179555536,0.10776549440521675,0.09860935358514973,0.09553778425940351,0.10663481314367658,0.10269383425664388,0.09491389745898501
2.6526526526526526,0.09062321796192849,0.09927243948402588,0.10002255351095786,0.10203479535926717,0.10686501007068036,0.0967798563763317,0.09558718087828418,0.10610643644873066,0.10234598941930534,0.0958355231970959
2.6626626626626626,0.09064250603493847,0.09852837420781389,0.100397909827687,0.10055384014974796,0.1059788652392582,0.0960127367872426,0.09740407993993545,0.10639894760765534,0.10245730047606078,0.0961336407868319
2.6726726726726726,0.08989197601321777,0.09863098400210646,0.10103623710947328,0.10072813422902742,0.10545648594061104,0.09644258400338174,0.0988242655839415,0.10559392800451949,0.10295894522988001,0.09599002376829928
2.6826826826826826,0.09024966798093573,0.09864268768170079,0.09995013932246306,0.10116201375398769,0.10556562790678826,0.09560328412140918,0.09999153344740082,0.10548896956594044,0.10309275426555892,0.0965925249769543
2.6926926926926926,0.09085787587756505,0.09907494062700349,0.09969564275365345,0.10142442549199762,0.10501905410358774,0.0958342316247111,0.10106101632490075,0.10552180217125687,0.10414731680502914,0.09812314514222999
2.7027027027027026,0.09200532160111388,0.09847193071900685,0.09898610238947785,0.10201406571433569,0.10445421858157061,0.09642600831450017,0.10040291380224242,0.10599305163161758,0.10448631469315467,0.09876006823752576
2.7127127127127126,0.0923399227385834,0.09963208323213663,0.09853206703559188,0.10240195670014159,0.10429397311801851,0.09624981851744119,0.10015063681552454,0.1075752279610402,0.10379907183511031,0.09897789362646182
2.7227227227227226,0.09262362810091128,0.10089494487634842,0.09826028355914544,0.10355298696759714,0.10519054776335807,0.0960885746797526,0.09975346585333839,0.10784342094407917,0.10383021385189585,0.09954197582589207
2.7327327327327327,0.09303107824072007,0.10169900622132215,0.09772667485436365,0.10427398199198157,0.10497147550612487,0.09587614161058727,0.1005336975080329,0.10754839285440726,0.10379883233405039,0.09970762896611657
2.7427427427427427,0.09358882899891405,0.1007547181522064,0.09837041605981502,0.10365902231923192,0.10566353011256112,0.09733578910352492,0.09887756991488499,0.10832090082436313,0.10286468211655816,0.09850158778993294
2.7527527527527527,0.0936393085784219,0.10046926097508141,0.09707171489171074,0.1035064555935695,0.10654435884740299,0.09670009674501867,0.09794424528379972,0.10763253368613865,0.10128022187651523,0.09865953337551532
2.7627627627627627,0.09396167872214096,0.10112683408738281,0.09654695622484283,0.10381526418049022,0.10687208353835041,0.09709575964986823,0.09778873525651088,0.10705291314130752,0.10152404398794744,0.09911832294772137
2.7727727727727727,0.09342970203028893,0.10111016006224051,0.09711400042685996,0.10398707684943695,0.10709540608025134,0.09759798698767609,0.0971492358120203,0.10608788333507703,0.10154975682642858,0.10070508667222794
2.7827827827827827,0.09247867555443755,0.10156637781310891,0.09699315141484632,0.10457651653253959,0.107926558731421,0.09783415813331965,0.0964339429546538,0.10565804157254349,0.101123370102969,0.10113807097874389
2.7927927927927927,0.09152958848440655,0.10211104456520212,0.09774747234366105,0.10613852428997246,0.10740396675358692,0.09846391946063639,0.09656812420219978,0.10572913220010127,0.10330205227581962,0.10092797107118848
2.8028028028028027,0.09172728308577535,0.1032050659680029,0.09791402592385547,0.10641880480194083,0.10739182850140484,0.09938231918830653,0.09606187102232762,0.10433861947365812,0.1040806205460958,0.09964332995079797
2.8128128128128127,0.09208738039082545,0.10302150522111723,0.09763772461418253,0.10668262620722609,0.10608365916205235,0.09953556229638766,0.09471059722458708,0.10420983093861401,0.10406935848086221,0.0989075265194595
2.8228228228228227,0.09281640972498352,0.10224537208770333,0.09685633491927402,0.10713728932022816,0.10597184912435739,0.0980739405698829,0.09580558007207558,0.10382116702537973,0.10424491467709111,0.09851910780931429
2.8328328328328327,0.0929741720310591,0.10328262336449136,0.09899742146224147,0.10592000937890678,0.1062312921488167,0.09806480466428281,0.09575842050171424,0.1042130501912252,0.10440747204292097,0.09830647221480242
2.8428428428428427,0.0937317685819034,0.10251061413138025,0.09801978965177767,0.1068558424034078,0.10625294964123189,0.09738695826754572,0.0953817219333466,0.10311851437913908,0.10429505750734677,0.09820370455953956
2.8528528528528527,0.09390183631603259,0.10179285173722637,0.09741163398210763,0.10763541814183235,0.10590271818144022,0.09788156127000283,0.09656886490619129,0.10393576428972953,0.10281295953361118,0.09840342889987917
2.8628628628628627,0.09411697510557196,0.10071973704995554,0.09807010938456814,0.10704814367813444,0.10528372963503761,0.09902957792740663,0.0976964620964603,0.10457045466024993,0.10334874988270663,0.09898696755523914
2.8728728728728727,0.09362988439907279,0.10059609542693507,0.09874893466923833,0.10595750703627169,0.10588534844954575,0.09981625103561598,0.09741566926644608,0.1053991846060908,0.1037393884356436,0.09865147247839778
2.8828828828828827,0.09476738629119566,0.10067209230020266,0.09844033592132088,0.10597330616344226,0.10544577825054324,0.09937735642118654,0.0974198413707228,0.10572315016639908,0.10317019991329555,0.09932358217849548
2.8928928928928928,0.09513942145943892,0.10110023998231134,0.0987980365443907,0.10499405953142159,0.1054148257322225,0.10007865891664819,0.09808590176952643,0.10600189312710193,0.10308061086247484,0.09874129740029412
2.9029029029029028,0.09444883527310112,0.1025611509466026,0.09829990395764161,0.10522740489293955,0.10600539240225501,0.10048836621460007,0.09779602086381864,0.10535165487228969,0.102727538322408,0.09914415311683987
2.9129129129129128,0.0939538273349489,0.10292418202316697,0.09871538206265092,0.10644207609230348,0.10585746629352742,0.10177953409371722,0.09787427604609515,0.10557367977477124,0.10240169178654278,0.09881164025665808
2.9229229229229228,0.09402830893982284,0.103842001300992,0.09950127154320484,0.1068105553467062,0.10520522474285399,0.10115280150720214,0.09830833387928835,0.10665836893321155,0.10272495146558981,0.09993851791734189
2.932932932932933,0.09482695602084325,0.10280553431027553,0.099582822387184,0.10732693157082066,0.10598028356542252,0.10098618210049584,0.0971600961847173,0.10745760824498855,0.10371188845497295,0.09923669935692102
2.942942942942943,0.09437546632951,0.10186594530289754,0.10062195795207353,0.10721308110289812,0.10503539933890617,0.10206951933811843,0.09834108479349717,0.10692003056177247,0.10404976227386291,0.09856336295859733
2.952952952952953,0.09324055337914391,0.10104677608526884,0.10059151500644535,0.10730747716516896,0.10414342347039358,0.10096723644299162,0.09830867966824834,0.10742296484940309,0.10415350170368162,0.09891356372563824
2.962962962962963,0.09290340963548105,0.10153951575840177,0.09942785763875403,0.10772753783642451,0.10376207015608695,0.09876563778691566,0.09844823771920448,0.1064570125438306,0.10389681149329202,0.09960645980138028
2.972972972972973,0.09386443418990204,0.10161137737030507,0.09994437457686466,0.108040614312397,0.10398018667926766,0.09779157142951361,0.09788069643462823,0.10671347698562765,0.10346366143586694,0.10063785311458348
2.982982982982983,0.09180362280157818,0.1008769100640358,0.10108323223005375,0.1088298440918354,0.1030155466960705,0.0979703856810164,0.09839067751891635,0.10615574787639925,0.10387956395658712,0.10030362244515265
2.992992992992993,0.09152125533046807,0.10115991956671802,0.10091602022876714,0.1094302906539462,0.10173375999817258,0.09803202385450926,0.09903357327259246,0.10651519591855874,0.10529817781096736,0.10037224763784665
3.003003003003003,0.09182143639559447,0.1012464962842758,0.1019589018267297,0.10957419081494202,0.1014369002447075,0.0980982763095689,0.0999204499843841,0.10534683517622986,0.10400203709907954,0.10210738831109821
3.013013013013013,0.09137986771099761,0.10114741942278287,0.10260407629446142,0.10946403212994173,0.10107152393132707,0.09880471057807758,0.10049357875652287,0.10676915592232687,0.10513742132119487,0.10436349544617732
3.023023023023023,0.09121190048295659,0.10190583893345044,0.10312236013524576,0.10915815785933905,0.09940576952798057,0.09808996100578404,0.10020530464514162,0.10594908418035551,0.10449099359525962,0.10468490056049383
3.033033033033033,0.0917222419793636,0.10096355798982144,0.10283785993514176,0.10831302499728632,0.0988184757121072,0.09693248095939466,0.09973385651163673,0.10504122059832881,0.10411320332110618,0.10537316412052244
3.043043043043043,0.08988386341375029,0.10075965820763343,0.10419081225146064,0.10894653586889806,0.09738957180326195,0.09712924622573388,0.09980243612797376,0.10543199268792815,0.10531372954532402,0.10613998479153298
3.053053053053053,0.09015171657746394,0.10111078433450606,0.10444346426497284,0.10790134670844141,0.09870081255133781,0.09753831030648367,0.1012141979318997,0.1044027198050782,0.10535175408979447,0.10620956635943839
3.063063063063063,0.09022557055626153,0.10109219250632735,0.10328477237146265,0.10760969644024514,0.09893990676101957,0.09716066405911271,0.10190103469444732,0.10537040002800172,0.10465721026579933,0.10589125433926429
3.073073073073073,0.09033257517664289,0.1016576241814553,0.10316323729154872,0.10735610128140344,0.09980473482039913,0.09702037966435195,0.1018553834804352,0.10515260949026221,0.10463798503944598,0.10448055245596417
3.083083083083083,0.09075807476855971,0.10138813691943946,0.10433408034720539,0.106969609191582,0.09847433125090395,0.09655416420604886,0.10138574764684484,0.10511911221589987,0.10421518079088359,0.10446197538167938
3.093093093093093,0.0905112637457758,0.10162372845816421,0.10313691577593354,0.10841377194481074,0.09714100598754274,0.09711492271807823,0.10268118515022141,0.10499230656200864,0.10535779827554165,0.10337610388705219
3.103103103103103,0.09102338768297498,0.10161873400854085,0.10272120359048925,0.10809692469944085,0.09687377931165497,0.09632535770585414,0.10333677788652403,0.10464524727690556,0.10675871981616175,0.10347298946603356
3.113113113113113,0.09197534947415317,0.10149670033450892,0.10217048764244586,0.10865454975048315,0.09691978032234641,0.09604587126963729,0.1028727899063476,0.10466321046104637,0.10640908052684221,0.103817352088778
3.123123123123123,0.09209861859481444,0.10181229719492768,0.10282742383984877,0.108521961518488,0.09716486586371442,0.09588327823505005,0.1022123944402854,0.10438733374889991,0.1054518261245008,0.10357532511740764
3.133133133133133,0.09281873375666622,0.10086575234389916,0.10296573980543915,0.10833613819308606,0.09740731277971,0.09681718423869697,0.10196575256358,0.10497441969679606,0.10533642301887192,0.10245516276490643
3.143143143143143,0.0939387951175602,0.10095373139449053,0.10184299057013912,0.11035915559713538,0.09681828991965906,0.09568394775795461,0.10236812244460945,0.10510870380507036,0.10570997202130387,0.10363087108439416
3.153153153153153,0.09365504812356476,0.10063042631382393,0.10182507624258745,0.11097205090153923,0.09599479836900862,0.09576278165193196,0.1030193301633206,0.1055790295789671,0.10630529343103204,0.10322319996194454
3.163163163163163,0.09331019497018958,0.10000897780675734,0.1030083485845419,0.11081934054535057,0.09673472335194834,0.09635842473319649,0.10370328872954014,0.10500309339536261,0.10758859126238075,0.1025152745119575
3.173173173173173,0.09398505952371855,0.10000649089023698,0.10409590814066262,0.11101162459134199,0.0970090622264763,0.09671170274598001,0.10316512266788878,0.10587287014683625,0.10864701713833316,0.10220412506698094
3.183183183183183,0.09392741066353458,0.09917973966312933,0.10384351192099454,0.10998971399494138,0.09750745679095102,0.09748789754203216,0.10227042074460468,0.10610088210534735,0.10857814889612875,0.10145944570717733
3.193193193193193,0.0932979810059249,0.09947877003601516,0.10466374959353206,0.11004560313037867,0.09646111978322987,0.09585857740759551,0.10230744567284669,0.10609160254681932,0.10846289261802503,0.10021966259290338
3.203203203203203,0.09292458431512365,0.09875699763456584,0.105911915808747,0.10999035027560228,0.09560991329823729,0.096833415041223,0.10193533636019378,0.105906785840777,0.1087345004514254,0.10074186751907477
3.2132132132132134,0.09306507210514513,0.09865257556204146,0.10657435863798989,0.11138916627372863,0.09608099307780417,0.09786596652562779,0.10163825914538643,0.10443822755280943,0.10875721784446432,0.10061988727074325
3.2232232232232234,0.09331374852219622,0.09814236073462916,0.10645892867729768,0.1104415026860274,0.09681807394857159,0.0976954528214557,0.10238053162151908,0.1048461941170626,0.10876551412707729,0.10088401784899047
3.2332332332332334,0.09365397072503225,0.09826475184480263,0.10625612895333364,0.11170766194520514,0.09621426212292317,0.09882921919979738,0.10150450410264103,0.10576607925857635,0.10901881920538305,0.10151124593837185
3.2432432432432434,0.09386401093408157,0.09780495881910771,0.10582025792345777,0.11101581953233189,0.09621313067582082,0.10083003138639261,0.10138651284071384,0.10432722584589316,0.10696116494162065,0.09964818615121497
3.2532532532532534,0.09366378575286918,0.09747387703526997,0.10522712349446359,0.11148108564091011,0.09558046253177868,0.10186315540136072,0.1014700025945216,0.10522359280557128,0.1071656236208885,0.09960331627923033
3.2632632632632634,0.09379838088749304,0.09769333865285333,0.10551039440914779,0.11242537502794399,0.0953138147906084,0.10216108169828012,0.10081225825257291,0.10451203496373981,0.1078040868961277,0.09971644012777485
3.2732732732732734,0.09388005256209295,0.09846651771175029,0.10470302186531641,0.11236053609580499,0.09426768529164212,0.10219737760919226,0.10041629083592366,0.10289796029699523,0.10778701642534795,0.10029438821977717
3.2832832832832834,0.0947461997086011,0.09949664786907625,0.10563392820027999,0.11285231178108451,0.09409614077463703,0.10325202191694166,0.10013913952147524,0.10255591853775413,0.10688292181273523,0.1009630143743245
3.2932932932932935,0.0945337528396016,0.1003988819445259,0.10625081795021897,0.11219149939110629,0.09435679694723534,0.1037670834089689,0.10014109613279323,0.10324346592540608,0.10689277250684709,0.10090370392809989
3.3033033033033035,0.09288063279990041,0.09923240850814477,0.10690211959855332,0.1129417462682337,0.09418798310165459,0.10351614271013335,0.09859446374294667,0.10308011119357723,0.1068656757105989,0.1008516803510494
3.3133133133133135,0.09322380554555555,0.1000276406596231,0.10680369967618278,0.11326018699342146,0.09456463218466643,0.10182870364635617,0.09835977756658908,0.10273950172799313,0.10681898376978059,0.10124769312741157
3.3233233233233235,0.09344607669948739,0.10139825193994462,0.1062472475902175,0.11270841167248591,0.09577740540217498,0.10342537239982164,0.0984291807252091,0.10335028030329654,0.10652716326261503,0.10073957170114935
3.3333333333333335,0.09317620829733789,0.1014943930198912,0.10683409241200172,0.11291292981326932,0.09697190427641453,0.10304065193470083,0.09951565115043437,0.10417016878200565,0.10649290604866606,0.10134922745565042
3.3433433433433435,0.09432194975285066,0.10161796403275143,0.10688724113462629,0.11238498205438262,0.09692659864406811,0.10327718466175981,0.09920231174843368,0.10546947188156323,0.10663263371061363,0.10126800226588295
3.3533533533533535,0.09322461437419796,0.10229958213819881,0.10620906933429762,0.11255518109403231,0.09707173433310579,0.10302845736210724,0.09915288504539019,0.1069666562609311,0.1061024687573936,0.1011165964028374
3.3633633633633635,0.09258784546355844,0.10381708324149178,0.10568389225836605,0.11110662391322611,0.09647638859279722,0.10450568559869493,0.09914434028884346,0.10573018647881112,0.10708988138098223,0.10165024384844216
3.3733733733733735,0.09368142543759046,0.10396890808876912,0.10529437013434839,0.11084250688371587,0.09585401081186086,0.1046547286505636,0.10036594497808239,0.10530474436179915,0.1065651273390456,0.09974706908212853
3.3833833833833835,0.09302226954256375,0.10426661951286315,0.10595680659473034,0.11156726074042449,0.0964175346253614,0.10508769030456971,0.10050156663839853,0.1053666148705324,0.10568652956641778,0.0997795188999195
3.3933933933933935,0.09501079802329662,0.10355760419749936,0.10483808483195936,0.11125588405995987,0.0954197622302653,0.10519791834146727,0.09957025372970633,0.10459468134299606,0.10514317248986588,0.10010124525259868
3.4034034034034035,0.09364145766916507,0.10274013780893149,0.10399080380434,0.11261780620237619,0.09519403292657287,0.10428699729283665,0.10103783075466935,0.10458087425503917,0.10537685341241877,0.10063729647055109
3.4134134134134135,0.09270044932869066,0.10325780834032812,0.10291916830598435,0.11218482928621197,0.09561552913856305,0.10509553410068977,0.10220139467162076,0.1048760949142245,0.10532179643900706,0.10087015334882708
3.4234234234234235,0.09322213727539286,0.104336877724363,0.10203101688639134,0.11136257339694242,0.09578805977006273,0.1049665234227996,0.10287196289991102,0.10534872035355133,0.1062273066119421,0.09939838566140002
3.4334334334334335,0.09263645443952992,0.10499229725050284,0.1024019680105878,0.11124760338903995,0.09550024633605994,0.1046784414661698,0.10166161849608232,0.10506576835220137,0.1058087772924699,0.09991054582354861
3.4434434434434436,0.09235614811635923,0.10479100549276862,0.10249064223830388,0.10959512708574233,0.09602529950629445,0.10424911060680489,0.10246172828760673,0.10546451032390149,0.1053825520440067,0.09984410431782746
3.4534534534534536,0.0929513540040773,0.10319215569287343,0.10244233044646378,0.10870782690268059,0.09683218104460802,0.10410198305502551,0.1025119933105701,0.1060481702952987,0.10697242014050237,0.10053616050251928
3.4634634634634636,0.09332711419436342,0.10366943346707495,0.10295739633413431,0.10737435448807718,0.09763182822101409,0.10367634331204088,0.10184018585210172,0.10504317783109368,0.10679579102275034,0.10035528264395507
3.4734734734734736,0.0935183519238577,0.1038773878752179,0.10311131036968901,0.10646231046130396,0.09761596640991807,0.10417533964577105,0.10173410951649621,0.10534186821300287,0.10781046045869319,0.10136804395975148
3.4834834834834836,0.0938451018836401,0.10485538225845561,0.10286607567465111,0.10711953935121472,0.09781372604493466,0.10422740706652191,0.10125361722814367,0.10481574433652176,0.10756126913240835,0.10013517156302275
3.4934934934934936,0.09356291730212624,0.10520521732866465,0.10335208602352637,0.10818548449387383,0.09701151396428495,0.10528392178498014,0.10176619580264862,0.1041322576750952,0.10795341740708773,0.09962160219371166
3.5035035035035036,0.09374273610481186,0.10511641880646293,0.10274324506865644,0.10779226042297665,0.09650066044245297,0.10502395624299786,0.10205755392179676,0.10406206828882915,0.10643593243507604,0.09889566934374859
3.5135135135135136,0.09311131703157445,0.10583132695365918,0.1019207160902502,0.10875390243163882,0.09640708686033442,0.10554799190068982,0.10127545386878586,0.10511523082243868,0.10714223116870143,0.09843327993607222
3.5235235235235236,0.09497677400503815,0.10520064973900453,0.10224415607741233,0.10884954271055058,0.09584903082427414,0.10510022307768745,0.10296754460751197,0.10518747562660638,0.10766611420381968,0.09791803571363213
3.5335335335335336,0.09467256982408151,0.10523757432502127,0.10131057128646996,0.10854071669817994,0.09533759129452235,0.10593001157166837,0.10417216159456233,0.10482831523691602,0.10691423917132292,0.09888552334567692
3.5435435435435436,0.0960435129538917,0.1054350614698402,0.10024028225999419,0.10892866465954987,0.09621817057205438,0.10778747000148968,0.1045433222249338,0.10550854800522208,0.10585557925002176,0.0993577600856399
3.5535535535535536,0.09680550924355649,0.10632860655023313,0.10155636029800552,0.10803830284136524,0.09631880881580197,0.10729331398168276,0.10395677051278264,0.10523863712233679,0.10725609005620468,0.09962846466141524
3.5635635635635636,0.09644116216935616,0.10479377260430468,0.10222667276592165,0.10834764388559429,0.09690359821369718,0.10650609149222216,0.10512035851711501,0.1048655508054451,0.1082461258490004,0.09923451109454581
3.5735735735735736,0.09753851140345257,0.10507546544825375,0.10306801956270276,0.10874586165901654,0.09726129250115516,0.10612905913319563,0.10479316042262998,0.10676294825473172,0.10854482118861279,0.09979007430148229
3.5835835835835836,0.09800468909905073,0.10566182144853487,0.10264541467104786,0.10791424884085969,0.0978474417943271,0.10647440520827778,0.10445200565731977,0.1070192887943011,0.10905511296312849,0.0997152477158931
3.5935935935935936,0.09861207775172293,0.10430914509592469,0.10292954280728019,0.1085508488657989,0.09728100052809488,0.10607578208078901,0.10478558817216926,0.10614596536377832,0.10774493969300078,0.09886536115348896
3.6036036036036037,0.09823904170916035,0.1043110555056052,0.10213132495994215,0.10823918944569925,0.09693807811981738,0.10715004502774696,0.10563997607673774,0.10642018023435101,0.10846796281626309,0.09866201976669932
3.6136136136136137,0.09672454765215377,0.10532325111682996,0.10208284243053647,0.10771383343375424,0.09802042883689219,0.10667507290852249,0.10609832084438553,0.1055102395326382,0.10797188036093197,0.09873081320888868
3.6236236236236237,0.09841355745540212,0.10382189691994602,0.10298314147728309,0.10707211986008357,0.09785768025594588,0.10611810063759011,0.10531597977942898,0.1057143615754108,0.10753545160589434,0.09944592309976324
3.6336336336336337,0.09823216828210372,0.105391357704099,0.10229607765044227,0.10639887379584026,0.09692043589255325,0.10466882601477791,0.1057564722581248,0.10643686977536634,0.1086444918201758,0.09887284381498601
3.6436436436436437,0.09740953549374236,0.10651184233013043,0.10218873756538767,0.10600080704733636,0.09636450446583691,0.1051968922026252,0.1049681602931451,0.10564477585949858,0.10856764758970869,0.09761518713352904
3.6536536536536537,0.09658958895561923,0.10475411612330486,0.102519148850893,0.10605021909431672,0.09655567616501746,0.10460093135820044,0.10385100064964875,0.10482511367573755,0.10826980363205947,0.09826554098048611
3.6636636636636637,0.09510378997766496,0.10488261244342967,0.10191723362286453,0.10500891923558645,0.09654221198197716,0.10473679754222014,0.10414893534265394,0.1048859330933498,0.10944334529650612,0.09914589501307715
3.6736736736736737,0.09470072737316854,0.10559659951645893,0.10222646870518412,0.10464025787948397,0.09560867319538835,0.10432976369757106,0.10459607724432667,0.10479728674201684,0.11025976645263957,0.09985230915715522
3.6836836836836837,0.09459445482403372,0.10560626664083994,0.1026905701940968,0.1046425603259086,0.0944936998961447,0.10501035794756901,0.10475441932699224,0.10440117549194057,0.11045865302887574,0.09830198314315482
3.6936936936936937,0.09555954023441533,0.10549634463117169,0.10231764395699137,0.10555736387041695,0.09454419110493269,0.10564504551453154,0.10487217693535078,0.10340846166348144,0.11081809089495896,0.09757310114864759
3.7037037037037037,0.0944556517578645,0.10349792156950441,0.10397873609344567,0.1044504734591352,0.09317216509853128,0.10514674794625044,0.10456604690282728,0.10321927668360163,0.11059965183468266,0.09777409911441229
3.7137137137137137,0.0944230258605001,0.1042059061861262,0.10422730083177112,0.10477260175473872,0.0927911240111292,0.10630390030676122,0.10521723030801838,0.1033688021063569,0.1112962454331769,0.09665546000705422
3.7237237237237237,0.09356425882215644,0.10551309841784703,0.10387811692130479,0.10556393217207881,0.09296120478303514,0.10608454537644052,0.10393968043766388,0.1040369748038798,0.1120155747973835,0.09715174048783938
3.7337337337337337,0.09389510911913511,0.10555031020805081,0.10391691175637945,0.1055243617511899,0.09299097156059152,0.10584123001849337,0.10402125402713394,0.10391054677230686,0.1118903908167498,0.09571521558826616
3.7437437437437437,0.09355664391112324,0.10486696305403795,0.10517085453052057,0.10476914628899785,0.0947197350180684,0.10609622373436178,0.10373763943769887,0.10442468760151584,0.11111042076769101,0.09582306805280562
3.7537537537537538,0.09503039363503711,0.10442627718926419,0.10411337158810732,0.10429051675523313,0.09460396573877548,0.10680742785266681,0.10462652237534291,0.10406900395855402,0.11096622109012379,0.09685309498636738
3.7637637637637638,0.09542751362354078,0.1040185567296426,0.10234702599964768,0.10572802280378453,0.09603768659266204,0.10571880766645285,0.1054950255429715,0.10355900962197956,0.11085986097051181,0.09883110569500203
3.7737737737737738,0.09501647308491609,0.10322613988116025,0.10316537030300096,0.10621608736255556,0.09615250916183168,0.10677316572540392,0.10581097975502445,0.10412378666484177,0.11146985615680338,0.0990137036638423
3.7837837837837838,0.0958467274717982,0.1028134425504707,0.10319453555174027,0.10550877132410924,0.09617241422712623,0.10750479130441787,0.10549812535593364,0.1049617143807003,0.11162016180684134,0.09994158263768961
3.793793793793794,0.09609217408263236,0.10232253534283361,0.10322539194220022,0.10616748580529221,0.09636087678609008,0.10724747305693189,0.10507586811010337,0.10482694883890468,0.1112941232164798,0.09946941592262483
3.803803803803804,0.09458288086255862,0.10186917069265138,0.10369401343724254,0.10650731192269683,0.09560787973050502,0.1062172938688891,0.10576871573052661,0.10646816566643376,0.1103507094610768,0.0987017234191442
3.813813813813814,0.09357509490714915,0.10316748700413716,0.10426024035887521,0.10650906660535657,0.09643150861843958,0.10626351022016464,0.10500583346841547,0.10682347262383793,0.11163000074674267,0.0973206359877197
3.823823823823824,0.09361353848012068,0.10402756652417543,0.1041602565320068,0.10712233983733364,0.09645634530395883,0.10609278835623785,0.10455759155580605,0.10760539797633849,0.111629521257061,0.09784020057827864
3.833833833833834,0.09382774487592177,0.10365054886675903,0.1037038316991377,0.10544536357581434,0.09601605361894104,0.10638333178142848,0.10544298763420074,0.10685102031107549,0.11189500941645744,0.09836387382957082
3.843843843843844,0.09388234976158952,0.10419957241834797,0.1031764109281664,0.10531932886716719,0.09543190216821719,0.10632925668292181,0.10446002744696505,0.10734973237025083,0.11270981228467322,0.0991403760914682
3.853853853853854,0.09465420917179385,0.10547364426488083,0.10244942523794823,0.10498103062475332,0.0934839518850386,0.1048933008241523,0.10508195030726034,0.10773022718971412,0.113053199947431,0.09944461181824911
3.863863863863864,0.09508199131406923,0.10671890071646757,0.10249662614160282,0.10517865729685076,0.09096701458525529,0.10466943643243835,0.10567497335568485,0.1075379440076744,0.11378909372301028,0.09914012608468316
3.873873873873874,0.09464791437727096,0.10680326846300339,0.10167243257488018,0.10423400966144547,0.09002380340131313,0.10534203121991757,0.10584497461506563,0.10708497845668254,0.1137121450852628,0.0994200321882644
3.883883883883884,0.09576927205899567,0.10551001676844203,0.1004037931825229,0.10338128584190259,0.09001535481808051,0.1051520812617926,0.1060673842141741,0.10711537037241498,0.11291517126622534,0.09962115650307607
3.893893893893894,0.0945692186630184,0.10542695159336211,0.1010466349750205,0.10227823170889169,0.09021083965021758,0.10510807025834858,0.10634550971959073,0.10654632981221483,0.11243335954046715,0.10150505993197845
3.903903903903904,0.09530571169368156,0.106104940336668,0.1005096105517354,0.10277598106470487,0.08978973107903211,0.10499576727155159,0.1071782164246357,0.10601501220571063,0.11246894543072702,0.10230212814458761
3.913913913913914,0.09506044724800997,0.10655004392436,0.1011228593028725,0.10236483295188373,0.09055033659151697,0.10461077572406649,0.10699712298807085,0.10554109451487965,0.11244367076359246,0.103084094484314
3.923923923923924,0.09462358048184549,0.10772449498253846,0.10037915634023252,0.10131294927216833,0.09015727432312542,0.10442357819019313,0.10800462021825301,0.10449226152155949,0.11075068642162708,0.10386006193862929
3.933933933933934,0.09459550898388025,0.10713489674978659,0.10072982804814094,0.10127675921726106,0.09151797478624438,0.1054190226265796,0.10784670946494146,0.10302814405325522,0.11006271164263946,0.10411788201274935
3.943943943943944,0.09555709432686366,0.10595568752405207,0.10066131300960036,0.1002312983621556,0.09176365250606716,0.10601620455573872,0.10866943690287557,0.10348324214478723,0.10991681594217338,0.10426864045135129
3.953953953953954,0.0963379701115355,0.1056417165482424,0.10080317124471856,0.09958465039359937,0.09134866289561275,0.10605431726654015,0.10818861301183914,0.10351233195826723,0.11058554720247994,0.10546236038427623
3.963963963963964,0.09694719605464937,0.1052510495703779,0.10007444961535804,0.10108785941107003,0.09186776546213414,0.10538800864033168,0.1070280339453922,0.10242254850215844,0.11028375346461763,0.10460019911300075
3.973973973973974,0.0979961097148202,0.10439546765229807,0.09957826364650345,0.10006983758635633,0.09150027332342556,0.10398417998295444,0.10604291085249042,0.10183326138022461,0.11049692329723305,0.10341971716234363
3.983983983983984,0.09729664725502846,0.10334498311966796,0.09989934217158182,0.10057957209656221,0.09027460705253183,0.10341651763748352,0.1041849739621602,0.10103280396108995,0.1112340865879474,0.10308745071422845
3.993993993993994,0.098082546293769,0.10104965939908521,0.0990680827208017,0.10061543869284012,0.09148428118044444,0.1026344592849083,0.10417364412314106,0.10051843084259067,0.11191512817340513,0.1033272554732332
4.004004004004004,0.09768020827903413,0.10098476950883517,0.09858865298905288,0.10140256902636927,0.09188058927603539,0.10215130084460164,0.10283604448918411,0.09925761920917492,0.11235330285250447,0.10263608333867627
4.014014014014014,0.09762758212438431,0.10119008550935044,0.09785880054576288,0.10137799813009528,0.09211233225799377,0.10231995668982362,0.10319931000750183,0.09950055174219048,0.11217692778891163,0.10170389735508077
4.024024024024024,0.097559550318899,0.10078990196684544,0.09882368653835505,0.10099066579160065,0.09211125469083885,0.10363379518690756,0.10300017217760624,0.10092167992638439,0.11172622859184997,0.10271116963197824
4.034034034034034,0.09670350844297773,0.1009386239116572,0.09987647318276219,0.10173693774043376,0.09253969485932265,0.10418929394959436,0.10382711584781275,0.10066897948439525,0.11228395347327125,0.10334308480664962
4.044044044044044,0.09650619328111415,0.10081707911463073,0.1003837245701621,0.10267107817397146,0.09315309014609956,0.10377668756983488,0.10301844781698972,0.10024866531603796,0.11173865116368996,0.10199139818332374
4.054054054054054,0.09647976124170256,0.10051785777424198,0.10180670424618428,0.10156722898120228,0.09350294299685424,0.10471175467455618,0.10356493332945399,0.10012118310964707,0.11111603360993305,0.10256137531273836
4.064064064064064,0.09741353803862517,0.10087427336894428,0.10127915583420705,0.10237963303032648,0.09354867254071947,0.10509025301208194,0.10322670967327262,0.10019461718191698,0.11145654424519347,0.10188846273034341
4.074074074074074,0.09689506659135741,0.10078651541117074,0.10034189918729518,0.1029682830219952,0.09227869688760026,0.10501919683325879,0.10206033687035057,0.10090497715864932,0.11144119930883768,0.10168439622994994
4.084084084084084,0.09831245793351889,0.10266321836055677,0.09983748587255946,0.10235607402059935,0.09286725099233825,0.10388620112696649,0.10269061185700509,0.09982133621447985,0.1108583236974895,0.10243852198684154
4.094094094094094,0.09776175525474454,0.10300495662633884,0.10007578685875623,0.10094637821389785,0.09362263022553566,0.10423593449953254,0.10217707735097445,0.10026639917144411,0.11037444752613197,0.10230089495375594
4.104104104104104,0.09907299958890894,0.10398126962505318,0.10209867891795299,0.10044060127414119,0.09404851003957647,0.10352338720788254,0.10249012203367117,0.10062000925919327,0.11028040453909058,0.10218301156746348
4.114114114114114,0.09894394860533649,0.10274739488018028,0.10275439939173682,0.10025652577278664,0.09374181690129324,0.10222033796574101,0.10166992489196118,0.10107282560400387,0.10831319366728474,0.1028193142855555
4.124124124124124,0.0989663487337191,0.10376229146229536,0.10136791009933402,0.0996769350259988,0.09449925426326208,0.10234569581246104,0.10011292373868515,0.10115442191989983,0.10884504716630922,0.101710145724779
4.134134134134134,0.09854197243722307,0.1045340497067464,0.10212535857444201,0.10108927126792072,0.09617973056157467,0.10156732176617515,0.09994070559214527,0.10113549144325995,0.10865912582106628,0.09977543633634481
4.1441441441441444,0.09836345204459519,0.10386466515870266,0.10273416645943753,0.10055306033065367,0.09577300141450333,0.10082180060134727,0.10128687864212603,0.10150604940616431,0.10722650062892647,0.10009407824736143
4.1541541541541545,0.09857805145979559,0.10419527062782373,0.10155728419807053,0.0992222925383492,0.09558896080469487,0.10249916250773274,0.10103230478169414,0.1020292018850548,0.10766145748094998,0.1007406436191107
4.1641641641641645,0.0981402173552642,0.10427927136248788,0.1021612692875733,0.09754581628718464,0.09621373200579161,0.1024126372538045,0.09915884611714386,0.10257784025155833,0.10749221769143352,0.1005460972083331
4.1741741741741745,0.09902227895867215,0.10348409689362813,0.1022066967745174,0.09771107370837578,0.09660099321217445,0.10218590669585598,0.09879087724248238,0.10262889444551669,0.1078308780307684,0.10089478086946689
4.1841841841841845,0.09862622631253753,0.10270546100740817,0.102380621671382,0.09644822134799626,0.09721791418304011,0.1007751942938375,0.0987043166267255,0.10306104186118482,0.10819554516450101,0.10104738424326652
4.1941941941941945,0.09881272722224567,0.10374842481930284,0.10194687832835511,0.09500798165167083,0.09771875813076987,0.10127836107279134,0.09902124708092858,0.10319228762590756,0.10845831341250478,0.10139576109700756
4.2042042042042045,0.0991276055078953,0.10277340371845085,0.10169678821684566,0.09571703793349116,0.09840269961434346,0.09996223840953306,0.09947579021027476,0.10246009153107456,0.10839017250008334,0.10215976537893992
4.2142142142142145,0.10084696744229493,0.10183992346435783,0.10379043662918093,0.09693000016190165,0.09871874757604072,0.10021846719670688,0.09848864120973017,0.1013920603134063,0.10583114642682953,0.10264557408460828
4.2242242242242245,0.10094115213536432,0.10171900937493836,0.10315100793393427,0.09712451780993907,0.09882517024281255,0.09990429167052682,0.09930992561126915,0.10090739713509322,0.10543796009821267,0.10208810142745965
4.2342342342342345,0.10052002729693327,0.10180455319907217,0.10310778305292598,0.0970323775077963,0.09828436740840435,0.10007761266701551,0.09932434555815114,0.10024593881826604,0.10405253328925156,0.10186766394386329
4.2442442442442445,0.1002679009519314,0.10202910615100143,0.10312123211443561,0.09705671368158822,0.09746943990888993,0.10012523723352143,0.09890994269219681,0.10022905862290445,0.10483998040408692,0.10165114982689999
4.2542542542542545,0.10118852404230602,0.10128079447911,0.10290845164852994,0.09605255655175554,0.09711102611882891,0.10113479186252482,0.09906794303026545,0.09980689526444136,0.1037594860869825,0.10105792008002992
4.2642642642642645,0.1012630946149596,0.10196155113126114,0.10278635543766688,0.09700055658188121,0.09769418881316852,0.10077631510884384,0.09890796807132192,0.09992053543181043,0.10391763563455805,0.10035734109642433
4.2742742742742745,0.10093624854046442,0.10190938687237179,0.1024959149638715,0.09667177938975562,0.09764896621047074,0.10001124295190532,0.09893982896928057,0.09844366942349583,0.10325360733271265,0.10009770168560389
4.2842842842842845,0.10071875653612226,0.1028550666669823,0.10155384467021317,0.09700328681119218,0.09864896145227595,0.09998540677461817,0.09798550808843058,0.09791503672305411,0.10176217705947468,0.09995817294791207
4.2942942942942945,0.10140960153914731,0.10234820911697179,0.10165828361121057,0.09694684327090602,0.09807428809852747,0.09946081348016379,0.09859635826488732,0.09934941902719817,0.10211669413127798,0.10065152080315379
4.3043043043043046,0.10109978979352822,0.10296129032124302,0.10166300160874456,0.09743765302273087,0.0993181147639721,0.10035163935754618,0.09848212496816398,0.09927309897337613,0.10200153754419526,0.09985614091496549
4.314314314314315,0.10128384561043036,0.10229674384633172,0.10101517460641264,0.09688387594250207,0.09837100373657105,0.10183741875034986,0.09976457362891547,0.09968010067703575,0.10267525657210344,0.09890945442534749
4.324324324324325,0.10151502823618039,0.10220318169516145,0.10086181556880759,0.09775082320941007,0.09847791017316752,0.10179310430507017,0.09910619936033933,0.09938091950390063,0.10193180400970017,0.09908073349294311
4.334334334334335,0.10219792572088786,0.10233731225642338,0.10009556556134037,0.09619226815300852,0.09922657893786525,0.10155578407438993,0.09849448686342377,0.09877483764703247,0.10214829868445549,0.09747556170813385
4.344344344344345,0.10230708992734558,0.1023338923257411,0.1012505565650176,0.09637606254321726,0.09958302921431611,0.10028328472089001,0.09962199448338378,0.09818930472487637,0.10307424710491106,0.09741770004924756
4.354354354354355,0.10188473896068206,0.10216010793900634,0.10094420135606041,0.09667207123492838,0.09971571434055032,0.10109554968255674,0.10038668213229393,0.09842544616164718,0.10431632516147943,0.09761794934286065
4.364364364364365,0.10218746921013348,0.1029741131290029,0.10021920625723132,0.09727751864805578,0.09916626321426407,0.10206645979854016,0.09957755084250929,0.09939930292526084,0.10398281847311752,0.09849760817382162
4.374374374374375,0.10355449762392036,0.10351574938441094,0.09956901552834736,0.09825524767257825,0.09920576538754594,0.10148626909404751,0.09976133394495204,0.1008988178157805,0.10331727443579464,0.09869596655235595
4.384384384384385,0.10328516076207536,0.10435684057133725,0.1000487908505578,0.097854547449681,0.09836880087475723,0.10148089211507784,0.10034926349178017,0.10066074992494653,0.10486067063342958,0.09854814751503363
4.394394394394395,0.10299658349512504,0.10482401446350467,0.09936667349517467,0.09735738023320037,0.09845884324556124,0.0998131278530265,0.10064056384796073,0.09989746682397581,0.10367170011438658,0.09814830351818582
4.404404404404405,0.10375165920049711,0.10546052554506122,0.10025364354451204,0.09822620410366242,0.09885521417849832,0.09962227397062876,0.10034015552712151,0.10049082390859446,0.10392972983233438,0.09804662352640542
4.414414414414415,0.10525103164388522,0.10582362303093254,0.10111052485580661,0.09843632109337644,0.1000157102221798,0.09886101804273592,0.10016656190629124,0.10129605251665931,0.1029628418780431,0.09818395690681574
4.424424424424425,0.10557533793835182,0.10630777829468127,0.10097724269764065,0.09824127211234632,0.09920475126580845,0.09885583709698303,0.09996516009802127,0.09974881923393702,0.10259364625094082,0.0997069725718068
4.434434434434435,0.10702865547340157,0.10685209097545308,0.1007997899731124,0.09904798994148145,0.09923852459839236,0.09889702552702745,0.10029373555352857,0.10056140498333048,0.10238162363955647,0.0984448642286474
4.444444444444445,0.10763656636800618,0.10789178539565061,0.1019330101771397,0.09903978898025652,0.0990336312850897,0.09874692957858922,0.10013182629999472,0.10193891574953291,0.10199760047136329,0.09712077655724445
4.454454454454455,0.10650382629424561,0.10874376917554546,0.10236608153416779,0.09989683883714576,0.1009399725807428,0.09904014675872184,0.09998941396716637,0.1017180716756269,0.10266974429265027,0.09587428278749904
4.464464464464465,0.10600399418315137,0.10839631140943513,0.10177927378322274,0.09958338490022917,0.10130211875074821,0.0985660483945616,0.10016736501663834,0.10173699485132412,0.10382945688393116,0.09561561631802623
4.474474474474475,0.10524353956852266,0.10958337174391374,0.10148137080571754,0.09974720402138708,0.10042045090166274,0.09691093835385922,0.09987151252130437,0.10291542870011944,0.10488398976416541,0.09575379212457885
4.484484484484485,0.10489256651428568,0.10939913025397915,0.10094518588099693,0.09921114861630581,0.10003845478140608,0.09597379915111118,0.10043094195783772,0.10225453607843071,0.10547969392729092,0.09664571154787431
4.494494494494495,0.10406345428990368,0.11012264183104349,0.09995230580175106,0.09958939148612778,0.10076121591805418,0.09554610096185844,0.10183566113169805,0.10150179842415959,0.10511221814313859,0.09592267772831468
4.504504504504505,0.10456325274995015,0.11029668953575453,0.0987341549096497,0.0998792982245491,0.10007386984959595,0.09558705339971214,0.1011624527955829,0.10176619080047745,0.1058778422762239,0.09571335132903978
4.514514514514515,0.10403678664708382,0.10939518724799277,0.09821314050998513,0.10085680309403998,0.09887674350765883,0.0953782293760683,0.1003536437235838,0.10301864338942583,0.1043033719033527,0.09554527349035646
4.524524524524525,0.10481149296233055,0.10776529660974389,0.09687093663360309,0.10158789152897295,0.09955148746357206,0.09556161556398649,0.09935297510529148,0.10261652115235789,0.10540705387870866,0.09481231726676158
4.534534534534535,0.10369435824420144,0.10782096197876746,0.09766739204851577,0.10164064202876594,0.1011481064651985,0.09539972297699766,0.09880752877887834,0.10328352556617051,0.10482380052102082,0.09471805144511646
4.544544544544545,0.10309482722908685,0.10804789542471434,0.09705376416514591,0.10092309742478343,0.10173365425378093,0.09579710453979144,0.0993209310819175,0.10327701817053146,0.10508666123159174,0.09349781799031458
4.554554554554555,0.10314378692755184,0.10918654953929273,0.09761846341377511,0.10201890609295317,0.10215062885955789,0.0958997580640396,0.09792930648132646,0.10320112008341799,0.104799809681502,0.09171652235000352
4.564564564564565,0.10259332571645179,0.10814443181314794,0.09714211685831209,0.10374240946489163,0.10219459707101321,0.09604520874788508,0.09910660077649826,0.10427611860426406,0.10578109262288211,0.09140969684043922
4.574574574574575,0.10324543578201564,0.10779265583983148,0.09674466940961096,0.10474913620304782,0.10205479660693059,0.09687493540950019,0.09927060132712245,0.10352973769223607,0.10354092056326133,0.09102132674287959
4.584584584584585,0.10300936772826326,0.10846119735324153,0.09681117420557526,0.1044772887189891,0.10203051727916525,0.09737818297309801,0.09858174344552899,0.1035263493914299,0.10339740931824583,0.09082721887274053
4.594594594594595,0.10290620860856645,0.10839463997020324,0.09737467204184772,0.10518325216443136,0.1016258997829821,0.09687948314338624,0.09888522210001052,0.1033830004486606,0.10360638180631539,0.09132067633595986
4.604604604604605,0.10261087215936156,0.1086377620258639,0.09774511745747905,0.10635729836977065,0.1016769023044389,0.09642720887732677,0.0989058499430051,0.1028214332753799,0.10414385541767145,0.09096298085632054
4.614614614614615,0.1023404636524964,0.10772359238737289,0.09947753650204783,0.10689984837232781,0.10288055389775357,0.09495300230443854,0.09798810210598105,0.10369460263569552,0.10526123254217572,0.09183857336519184
4.624624624624625,0.10152241642827523,0.10754243924296922,0.09997765998209462,0.1074842085279416,0.10345468171871912,0.09371223783689991,0.09745481560916226,0.10388067819161015,0.10477930099615128,0.0918155081434735
4.634634634634635,0.10131232053951589,0.10826850500668539,0.09978138091595241,0.1079684904672402,0.10345359449229231,0.0938910289635595,0.09710552944345245,0.10384974116562726,0.10615742453236607,0.09122247660266744
4.644644644644645,0.09975828484011798,0.10713512591744848,0.10060737871197238,0.10777933055564219,0.10263391913931635,0.09368229898094754,0.09661785090023012,0.1040566427944423,0.10606543259147144,0.09039533388687188
4.654654654654655,0.09928940043902958,0.10663357010482465,0.10282928819681299,0.10722971505777477,0.10388352609840282,0.09315941686796324,0.09659116072949708,0.1046137636103134,0.1064443900200058,0.0907458020329437
4.664664664664665,0.0987392352400503,0.10602350620270946,0.10251167768811908,0.10702077327460796,0.10367842457801457,0.09367506870472579,0.09731149235490076,0.10430847265512701,0.10685825275292597,0.0920648478611345
4.674674674674675,0.0987382914395666,0.10489362071650887,0.1027050748051382,0.10673493675156015,0.10415220671308671,0.09369711176319265,0.09642450082212418,0.10537845636554641,0.1077808977017664,0.09215740696474678
4.684684684684685,0.09948939649193062,0.10574048615951374,0.10301032563769641,0.10784814856474177,0.10369145109042084,0.0926522338164662,0.0952912968437041,0.10558204664825269,0.1074958181729453,0.09180615623354604
4.694694694694695,0.09895454166455023,0.10567751084654468,0.1025088800982514,0.10937604723213447,0.10500408315368373,0.09254746257344885,0.09566538715725464,0.10488707780926707,0.10631150231286882,0.09166856952266822
4.704704704704705,0.09824048750214125,0.10585034837849382,0.10401643913567375,0.10895851052010287,0.1056361956450438,0.09277348808021292,0.09570937738598763,0.10435004847580073,0.10535818987812007,0.0923654060995272
4.714714714714715,0.09792346610852415,0.10751866456344202,0.1034993847718923,0.10854377229451763,0.10498161353834118,0.09365770833288475,0.09644994436091936,0.10586053571022173,0.10454501735131626,0.09215400086795689
4.724724724724725,0.09886313320842165,0.10694179651855115,0.10360852167188934,0.10798541993548158,0.10500334456043746,0.09379080016174844,0.09703337594662581,0.10542931136679258,0.10510016514562684,0.09218898184803058
4.734734734734735,0.09962173769251728,0.10732462545808898,0.10313712939411405,0.10774839408926681,0.10588189780170089,0.09467138455758328,0.09653988565963251,0.10561768545469184,0.10556195084265188,0.09214289815731565
4.744744744744745,0.10082615714204704,0.10756092825667757,0.10350120853935493,0.10787292411990307,0.10597137287603339,0.09609632165073344,0.09609547456837148,0.10585924841737979,0.10546043020544019,0.09362123188630138
4.754754754754755,0.10022805353546668,0.10648554091314466,0.10463803739354337,0.10766165415419504,0.10542216670114969,0.09731572165064539,0.09593356688152603,0.10678407221737318,0.10521254045555306,0.09468786332292924
4.764764764764765,0.09923474248139778,0.1070627939014812,0.10451897766478845,0.10687403822327449,0.10564135661874359,0.09688877357293559,0.09745270448574579,0.1074242221313723,0.10596217716067924,0.09584565653392582
4.774774774774775,0.09814691882903623,0.10800088355191842,0.10458666261168563,0.10624417572088572,0.10613007266077439,0.09774173627736714,0.0969845281536064,0.10665595571771555,0.106000232298684,0.09653775826276938
4.784784784784785,0.09679702154162025,0.1097122215921409,0.10477058443082374,0.10556963206104623,0.10502467500125037,0.09776452971148608,0.09823235933221415,0.10651247849333968,0.10505467557229835,0.09740571397404649
4.794794794794795,0.0970416843601333,0.10962722306385685,0.1055242307072814,0.10535555732392281,0.10505813849452177,0.09827686176465589,0.09851297844700209,0.10619202951573135,0.10455966876163468,0.09670755802533376
4.804804804804805,0.0965596250723257,0.10972521984178935,0.10478916917633883,0.10556583183600912,0.1057779598516168,0.09729142350905261,0.0991689775879626,0.10475194958153694,0.10469752899489976,0.09672431871656238
4.814814814814815,0.0970922048195087,0.11001078475344275,0.10549286112637338,0.10595432543314696,0.10660681231992866,0.0979404349961977,0.09923995783310886,0.10390014528435232,0.10431407784382611,0.09892261987316821
4.824824824824825,0.09655072402259621,0.11030997292452692,0.10610636049974023,0.10582987719804712,0.10683692075900414,0.09782006310720787,0.09917281885398707,0.10480032367446789,0.10431553297252524,0.09959416596943661
4.834834834834835,0.09578560957751732,0.11089810370849561,0.10641979048881924,0.10539630013100672,0.10763704734876962,0.09797434732663662,0.09992029281939319,0.10363770918392817,0.10305741351427272,0.09965225307544956
4.844844844844845,0.09787070057797748,0.11126431653670207,0.10557657271242046,0.10589354375519637,0.10786203911325432,0.09890124417732443,0.09918918461132771,0.10375496971117895,0.10292501580385345,0.09897541448671124
4.854854854854855,0.09724532500185634,0.11216892560080598,0.10516246149453579,0.10668347760590796,0.10903552697913232,0.09905076381415923,0.09855876702203242,0.10228211412354545,0.10283552069653955,0.09997053943574827
4.864864864864865,0.09791528132754988,0.11214942161505169,0.10607641729220577,0.10553768038406426,0.10846557093436389,0.09892684700962247,0.09951710679736012,0.10286639851273627,0.10257431749445974,0.10030710663200444
4.874874874874875,0.09733882481799774,0.11230049573925896,0.1055546661168799,0.10481349755675488,0.10741104098406878,0.09955276560285427,0.09983177475049212,0.1024423199999545,0.1031662541071108,0.10044730205683323
4.884884884884885,0.09663675153904915,0.11107315709124342,0.10489160859952702,0.10450376114751408,0.1081706095073709,0.09971949525001811,0.10003218022450684,0.10168612058721185,0.10367170318991625,0.09930833493554958
4.894894894894895,0.09672992173152518,0.10990564918330556,0.10464827828634866,0.10437827153999953,0.10874085684109028,0.10163329371832505,0.10062236624243583,0.1018159139334655,0.10219619121537776,0.09863195307873561
4.904904904904905,0.09869720247862848,0.10934660034869684,0.10401780902443471,0.10419973042158506,0.10834735754257,0.100136473409365,0.10132006723946707,0.10300622298015931,0.10126204834869253,0.0976470903999373
4.914914914914915,0.09844197079274822,0.10737121200248895,0.10582346668254337,0.10345311586803586,0.1076496335770026,0.10114025056349721,0.10217542639637354,0.10335109688948577,0.10183654504425439,0.09850632438112043
4.924924924924925,0.09800649013538035,0.1061364430526096,0.10571405401608573,0.10320179926700425,0.10915105615517187,0.10156373196450805,0.10256408010574208,0.10411469748210739,0.10076325440320823,0.09716940690421524
4.934934934934935,0.09793390633441917,0.10616261206715628,0.10598295554437034,0.10362732378743775,0.1079063678328015,0.10183424316393966,0.10167601207546706,0.10330009105462241,0.10074104108848601,0.09614192257489398
4.944944944944945,0.09783947942262193,0.1063071631379614,0.10572727744196928,0.10403564466673539,0.10700693436937402,0.10089861981003112,0.102249938025939,0.1014292909226192,0.09986399148305847,0.09581113233092795
4.954954954954955,0.09654700530202585,0.10750796047076565,0.10554196417825602,0.10321182721134332,0.1067153898580022,0.10181432084321812,0.10298669275035166,0.10156772045063361,0.0996352996752886,0.0960180528047161
4.964964964964965,0.09663896140830766,0.1071846205044918,0.10555589551954328,0.10265243857270671,0.10615174354114752,0.10277723325524941,0.10200392599397007,0.102545947801184,0.09957149221860262,0.09610805763474255
4.974974974974975,0.09706756171809339,0.10607820916418984,0.10574007946978825,0.10241763158238511,0.10603923357953325,0.10095890788439754,0.10242099947623877,0.10252352127544874,0.09974753349004994,0.09545578434414395
4.984984984984985,0.0968476978008596,0.10673217862146314,0.10614687954483737,0.10268569513220166,0.1075102172371491,0.10232191439744197,0.10243267238168627,0.10140500291447514,0.0999661258260135,0.09579079010649455
4.994994994994995,0.09602885491160076,0.10704822480357248,0.10692441472199592,0.10230732190659408,0.10742979714718492,0.10180121179802976,0.10318934924464601,0.10024272155646521,0.10020218521579531,0.09549305594960909
5.005005005005005,0.0957400454473987,0.1060213028294129,0.10720375314880774,0.10312001751044966,0.10833208095124329,0.10104777084798659,0.1040547456940142,0.09994709592044167,0.1017325662391356,0.09530764753253883
5.015015015015015,0.09677866191765352,0.1046471268155953,0.10671218146903408,0.10327568434878341,0.10703873933350742,0.1008031773641315,0.10435131237257399,0.10029575349710117,0.10100234546542763,0.09576570321080416
5.025025025025025,0.09671712861920603,0.10397633181588976,0.10704908002376139,0.10325256468627741,0.10578258129734111,0.1016317484447202,0.10490341814052229,0.10012362703076869,0.10062646925696626,0.09704167657646076
5.035035035035035,0.09634489903998256,0.10398144434779455,0.10701471096180584,0.10273346324332566,0.10694562387641562,0.09981656198737669,0.10494842401651418,0.09872063028608109,0.1019336999004771,0.09826605982074403
5.045045045045045,0.09702559070828894,0.10375697083168965,0.1067168184281874,0.10290276616131667,0.10689983690923996,0.09920982865073791,0.10420912036526458,0.09826981126931267,0.10207957191334348,0.09854844788639538
5.055055055055055,0.09713152219988745,0.10183195909537626,0.10708598193641977,0.10320462833730663,0.1067240241989023,0.09954408253502156,0.10516368668166289,0.09915186108245644,0.10244355122398376,0.09849625199101339
5.065065065065065,0.09576268800511546,0.10240516054312321,0.10843819321023304,0.10230437086567153,0.1057597756247603,0.09914328711976676,0.10674143814281804,0.0984788978620318,0.1022107128327147,0.09964436719884123
5.075075075075075,0.09658060558696328,0.10174242476443995,0.10787076953671772,0.10210325310587817,0.10564652699564904,0.09859042254703539,0.10617651687977121,0.09825967713635791,0.10228328019235854,0.1002704726830416
5.085085085085085,0.09534781921187561,0.1014839119964283,0.10790505405553641,0.10246399856596307,0.105514746672887,0.09892307304119548,0.10618247915962087,0.09893625213839638,0.10142267707812844,0.10034680996275099
5.095095095095095,0.09505756698464017,0.10150355755194777,0.10811242466604827,0.10318107948761876,0.1046283204303472,0.09975159056431444,0.10497592400491987,0.0977251014800454,0.1015849737583776,0.09980155614879493
5.105105105105105,0.09570970515664826,0.102072211264901,0.10809041605456174,0.1032707607676397,0.1044552766050106,0.09910316061795423,0.10433650552135044,0.09814922726764312,0.1016516039976513,0.09988229243026064
5.115115115115115,0.09481609461917748,0.10112187678444748,0.10727269029681377,0.10467024426419674,0.10487537035657829,0.09969244961847161,0.10550209597636795,0.09752246894841211,0.10203094252149085,0.10024938398562674
5.125125125125125,0.09378659673285483,0.10024580250877682,0.10621583397819523,0.10332518283035211,0.1039783834903272,0.10110926116660696,0.1052070317355459,0.09610550286560046,0.10235664743777921,0.1014191243374953
5.135135135135135,0.09423750514669688,0.10006766410340165,0.10575734532738394,0.10293710593023507,0.10557080028486138,0.10052050799214143,0.10478482413379932,0.09715517534284256,0.10325606659801576,0.10155542843131656
5.145145145145145,0.0934983967030627,0.1002363911155498,0.10620638961003841,0.10347863020902767,0.10634959013691948,0.10084474679878493,0.10432937719301215,0.09630413901269685,0.10227309668965968,0.10144097133041914
5.155155155155155,0.09370782627244588,0.1002874054325391,0.10776520365196998,0.10332709921714552,0.10698593272313017,0.09930571095445359,0.10348385443677598,0.09637930841720986,0.10129536894186839,0.10406219171267825
5.165165165165165,0.09329885002342474,0.10005074216663448,0.10718096107953881,0.10306304687517286,0.10758414001549794,0.09903605938709856,0.10308351424698013,0.09486564158089733,0.10059522061473491,0.10433630937829914
5.175175175175175,0.09402536539880293,0.09961923426169146,0.10690288687508961,0.10267083806155392,0.10655642769242941,0.09863106249011222,0.10388018585621935,0.09491154190449047,0.09944295989672042,0.10384672934603842
5.185185185185185,0.09382991535923686,0.10047191420750484,0.106964490796299,0.10164785150284998,0.10646658315993536,0.097772162832508,0.10449001895054014,0.09566630592724994,0.09915341966491648,0.10398571392777523
5.195195195195195,0.09334359529588183,0.10010772113546043,0.10763039246615332,0.10100827975007833,0.1060551949609613,0.09666147281996774,0.10444935763354628,0.09596184994695435,0.10046633674304785,0.10363473392826375
5.205205205205205,0.09302457751599337,0.09963240885810092,0.10876901650043913,0.10096290964884752,0.10624884614567937,0.09643064157288858,0.10562890271870232,0.09701231530128816,0.10119964343397933,0.10300817450013564
5.215215215215215,0.09307769360619582,0.099545314426787,0.109235090093807,0.10165007422905908,0.10516635897577319,0.0951717778327129,0.10566937055966602,0.09749081882492937,0.1022279133829325,0.10290838305067526
5.225225225225225,0.09292977135885819,0.09986942432490023,0.10835627795163426,0.10254129386379333,0.10528908853414343,0.0956492984515524,0.10633992460978596,0.09787822472763966,0.1022572084726196,0.10413165952785096
5.235235235235235,0.09147089075226655,0.09904817061462486,0.10850685833744492,0.10159843478115181,0.1053697927516896,0.09599631024551206,0.10543228815032807,0.09815250769247187,0.10263910405308115,0.10446650092258562
5.245245245245245,0.09198458080547045,0.09966663823511412,0.10692439131152182,0.10174966783018045,0.10521539095263646,0.09668551159823525,0.10492108215751762,0.09710435354543143,0.10166218157647346,0.10460165520455246
5.255255255255255,0.09228248364039247,0.10038273813169526,0.10686662597724304,0.09973042462181819,0.10502567831202486,0.09752638849703817,0.1044572133484959,0.09672199282925001,0.10156905212029364,0.1060993714693837
5.265265265265265,0.09255937467143564,0.09910943373692851,0.10775181101979879,0.10043899262679991,0.10449872321464254,0.09661003237820494,0.10241098627732369,0.09690517306782685,0.10132001840602066,0.10672475357653713
5.275275275275275,0.09263912209994965,0.09898171540739596,0.1077723409237829,0.10055916486416092,0.10417053789633872,0.09651777287152499,0.1008218916670108,0.09566034822454667,0.10041471745628555,0.10712200746028194
5.285285285285285,0.09250963621247985,0.0985749902511353,0.10720464742246974,0.10286635045636096,0.10347414015062494,0.09756495955310698,0.10114684910552524,0.0942414190148662,0.10015410013028117,0.10672327166536875
5.295295295295295,0.09348912254602561,0.09873660747515554,0.10711601771114833,0.10288706995220176,0.1027569215902905,0.0974137034873075,0.10194713457204235,0.09388648073303887,0.10012559750766578,0.10808692278665949
5.305305305305305,0.09361984658941908,0.0975153131045865,0.10774363769348448,0.10166270246674501,0.10127217927259698,0.09773370891340549,0.10149239957406357,0.09306179156592423,0.09990488207808122,0.10722927307635913
5.315315315315315,0.09347722154588924,0.0978509691049372,0.10880129569725665,0.1018996303882494,0.10032977275185534,0.09745690055889553,0.09997459773558334,0.09171359175890137,0.09962076687264307,0.10797795885700709
5.325325325325325,0.09285882042203422,0.09787742093026859,0.10862341284373894,0.10213023948016649,0.10110119949160938,0.09676471612845819,0.10058948025129569,0.09219572033963866,0.09961241955689422,0.10824038464411137
5.335335335335335,0.09292298511293313,0.09688888070635746,0.10880632839581002,0.1009768800501717,0.10007066023950732,0.0968928621687507,0.10133163349990006,0.09172177169001927,0.10047672908715291,0.10778050373428626
5.345345345345345,0.09413644810804703,0.0988614635706704,0.10889980443397423,0.10220611087304166,0.09952351410001586,0.09685443317269954,0.10207312078921528,0.09169829997960909,0.09893552218123451,0.10898432776424086
5.355355355355355,0.09394539725466708,0.10036011570165489,0.1077644229187526,0.10096084842256217,0.09937462589670934,0.09663669614261056,0.1012037135931593,0.09176253120553118,0.09992598936414174,0.10860836533365988
5.365365365365365,0.09512416492171478,0.10001798889833212,0.10776664018183763,0.10093028877111401,0.09932623649087723,0.09747600417304622,0.10123970014898935,0.09062786827489294,0.10091499662781638,0.10876622488209009
5.375375375375375,0.094546820702155,0.10031615293631836,0.10701694146086561,0.10151505485013838,0.09891664920699847,0.09627228397341792,0.10124429331950913,0.09094356311661336,0.10095368457614604,0.10827258971361851
5.385385385385385,0.09347781233099656,0.09916907627603663,0.10651601172768994,0.10043062253488284,0.09868374821839496,0.0961177802452091,0.10082630894608002,0.09149982296245975,0.10099100644211988,0.10875473264137175
5.395395395395395,0.09304854167719928,0.09995160525396027,0.1063157084025771,0.10085288949434594,0.09881544147679688,0.09689141939075988,0.09932960931981616,0.09087768266695738,0.10133779176887722,0.1084842641962253
5.405405405405405,0.09320839565182226,0.1002776747206381,0.10628903164421405,0.10007517940875664,0.09639785584536464,0.09766902807819626,0.09886041873472788,0.0917163600362927,0.10185964068318226,0.10679550654416017
5.415415415415415,0.09253912679725304,0.10167312247382122,0.10734622828473728,0.0983185296483819,0.0966452441205001,0.09831402888688688,0.09859733974849534,0.09163178116031584,0.10193542299544404,0.10683007721178182
5.425425425425425,0.09300767457008274,0.10219325507268925,0.10728270287867714,0.09749189634534074,0.09579251041124559,0.0991082425465539,0.09835483532334625,0.09182890033314033,0.10189149445335786,0.10695673932122295
5.435435435435435,0.0938973646163393,0.10214633042789176,0.10744211827589246,0.09844100083655999,0.09647581600135258,0.09926431130848112,0.09894017040443179,0.09209612860899101,0.10153294249673898,0.10682907438095082
5.445445445445445,0.09372072043289931,0.10458603705579259,0.10912544600947785,0.09861359697671356,0.09642065212294292,0.10003796827397764,0.09723149554881211,0.09153874495451685,0.1010244686874737,0.10742307820662424
5.455455455455455,0.09453139173007771,0.10408268117439991,0.10762232949803459,0.09966117040557312,0.094587206471993,0.10011329442000992,0.09601873959373836,0.090862251069458,0.10076131571542472,0.10725843704567485
5.465465465465465,0.0943105243923553,0.10481728223303399,0.1079207720121588,0.09847179530920258,0.09419295997539977,0.10058363885824209,0.09704940956920234,0.09100860316806049,0.10061044198980165,0.10685901963392588
5.475475475475475,0.09579455216587093,0.10436727458252205,0.10788443421948107,0.09745235552367176,0.09387843338806295,0.10065027819889392,0.09722094641745968,0.09258252692859983,0.1000997364936102,0.1055536312436575
5.485485485485485,0.09701164466320447,0.10398174161045233,0.10603587264327485,0.09687944535721296,0.0943306033866742,0.10110943495608911,0.09847837946950624,0.09425368018601289,0.10128956588369867,0.10370830890986006
5.495495495495495,0.09673278410843053,0.10544856444097503,0.1053062039604321,0.0972553315194875,0.09434407259607326,0.10051049109310661,0.09929793481254752,0.09505681760937273,0.10113722209954036,0.10308006654660444
5.505505505505505,0.09671250721287955,0.10455151843141273,0.10489511952535309,0.09690184080050748,0.09480707727881535,0.10021496137848995,0.09864212663563812,0.09445372497683764,0.09996887551657249,0.10376497642266283
5.515515515515515,0.09844518663672445,0.10256454293291578,0.1045721587335135,0.09736576927051835,0.09418920230725723,0.09904409829779161,0.09900100000609004,0.09503615999734841,0.09994892908108592,0.1034564659379206
5.525525525525525,0.0985965383787638,0.10176976094283006,0.1048919382227424,0.09850042661399695,0.09493438281431438,0.09818813390889981,0.09942604014401704,0.09514247686233539,0.09957699130708395,0.10367127421811008
5.535535535535535,0.09832249557657775,0.1018552736934366,0.1052751842703252,0.09869629893986687,0.09445304644586494,0.09937079697250195,0.09934832885908368,0.09439772431217515,0.10024126492778823,0.10391307970319574
5.545545545545545,0.09899752951187389,0.10208625490933027,0.10452808368570177,0.0991569219208918,0.09535895174843928,0.09967740306447272,0.0997563102116221,0.09457862968274819,0.1002092002554104,0.10356914767380472
5.555555555555555,0.09967343835154567,0.10170122756225747,0.10425526370400118,0.09913838739718894,0.09465063251840046,0.0990208653256275,0.10014936183486256,0.09489775655223479,0.10005996020385934,0.10262733694243198
5.565565565565565,0.10000533779137875,0.10128071025593316,0.10556623928928216,0.09714713305026604,0.09542747789726473,0.09884550757307174,0.1013937102281969,0.0950303096733476,0.09883193472548556,0.10257130530212563
5.575575575575575,0.10102226893416712,0.10104188182740115,0.10659560476849426,0.09736712005444094,0.0962803956321192,0.09877477519379133,0.10108943719782562,0.09467377251454819,0.10048620572216982,0.10312947381526771
5.585585585585585,0.10083228812394131,0.10311337349041738,0.10473872951359987,0.09765313188331298,0.09627898783657711,0.09853658703410323,0.10057127403102271,0.09600746368970774,0.10028587129511084,0.10310242246673294
5.595595595595595,0.10152986288217439,0.1024323973308349,0.10406767288994191,0.09723976571597663,0.09543072794137168,0.09817675151259089,0.0997707722645215,0.09614437744884331,0.0997695756737569,0.10310501565779352
5.605605605605605,0.10206295684166833,0.10182342992193043,0.1037462220317965,0.09734836970654533,0.09475248755116432,0.09728305853874901,0.0993818180771761,0.09691911112150843,0.09974689222353443,0.1032481183168097
5.615615615615615,0.10182400702350278,0.10268619922281054,0.1035259982623018,0.09683105130795842,0.09518589623345682,0.0974073141949255,0.10003022317252959,0.09527759669531943,0.09991070344433578,0.10311129546430549
5.625625625625625,0.10170116020037775,0.1020224426330579,0.10397885241867348,0.09665272621395875,0.0934262119414751,0.09647777716398091,0.09970252155111206,0.09620717624226606,0.10060479939629292,0.10360971999134863
5.635635635635635,0.10194412064412381,0.10100315844389207,0.10296985882431584,0.09666480172466198,0.09341414875296596,0.09627900281145528,0.10011872712800136,0.09591700578707212,0.10023143416258053,0.10359207592618719
5.645645645645645,0.10209259787437694,0.10167856912496283,0.10187353418398704,0.09586375669908931,0.09230674750674296,0.09664405164962331,0.10012050413532518,0.09573486707998986,0.10125500773914732,0.10436750431520093
5.655655655655655,0.10318006240705403,0.10105337090290542,0.10268834977465109,0.09504610118255205,0.09186240189826418,0.09618718258423906,0.10051888670480646,0.09637309486143777,0.10158515511003956,0.10428559850286942
5.665665665665665,0.10316144508541175,0.10289949359514555,0.10384841243026056,0.09549710020517353,0.09236370985499542,0.09601106432232713,0.10136703138733538,0.09513189790216511,0.10224765352120334,0.10463588584303873
5.675675675675675,0.10319525350277915,0.10323997616123742,0.10445329044178313,0.09552500961776506,0.09196237199375507,0.09617151241619347,0.10082266528509182,0.09469163631114663,0.1019580740109143,0.10529470681898125
5.685685685685685,0.10344638859871773,0.10285652854555659,0.10413791940073525,0.09489175971122016,0.09199509624054202,0.09622937194025039,0.09994392100928459,0.09563719518648264,0.10146826255526455,0.10525358532923292
5.6956956956956954,0.10265850465636199,0.10199103191335396,0.1039627098795896,0.09522305969614679,0.0919731273855861,0.09733837529740191,0.09947578279785345,0.09534181597225692,0.1026160538009551,0.10477712385020396
5.7057057057057055,0.10313125407030123,0.10144172495366434,0.10436145517025168,0.09503470809759693,0.09120986107673405,0.09626058650536595,0.10030660309737727,0.09575046822555949,0.10314196601769923,0.10330047450922814
5.7157157157157155,0.10320218504314514,0.10136676286593672,0.10354468033252791,0.09446930330415161,0.09155733702463845,0.0955525264458208,0.10201883448918327,0.09585659865726419,0.10382609757005838,0.10321816349854937
5.7257257257257255,0.10231815294684282,0.10140603596600556,0.10269441655736071,0.09301397539036,0.09206931501463095,0.09627062286508559,0.10253322866086174,0.09648027206245378,0.10435413996059816,0.10263467018624163
5.7357357357357355,0.10300349108623608,0.10336950085861525,0.103218126190884,0.09141674784483385,0.09048467126800243,0.09645102296103279,0.10218774470348446,0.0961437545327256,0.10548707082779644,0.10176498911624211
5.7457457457457455,0.10360649127499479,0.10219315867051987,0.10279903976210819,0.09133125630349995,0.09092232152074542,0.09630787742075156,0.10144913257067614,0.09687859311500743,0.10497866162851835,0.10117954497020941
5.7557557557557555,0.10298388719067954,0.10243891360598027,0.10286056196102711,0.09139749812950552,0.08981247387325787,0.09581725067560554,0.10046356380521525,0.09485023866588231,0.1047172816749619,0.10037633067073377
5.7657657657657655,0.10262214255564141,0.10283203222931886,0.101949305261065,0.09187577750434459,0.09038915009566544,0.09604239308298432,0.10028534919394233,0.09405650247804272,0.10684470349995703,0.1004923051513327
5.7757757757757755,0.10144142394377814,0.1036911571790713,0.10112250245977475,0.0910092883780152,0.09049976067459956,0.0963985074794871,0.09985441564812737,0.09430927050073466,0.10721389557397153,0.10015299117213063
5.7857857857857855,0.10193571986901577,0.10364212150689822,0.10051253732603664,0.08996850193243633,0.09209048169170551,0.09762482018163715,0.10015803366159068,0.09369079133986578,0.10667033730286703,0.10033518693887634
5.7957957957957955,0.10237784897240317,0.1041548799840985,0.10059811710070923,0.08986578715966681,0.09140291825470624,0.09722996640771372,0.09907196355094923,0.0933260589312743,0.10701915796280798,0.1005018326163186
5.8058058058058055,0.10157727926203015,0.10370594699494429,0.10082304569176712,0.08986234288133511,0.09110349801739742,0.09624646722858765,0.09891873932689049,0.0941900272410375,0.10735621015350752,0.1002090204515718
5.8158158158158155,0.10126011378850382,0.10287197349092311,0.10087777190308513,0.08917358445470093,0.09119512276027336,0.09621883892596607,0.09920373390211974,0.09482703857600612,0.10885154994275521,0.1008441495889065
5.8258258258258255,0.10083767678730998,0.10320471566759865,0.10096233827662973,0.08848216017211873,0.09076371031834518,0.09767935942095146,0.09832799121872994,0.09502069983022235,0.10797743519862832,0.10080517822911182
5.8358358358358355,0.10141929194765588,0.1023861756405606,0.1008264676051745,0.08911128322358025,0.09065489521649006,0.09867500364254439,0.09816306904579265,0.09638486159856952,0.10861806199287809,0.1016464581242253
5.8458458458458455,0.10084216617909239,0.1030469011854413,0.10104764377449818,0.08854256173452912,0.09004900707996479,0.09818534874623924,0.09876149293203564,0.09632053080774163,0.1078610491381317,0.10089646335475475
5.8558558558558556,0.101089124760874,0.10396311262055084,0.10172930286467212,0.08862937578353756,0.0902492058576423,0.09805281343989845,0.09840599305153974,0.09672619912778961,0.10829718947539675,0.10226013661955413
5.865865865865866,0.10007262034647643,0.10437968802153338,0.10236370179757455,0.08809481329308638,0.0896491642997926,0.098636251821143,0.09879955837690711,0.09686323873722356,0.10928768333409693,0.10316835722445611
5.875875875875876,0.10081876326349307,0.10341668906874986,0.10286634614556775,0.08674385431954443,0.0895730864821184,0.10010301930652835,0.09793378952671049,0.0975018066032205,0.10933199280922747,0.10354944309821526
5.885885885885886,0.10081636211676731,0.10373262192352029,0.10308616415898039,0.08620416419912127,0.08957438739855883,0.10006518104024019,0.09920486399443149,0.09673796720481494,0.10904650772940619,0.10261762776825469
5.895895895895896,0.10011587576956794,0.10268189932076485,0.10193895816202735,0.08419979521140367,0.09041884053536128,0.09944760285564694,0.09935497883438127,0.09582673212052219,0.10878862195349412,0.10266288820949121
5.905905905905906,0.10001877071750975,0.10332130478949991,0.1008907927832084,0.08289924408273985,0.0907998789897411,0.09908162180746669,0.09989773895763024,0.0953242641236859,0.10897837235628885,0.10240302404638912
5.915915915915916,0.10109172371624532,0.10218188028787159,0.10164825553774261,0.08225543173377357,0.09087750189263198,0.09953582744892028,0.09978179022349369,0.09632868331590765,0.10853779075829462,0.10223620798749387
5.925925925925926,0.10049504995380507,0.10305563388404146,0.10077367505742069,0.0808222845695584,0.09178580807019121,0.09883992729058293,0.09940335442211777,0.09684189269622769,0.1088980618996698,0.10123258230155759
5.935935935935936,0.1007128625465351,0.10340991456391206,0.10158245690944073,0.08208109877629964,0.09159912912992262,0.09991764028396051,0.09894480721381349,0.0969932425971525,0.10929528246054471,0.10185239444262775
5.945945945945946,0.09985168520922692,0.10419364009571096,0.10010064522666058,0.08195752448244971,0.09162316777834992,0.10102218037467313,0.09933776492481017,0.09641711243547953,0.10935955528752857,0.10244304288274043
5.955955955955956,0.10028008861321797,0.10318437793528264,0.09911838717376194,0.08277756220878499,0.09089753599422039,0.10075170913715768,0.09839550080955757,0.09729743743910675,0.10867509507242634,0.10271725914964162
5.965965965965966,0.10115988276230237,0.10427996092544499,0.09935164495605127,0.0826547451443021,0.09129628006275667,0.10008092593944522,0.09842410814702379,0.0974707879473718,0.10635188294367565,0.10060463839458672
5.975975975975976,0.10114501690312591,0.10491398655379959,0.10072263011735251,0.0823306373110409,0.08955606944706208,0.10052317158130823,0.10007513047188593,0.09718390062141459,0.10596579941387571,0.10253388790532804
5.985985985985986,0.10056581751596184,0.10571582160514877,0.10105928668002856,0.0820630209051141,0.08914001037445812,0.10026098251951414,0.09909619697826542,0.09598386099124435,0.10572854394347272,0.10275363789510854
5.995995995995996,0.10002526853359624,0.10520683672424795,0.10171513544611105,0.08240021632748094,0.09020654915186123,0.0992147616900364,0.09856348345182674,0.0954865492700931,0.10529704908407773,0.10256240967404064
6.006006006006006,0.09912655549175642,0.10502343843578243,0.10331157372317183,0.08261700233120531,0.09065192266291465,0.09866593958396037,0.09888398962369069,0.09467625361770045,0.1041687553668907,0.10357964779133946
6.016016016016016,0.09889055493630769,0.10529338578314337,0.10292844744701651,0.08149179028856295,0.09068526941995249,0.09798107787584107,0.09781009173592513,0.09570190316581041,0.10452293492101385,0.10255031455562483
6.026026026026026,0.09761123872702637,0.10617878608359543,0.10332103050684288,0.08060409554493825,0.09085787558795716,0.09797099522211716,0.09779376166968648,0.09569648679321523,0.10464978393996749,0.10303283066146626
6.036036036036036,0.0965684900705418,0.10535733758122402,0.1032712064156259,0.07968394556103285,0.08948291178286798,0.09793791065143702,0.09801436150359716,0.0962472690691939,0.10452798750374753,0.10326157949872738
6.046046046046046,0.09542536013680947,0.10515192278710311,0.10338764427626256,0.08066334048744665,0.0893483246211747,0.09790447073119843,0.09808630235512111,0.09628281140693727,0.103666814228275,0.10329670812951254
6.056056056056056,0.09390891765577215,0.10597517754521639,0.10290419682105029,0.0804113019158184,0.08881927287323485,0.09740322545971758,0.09729892990188635,0.09562642259555296,0.10489700397318658,0.10389057680598482
6.066066066066066,0.0943698919362158,0.10548766695623639,0.10229419732208606,0.0808775043980324,0.0901842085890743,0.09696159078368106,0.09764398743379504,0.09659429590203727,0.10499432263577615,0.10283339770874045
6.076076076076076,0.0939781027701729,0.10419580168036742,0.10328729019004994,0.08052264765334763,0.09136575291685656,0.09654449902947404,0.09737177126828991,0.0970676536340755,0.10465934316377663,0.10301544971294196
6.086086086086086,0.09413159881839994,0.10375224952694562,0.1022594498149267,0.08067524404726742,0.09130217884612293,0.09640090214368421,0.09790798000715764,0.09717534434281822,0.10395959023440296,0.10309953936218703
6.096096096096096,0.0943857634346651,0.10395742759886903,0.10078137345124183,0.08019407401947355,0.0902074889327467,0.0953055304621985,0.0965370263431028,0.09747150791097531,0.10449027491151619,0.10242942741803523
6.106106106106106,0.09448977822518298,0.1037132452653398,0.10179772718720252,0.08019152648909848,0.08983869531770798,0.09483809760184547,0.09668697243395648,0.09812567639334548,0.10427348174386464,0.10191935497465368
6.116116116116116,0.0957674286583083,0.10282152692206262,0.10018740476540199,0.08165669614821888,0.09128663657988542,0.09443997101945613,0.09694822961978053,0.0981151608884293,0.10414090374901061,0.1023595442707807
6.126126126126126,0.09577741211521106,0.10178139420704768,0.09995046380602281,0.0807963037481442,0.09245974188074274,0.09508772011443821,0.09547218260020122,0.09729821123002837,0.10505304457362727,0.1027329054540498
6.136136136136136,0.09644616107620482,0.10102537857746036,0.10090181677695885,0.08011046956258022,0.09281418837069712,0.09540071203250294,0.09500726861500874,0.09686128063298075,0.10443167977698788,0.10353087206241772
6.146146146146146,0.09580309882128744,0.1007889773604782,0.10075978731668701,0.08026572008147353,0.09221584362554643,0.0946391507293126,0.0956007802472646,0.09768577420103829,0.1056175529983323,0.10328813792083001
6.156156156156156,0.09493205781477376,0.09909372305057541,0.10050155532382736,0.08081410820780467,0.09273028601385262,0.09571840849785505,0.09585628731660983,0.09737734245803539,0.10521417130694377,0.10382919037278915
6.166166166166166,0.09487470504392712,0.0993943306480656,0.10049447031028712,0.07991032136148918,0.09206727703132535,0.09654143127747575,0.09569329498064694,0.09767316310532324,0.10342595077340222,0.1050801674249736
6.176176176176176,0.09497169513373045,0.09986395429250526,0.09932529707929315,0.08104424948818195,0.09172750577881753,0.09689883690221432,0.09484113032417174,0.0964978992609597,0.10344049857484784,0.10478408284572792
6.186186186186186,0.09515083217505109,0.0998096040990236,0.09953866824398201,0.08261357902445948,0.09103824189375093,0.09653736584794834,0.0931097350750382,0.09626905860079434,0.10246377014709075,0.10317528495422909
6.196196196196196,0.0953414163068491,0.09933056627890335,0.09973823909481254,0.0822814428212416,0.09105505138035024,0.09702407419280398,0.09217497493561125,0.09596508859637602,0.10140666277757218,0.10288448621096667
6.206206206206206,0.09494094873622266,0.09903899246666287,0.09967970685517627,0.08309326209645018,0.09189352933887425,0.09623427466779541,0.09186003398636708,0.09655961946131757,0.10085903246568041,0.1018232584535954
6.216216216216216,0.0947563257182718,0.09980900751064516,0.09867407312624184,0.08483710681429554,0.09158256933421721,0.09756823805433518,0.09144144191934445,0.09605408123426556,0.10020572027057197,0.10056832627171339
6.226226226226226,0.09562629717580529,0.09980864311014039,0.09849057413343086,0.08508337636909569,0.09321937623627127,0.0970627900562824,0.09087118658072675,0.09570067046183847,0.10116945734790794,0.10124436035641533
6.236236236236236,0.0962821652308377,0.09940980331683652,0.09792857472102845,0.08401944657833813,0.09411289578740623,0.09727262761376623,0.09071717055414019,0.09674492176012588,0.10006080167928283,0.10341284772311467
6.246246246246246,0.09535316513447668,0.09891894020617172,0.09744323668614105,0.08509804520955656,0.09456709384725163,0.097641539956667,0.09013096035631712,0.09841081319866832,0.09999920834748387,0.10270917776641082
6.256256256256256,0.09591440249935484,0.09912128615636309,0.09770974103367647,0.08528349922405327,0.09471841988878371,0.09777279975333465,0.0898822464407342,0.09882341321145777,0.09913757236542445,0.10408130622883638
6.266266266266266,0.09437677064523572,0.0985870998711906,0.09746171238108366,0.08548918230676535,0.09479341547339279,0.09804610882959146,0.08942648783570577,0.09954421381135718,0.098116896737089,0.10387240536855472
6.276276276276276,0.09536076712800097,0.098775531671628,0.09672992941796789,0.08637492889543995,0.09508700474345881,0.09801765696479711,0.08919395733220485,0.10007624937025676,0.09877338742628623,0.10365750233928447
6.286286286286286,0.09528417970642304,0.09910583240233178,0.09667760715237007,0.08766178083846804,0.09563004982979201,0.09921072969212208,0.0891872430831124,0.09902423589352781,0.09833260293007977,0.10437026570151163
6.296296296296296,0.09569741969713554,0.09998086232127248,0.09667769093437899,0.08755533576258148,0.09599214897866876,0.0977656808356232,0.089904330022536,0.10005529037601503,0.09820117797615475,0.10363121248838053
6.306306306306306,0.09634635928880818,0.10002191685001535,0.09712129578577927,0.08692638736707961,0.09487603258183226,0.09667964288079457,0.09083638166520003,0.09996828380346393,0.09750302399610902,0.10334688303935179
6.316316316316316,0.09718525127931615,0.09930944754880949,0.0970191782318502,0.08687164217285355,0.0957948438214957,0.09675663458089581,0.09117825417518237,0.10054489243999097,0.09853055184094386,0.10245429789484545
6.326326326326326,0.09781970944314385,0.100379988075938,0.09675693758751772,0.08612781332918104,0.09555762972344761,0.09769008457769653,0.09147442606538624,0.10088731386168986,0.09939984128889058,0.10247469954813683
6.336336336336336,0.10008141169956791,0.10032456210684197,0.09702293260599806,0.08592991276575704,0.09667523431521616,0.0987776757061948,0.09081107332925716,0.10111188346863616,0.09979276697209474,0.10282548757840303
6.346346346346346,0.1007983025839426,0.10008985149952175,0.09562870527346148,0.08585637610731775,0.0968814031316851,0.09931534562217101,0.08966206806029346,0.1008662226574128,0.10070414362398243,0.10255132556234538
6.356356356356356,0.10059690289791111,0.09915229590296515,0.09651716813205805,0.08535991438095202,0.09742762416758131,0.10073048095885913,0.09005514955787601,0.10046424866036031,0.10074297570176464,0.103345969857802
6.366366366366366,0.1003411811794788,0.09892352206952874,0.09606240409079529,0.08632665516688237,0.09915980855986484,0.10148783855064972,0.09077532036104737,0.09957494120858552,0.10115942222417688,0.10475737463470455
6.376376376376376,0.10005434943066371,0.09900989424552674,0.0968313718405703,0.0870749418200735,0.09997949968549039,0.10144413793086768,0.0902452003255823,0.09933248074014252,0.1015352071654076,0.10480338129895395
6.386386386386386,0.09970415815325381,0.0989504431662598,0.0970261482300757,0.08762735390347473,0.10067280409812124,0.10084407405443148,0.091467414717483,0.0994241682260434,0.10293722473957845,0.10488416091858949
6.396396396396396,0.10131881354086618,0.09975377443360224,0.09689456654538,0.0865098341650608,0.10066583445449041,0.10099336395038075,0.09013235929579823,0.09865281722382262,0.10215058854926581,0.10357025807834676
6.406406406406406,0.10249111953209553,0.09912499632450976,0.09587928428879068,0.0873076637348198,0.10128604782851214,0.10080020928028825,0.08987689792913835,0.0982045995156859,0.1022868326039123,0.10348249712571965
6.416416416416417,0.10357552261758396,0.09883510635027708,0.09633851729761313,0.08735230222959801,0.10032551130160901,0.1004013786910389,0.09046643848716071,0.09851594968089171,0.10368425863543967,0.10489352915134882
6.426426426426427,0.10440039932421585,0.09912750039691429,0.09705822458766979,0.08784908294737054,0.10116048573791155,0.10000658352007549,0.09004183595765741,0.09942549407974213,0.10409755620202873,0.10476711509657906
6.436436436436437,0.10431061461077142,0.09812800385778415,0.09663757190600565,0.08838511300980419,0.10169101752604086,0.10019189438563526,0.09031557071540972,0.09894797744742766,0.10330187240055771,0.10541786781800129
6.446446446446447,0.10475631819547834,0.09892802684594293,0.09658244208407658,0.08781441728228573,0.1016865139935226,0.10029709973211642,0.09075255286778493,0.09775694764007058,0.10317319282774441,0.1072440076069512
6.456456456456457,0.10384671697280133,0.09696358062898412,0.09640520650880068,0.08757506313882446,0.10049196682889784,0.10105628114756261,0.09100911434753561,0.09744397031390055,0.10248464313078948,0.10604240659320124
6.466466466466467,0.10402920265882054,0.09767381196934216,0.09629399348440697,0.08706471101593258,0.10114608199631069,0.10169436125733197,0.09186281461389535,0.09653966677651,0.10455911412894286,0.10683643455301559
6.476476476476477,0.10272389182388898,0.09682659397424924,0.0970091971817709,0.08600929901010057,0.10043118558356763,0.10103281957938251,0.09237193952866878,0.09681548198938197,0.10385396329885475,0.1066889883305476
6.486486486486487,0.10399547155296764,0.09624607935816724,0.0960217415828895,0.08721482711442774,0.09961901761654686,0.10108331355227543,0.09152837175764052,0.0959486907807763,0.10439413534006932,0.10586770749916549
6.496496496496497,0.10422339230544268,0.09602812587933666,0.09569919761563363,0.08823406087480375,0.0999533654224637,0.09956986773858564,0.09174402927325602,0.09474843938381855,0.10446673492589151,0.10609433261794264
6.506506506506507,0.10541063396732872,0.09616749598636004,0.09549523419001886,0.08862238154821292,0.10004335736317854,0.10019383619061722,0.09173408202741448,0.09546291724595456,0.10505575543485189,0.1053983431475738
6.516516516516517,0.1057695644060688,0.09720176179806651,0.09466636450763342,0.08831225578010947,0.0991901753663603,0.10012007505554342,0.09119029950360126,0.09536109781874885,0.10493087471073181,0.10622833630132378
6.526526526526527,0.10478267656336401,0.09673484787019627,0.09464956356153117,0.08889930029516968,0.09931527766506741,0.10060165441500217,0.0913730621551888,0.09531082050645555,0.10532123252515291,0.10607797407708136
6.536536536536537,0.10542829332588391,0.09778854897444512,0.09398064029061368,0.08923023926697217,0.09984199100742623,0.10025726458277369,0.09109343504552488,0.09529603728003178,0.1046315851798015,0.10608019316933114
6.546546546546547,0.10453518616708242,0.09823575501374225,0.09321045450567184,0.0888413584710399,0.09915145174891032,0.09992761108469189,0.09201318030955605,0.09611864086902643,0.1043981228525131,0.10696103315486308
6.556556556556557,0.10409744385938596,0.09688622625795162,0.09366401726695389,0.08856156439486569,0.09902121111631265,0.10023935326406684,0.09291833849162941,0.09692602975598966,0.10485357095684647,0.1073092944196902
6.566566566566567,0.10381250912537882,0.09613304906448922,0.09399683929746863,0.08851852453461989,0.09943925614434757,0.10124977666347425,0.09294025321738526,0.09608646789685811,0.10518117564684476,0.10783575640482533
6.576576576576577,0.10473227383696947,0.09660991741273477,0.09310746264539009,0.08747781992207906,0.09951464964731205,0.1020436357271185,0.09330505473801604,0.09615122372192995,0.10470108476667954,0.10837923419202745
6.586586586586587,0.10409287526728861,0.09615419679334411,0.09281976018452333,0.08799593933627514,0.0984087755465065,0.10256823722406574,0.09365887722522273,0.09514679260011984,0.10555730783450527,0.10791033597073804
6.596596596596597,0.10388787899442606,0.09581470255234754,0.09161167246339255,0.0869280804111462,0.09718356729226835,0.10185662553910257,0.09392450306466603,0.09599540777488796,0.10501065718130584,0.1066789642183765
6.606606606606607,0.10475990447824113,0.09652665321583932,0.09133372984459442,0.08721326980046659,0.0960319775607666,0.10124963536184771,0.09332071112524769,0.0965690340145747,0.10471136960155085,0.10633558537739662
6.616616616616617,0.10380317042696628,0.09805708543950763,0.09216443118306294,0.08754540073814254,0.09542497055648715,0.10191867300588944,0.09316361034943453,0.09664575594663646,0.10410139942409848,0.10484682493506632
6.626626626626627,0.1042318908873851,0.09782159945601561,0.09199868339873676,0.08732958228525627,0.09585732199557936,0.10269479857158736,0.09408387396386107,0.09691124578952758,0.10398230404736195,0.1044074457798431
6.636636636636637,0.10531112829406566,0.09878421330873337,0.09131545224489765,0.08663604976858899,0.09622415176931025,0.10187050937206214,0.09338350433254247,0.09661084581724605,0.10403124297068615,0.10530287093048102
6.646646646646647,0.10572463237068597,0.09905253582222939,0.09260372559313948,0.08584761116511694,0.09630003308904932,0.10198862359531322,0.09318593653226656,0.09731202004399718,0.10439156929239034,0.10531693398804516
6.656656656656657,0.1047569524201778,0.09863450882791666,0.09226269017399939,0.08450630180379685,0.09639731905829749,0.10219201726768891,0.09310301306694026,0.09726509485165552,0.1032367222772633,0.10585457392008586
6.666666666666667,0.10542050307895344,0.10085201347018166,0.09249746858748308,0.08496049687378421,0.09719926296895161,0.10231299502211734,0.09242097802683626,0.09759141354439438,0.10209063869491822,0.10614884309475955
6.676676676676677,0.10713490956149384,0.09998743117157757,0.09199322641072055,0.08436869922956929,0.09673549340836543,0.10242501067789438,0.09328106730941456,0.09772889077259268,0.10275468073091265,0.10604112040766371
6.686686686686687,0.10601557298282732,0.09863714723345553,0.09158879754304605,0.08440908673782596,0.09748194638066018,0.10100496664932689,0.09379521478872668,0.09825314508326598,0.10190928067900704,0.10476610994880178
6.696696696696697,0.1059820396686557,0.09833669818970195,0.09193247616899104,0.08528507846575206,0.09696876309749713,0.10249357872450393,0.0938348948718179,0.09860436101640226,0.1018104566664213,0.10488215293798868
6.706706706706707,0.1051487282592506,0.0984200572474338,0.09139998755038112,0.08539258894558024,0.09693530851589234,0.10370679867919957,0.09401001953950149,0.09896126291108932,0.10164496367354442,0.10664802266085094
6.716716716716717,0.10391931884924568,0.097855449686295,0.09132665197603451,0.08519307114927448,0.09713874965802498,0.1033819950096385,0.09309769057923911,0.09952820919615495,0.10164983970606328,0.10755552983454376
6.726726726726727,0.10358399117914119,0.09748982644199071,0.0920115498056774,0.08610694519556569,0.0972125488877612,0.10422005372582914,0.09359433092950718,0.09977530843524916,0.10140454573809997,0.10722919033948236
6.736736736736737,0.10368208842330255,0.09691872523458396,0.09296802273153085,0.08676460907003962,0.09820136611899118,0.1038946270578608,0.09405438491737364,0.09909455116558845,0.10170942245756869,0.1071190004514319
6.746746746746747,0.10342755765976787,0.09647597973102305,0.0934010388033345,0.08737490128851148,0.09763576383614894,0.10408822504380252,0.09446093526769492,0.09935252785355127,0.10245115592695347,0.10802608829777997
6.756756756756757,0.1039114450886378,0.09700067099760448,0.09366774244207235,0.08892939855157725,0.09685488068503414,0.10428414847341559,0.09373521064424854,0.09934461418636709,0.1024348159059234,0.10784439655708614
6.766766766766767,0.10255818981841751,0.09725992746175294,0.09518791938585466,0.0895667305458931,0.097168201322504,0.1047845708245589,0.09460340992027691,0.10017510547000631,0.10214575218982085,0.10699616711588143
6.776776776776777,0.10315040162558524,0.09731483977896126,0.09484921456546357,0.09026987679092131,0.09845767043228192,0.10551373939731293,0.09519081784847866,0.10023297902851631,0.10221207852644147,0.10736256560944124
6.786786786786787,0.10298155257559528,0.09787045104283919,0.09522766362589664,0.09086859025759932,0.098728345455254,0.1060728689116884,0.09565839102877555,0.10089057182723477,0.10249662072782191,0.10618079992337284
6.796796796796797,0.10300677476859545,0.09905821009098828,0.09510298341400329,0.08989495871351542,0.09870002209137917,0.10545573869412093,0.09549535676125914,0.10039985748177999,0.10216491393195529,0.1054646789109054
6.806806806806807,0.10334154043587641,0.09999446755050734,0.09481701606764728,0.08999828816416199,0.09930193231941732,0.10410090826891558,0.09577501406834656,0.10109536805869059,0.10206113279743179,0.10447866620085727
6.816816816816817,0.10294621644819847,0.0995786738756,0.09523539890835055,0.09098975628482656,0.09946426736643263,0.10512667870763309,0.09578576705051896,0.10263420949312592,0.10160055000095433,0.10378187790587576
6.826826826826827,0.10328488925808117,0.10063794329401617,0.09621638616065951,0.09192684705162026,0.09743175390325659,0.1059985882292652,0.09717247761786083,0.10267662805648411,0.100267739383487,0.10320594969624748
6.836836836836837,0.10286777715938068,0.10154491514945829,0.096844491246654,0.09204951817693709,0.09793917972620886,0.1063215213976864,0.0977613754735976,0.10256968246791123,0.10056230203016417,0.10255965911623428
6.846846846846847,0.10171528508540922,0.10244432449746041,0.0967701664107243,0.09070835449008821,0.0977915273596858,0.10577105232287322,0.09906278512440571,0.10405097687585005,0.10209065829612829,0.10182006899122635
6.856856856856857,0.10199091256390286,0.10260463478958315,0.095199131154922,0.09049672412796037,0.09807217231222876,0.10507584045060525,0.09853809345350795,0.10256377010329257,0.10253619445927933,0.10244713696191629
6.866866866866867,0.10533538814557872,0.10194706079959308,0.09429695477550426,0.08965389365006433,0.09850078224474293,0.10459717202850709,0.09944621985845091,0.10182645404709735,0.10348374562611294,0.10190987351200226
6.876876876876877,0.10596263969905209,0.10188267148922468,0.09476308574699054,0.0890794745828184,0.09828952592328508,0.10463846299778465,0.09961058605334573,0.10259661703249899,0.1035781956636022,0.10167840709850749
6.886886886886887,0.1064613741714705,0.102246821235666,0.09460003194028103,0.08947286605745135,0.09783306336921822,0.1039363074805449,0.09868974237745534,0.1023086162313989,0.10505400874064187,0.1003994812936074
6.896896896896897,0.10712138272910769,0.10190465847410443,0.09519142432818001,0.09047960459434025,0.0968861329855624,0.10352489287810651,0.0964678535932832,0.10211301917428023,0.10418594690845141,0.10109496468992121
6.906906906906907,0.10834823917221963,0.10219159953563538,0.09477320726283235,0.08980753174537065,0.09835863825474915,0.10257584192708433,0.09614201306717368,0.10237358002925652,0.10286475361053725,0.10118624548602141
6.916916916916917,0.10887087218233588,0.10322965873130166,0.09551085389752755,0.09010646220751936,0.09836651386930051,0.10195585914767501,0.09583601139707962,0.10316929118017942,0.1024520672968948,0.1004612197165456
6.926926926926927,0.10937546538528725,0.10322718352784915,0.09613105840791228,0.08909215306803703,0.09889958894183047,0.10218499269049296,0.09707024745090954,0.10273240131930078,0.10196910340367042,0.09836519162040569
6.936936936936937,0.10861516450073548,0.1031425013611159,0.09540033533564042,0.08898155322030556,0.09996301561201677,0.1037073864434986,0.09621625538784047,0.10174077660989417,0.10235310410172725,0.1001042819546727
6.946946946946947,0.10856463043140202,0.10294455006284907,0.0961491784485694,0.08870076410166693,0.10113447368691074,0.10430023657862975,0.09672421617927361,0.10104056441943676,0.10305843985544431,0.09990280855174931
6.956956956956957,0.10948043735762117,0.10292458798903106,0.09531909882973398,0.08875756201291023,0.10113168451097555,0.10312477075482183,0.09679298863735598,0.1004405881677511,0.10380081535113367,0.0995098733857592
6.966966966966967,0.10898343440771052,0.10489174103275718,0.09343880911460689,0.09021045474519931,0.1021172702184108,0.1039327581400217,0.09826230016008783,0.09981738891477372,0.10268310903293848,0.10006477153997705
6.976976976976977,0.10954863608502587,0.1052757615766956,0.09286196716500357,0.08994446936178777,0.10320305164875253,0.10346955703054819,0.09777153706615974,0.09943842062972473,0.10310470770688925,0.1009705478325705
6.986986986986987,0.11124319993379155,0.10671097942742683,0.09310841668176247,0.08955963283151246,0.10344753624565917,0.10173498125065071,0.09855424463531641,0.09949603324850761,0.10303314455576433,0.10067056389358149
6.996996996996997,0.11069032368639495,0.10700768485188658,0.09420246215555214,0.08932437147392785,0.10571565351608589,0.1015455397609179,0.09643216533791038,0.09863143597973588,0.10387751038984425,0.10200762002844385
7.007007007007007,0.11029038652843734,0.1076056405897399,0.09390749600665346,0.0882411974487364,0.10628100502798275,0.1007650747849222,0.09810309027287431,0.09806238809530789,0.10345259474943123,0.10354410076305355
7.017017017017017,0.11004864991350069,0.10931713257695032,0.09392574342478413,0.08831697683450518,0.10678736807595801,0.10168812293883533,0.09806728556558221,0.09730117026450927,0.10347768387911709,0.10350310044562974
7.027027027027027,0.11078297234071942,0.10872522492728699,0.09188507743297443,0.08962133490458019,0.1064367196476774,0.10303772090630017,0.09693838724479269,0.09695567398946883,0.10438749307178534,0.10271719020187679
7.037037037037037,0.10996027881956094,0.10933843883017857,0.09133392468502677,0.08999690491101935,0.10650223069534039,0.1022425403082959,0.09680032075951933,0.09765117691352457,0.10582823266381947,0.10301968095147168
7.047047047047047,0.11069076351534073,0.10913177201873127,0.09231523167330914,0.09023679100336451,0.10556543662108153,0.10184269406072352,0.09649931067862404,0.09810294965346221,0.10661992990885583,0.10382387247113435
7.057057057057057,0.11102937774804646,0.10729257999954096,0.09110481141183732,0.0901447514288708,0.10653133209101796,0.1011856553731691,0.09562524650555826,0.0980724340731658,0.10675998974985124,0.10388988600047286
7.067067067067067,0.11071273716639883,0.1075981001799102,0.09115967397695347,0.09016931950695839,0.10637944153570955,0.10116149166881575,0.09667265927238093,0.09882460164416336,0.10566030314021803,0.10345579032510464
7.077077077077077,0.11052490869801038,0.10736169984161344,0.09159202341019897,0.08958777666727435,0.10626625494482843,0.10094277945139046,0.09698096701988858,0.09799631759833141,0.10664524811357133,0.10509500613996876
7.087087087087087,0.11042972309130608,0.10774866914343938,0.09181404277373496,0.09026942224259028,0.10534943719516061,0.09901139463193746,0.09765689860783079,0.09805057443704479,0.10692078203285345,0.10462243607048287
7.097097097097097,0.11019895561837988,0.10812963592779919,0.09129397922371908,0.0897809207564002,0.105725633849664,0.09996875054750741,0.09736346581602046,0.09798117611463698,0.1077878145952611,0.10471581901215693
7.107107107107107,0.1097749971713497,0.10813326538857627,0.09155217713277898,0.0907386502681787,0.10537386561642101,0.10050611862118691,0.09736573749472688,0.09723557641334149,0.1080625126335963,0.10369915514887747
7.117117117117117,0.110018366088963,0.10937646665090583,0.09084159271028482,0.09135673038988427,0.10623303794597225,0.10053943584326967,0.09868877559158229,0.09680739375105687,0.1077387703367771,0.10370043845751385
7.127127127127127,0.1089776057025194,0.10971130669319434,0.09035906745477397,0.09015968990216533,0.10583422892596728,0.10188748143065728,0.0988512632075107,0.09743275376428774,0.10734057218885613,0.10410343314776803
7.137137137137137,0.10948281064080906,0.10948206279128188,0.0908091690861142,0.09221044422445694,0.10593249758154592,0.1015269829274649,0.0992855413761056,0.09600232456159136,0.10716090458236406,0.1042604987797818
7.147147147147147,0.10859234631394016,0.10987176682555443,0.0900814529393411,0.09167445742630996,0.10557296273771598,0.10092499383116355,0.10081134142816005,0.09613789683332652,0.10651019410885933,0.10377772702347345
7.157157157157157,0.10764783442077781,0.10910358944399547,0.09039811896354617,0.09291355326207476,0.10517759329231016,0.10009506692637754,0.10101277307924843,0.09485627128761608,0.10599531010508079,0.1046822857438661
7.167167167167167,0.10644011125901828,0.10829150766027089,0.09036744598838588,0.09397623720751246,0.1044456522157461,0.09943851355270439,0.10152599279653697,0.09463599814728843,0.10805757173187201,0.10423754910638237
7.177177177177177,0.10607358268916639,0.10699863157425303,0.09076985856827065,0.09480831232839713,0.10415399200700244,0.0990734573890959,0.10206679967771659,0.09586364409124597,0.10934372743484512,0.10469719840911992
7.187187187187187,0.10585581822966669,0.10684538016254033,0.09042718121240159,0.09579235604959506,0.10463674705156965,0.0990073079160844,0.10179383241782525,0.0952872484333752,0.10960239774864307,0.10510291895633259
7.197197197197197,0.1064406867578119,0.10770512417942434,0.08904835299827198,0.09669542024590888,0.10471972351140658,0.09986336358722184,0.10222309593444949,0.09557505489317411,0.11031870766681963,0.10443437630681798
7.207207207207207,0.10601679152890321,0.10770879665969246,0.0884756351570329,0.09583127535107042,0.1043730589343738,0.09940133639026086,0.10177326593371912,0.09578099478877573,0.1105344771097568,0.1051306853570744
7.217217217217217,0.10581226684189983,0.10829810096372501,0.08737396989082011,0.09643049611012841,0.10455354927612745,0.09715837716062299,0.10203096992878181,0.09518969439764483,0.11061412580482816,0.10479766934907227
7.227227227227227,0.10688528087737749,0.10535716717527022,0.0885232393118242,0.09638505579160263,0.10339728048284084,0.09704102372489967,0.10226376129381515,0.09513408974380438,0.11127798734964255,0.10513990927606297
7.237237237237237,0.10696160922873997,0.1056046271590634,0.089341164198734,0.09805951601008558,0.10427645453690981,0.09606351943120787,0.10195083500033209,0.09647647129835879,0.11046703742726177,0.10626053726126251
7.247247247247247,0.10845885753210867,0.10468780556508338,0.08961567309408155,0.09725843572847816,0.10436483067564753,0.09451245745942272,0.10152333861109544,0.09678481079582807,0.10978315753268639,0.10758746066975951
7.257257257257257,0.10845979956740819,0.10513166116481067,0.09116329164823267,0.0975105080337567,0.1038013104887007,0.09387680732653386,0.10163128985403613,0.09642303807639076,0.1101674292206907,0.10663033889410789
7.267267267267267,0.10884190319745711,0.10579148454634377,0.0905367647803803,0.09752571791664694,0.10416428812033919,0.09276395235921935,0.10225063543413142,0.09669917923337804,0.10976356412192417,0.10678432766935078
7.277277277277277,0.10842743996205177,0.10609583604580042,0.09084985976505344,0.09768670762102297,0.10322283128271768,0.09366338180026688,0.10285985844479466,0.09588849242667208,0.10805275618048357,0.10592878087409383
7.287287287287287,0.10828298440060213,0.10737416311079782,0.09105994088894817,0.09683166284920332,0.10272061648589426,0.09265780148352365,0.10260365186547597,0.09532584164887349,0.10785537600889422,0.1063522285213455
7.297297297297297,0.1087290081191141,0.10647208311087566,0.09175490257054018,0.0967538890570276,0.10237136160402112,0.09162902319760151,0.10202525794250646,0.09474495245062269,0.10923165323569861,0.10660251624513402
7.307307307307307,0.10771197404596766,0.10665585523657439,0.09149750718228777,0.09659858508623537,0.1034374088670744,0.09121445243109906,0.10138195769659443,0.09522212278512034,0.10938067999757266,0.10569398378622362
7.317317317317317,0.10664901360728189,0.1062432600144835,0.091297842780367,0.09716092389071122,0.10257207797934148,0.09233761355723967,0.100994996214735,0.09641766430499299,0.10956283501518213,0.10507072877477651
7.327327327327327,0.105634309598174,0.10667289835084712,0.09186750331179948,0.09745472879604222,0.10221549604909233,0.093340777736077,0.09987251461173367,0.09538554174760937,0.10826065993724523,0.10594388912740996
7.337337337337337,0.10448675548828511,0.10664619957681279,0.09278347741783638,0.09866316453890069,0.10032629797890256,0.09424952578611627,0.10173956176487436,0.09444442652913604,0.10765040008115037,0.10742892388748777
7.347347347347347,0.10417291983609381,0.1061263502277409,0.09255908587264483,0.09927797565571063,0.10134764993453674,0.09328207033146314,0.10201451928381965,0.0940852785801419,0.1068272171882161,0.10808092271360394
7.357357357357357,0.1033993074079085,0.10591124826176938,0.09186229532227826,0.10016300548828284,0.10186810203926419,0.09295632448651904,0.10247497514799653,0.09468618707157428,0.107546562464969,0.10778856218531448
7.367367367367367,0.10304975923760723,0.1064712369544285,0.09290197700484915,0.10107917376599185,0.10265922373629188,0.09346559871102325,0.103360593149891,0.09514777991452572,0.10733699842720622,0.10774494859424068
7.377377377377377,0.10259109782182649,0.10594454000870697,0.09309593001473704,0.10102266224744241,0.10241072595256341,0.09136877798537356,0.10192373522723998,0.09463589380461017,0.10742077127823875,0.10882507561755338
7.387387387387387,0.1035859891731148,0.10707971292259603,0.09376288432655895,0.10151037611358359,0.10110039597218702,0.09147575619320311,0.10197282712540091,0.09572865255441634,0.10848084648385366,0.10974986594052988
7.397397397397397,0.10350082494423525,0.1068397443208615,0.09389793483697355,0.10176091874000472,0.10108838129363572,0.09129748729618148,0.10067786494096176,0.09640697057479108,0.10883508849792783,0.10932978550633266
7.407407407407407,0.10344279932539176,0.10587171068383851,0.09503304965190051,0.10149718544735334,0.1012254515569689,0.09178905600905775,0.10048333888305759,0.09656766725910522,0.10892639112775271,0.1105345537059677
7.4174174174174174,0.10313865186114418,0.1066382837217745,0.09381401104107648,0.09964663758108258,0.10054679363850921,0.09196887648479682,0.10075637263336128,0.09692444073329023,0.10787253412700605,0.10919130960466863
7.4274274274274275,0.10269175621149187,0.10643049506703638,0.09416678060848922,0.09962802561488167,0.09963553489304386,0.09150200371891766,0.09956749578586364,0.09685449041029132,0.10737558695562528,0.10975018312003539
7.4374374374374375,0.10388956722881254,0.10730101126680841,0.09471827678854108,0.1009569670708938,0.09967271123386842,0.09058147448021203,0.09929790896626386,0.09617869922353718,0.1070629418955228,0.10933855333597868
7.4474474474474475,0.10443778529481282,0.10617231987409008,0.09516916701527708,0.10044160857682252,0.09965801021090948,0.09157585229349896,0.09798038804733053,0.0972261788720166,0.10658666108870303,0.1096945435171439
7.4574574574574575,0.10540856106129086,0.10684192120131022,0.09466447216437467,0.10182133539680618,0.09827246428223033,0.09113743983612961,0.09743140838711076,0.0991882466865324,0.10609327252772531,0.110248386807406
7.4674674674674675,0.10481570051566609,0.10703190876831647,0.09560634667956601,0.10145982578414761,0.09871195731643494,0.09096422032662127,0.09683298848396875,0.09901893947035165,0.10657158032342841,0.10990885988189801
7.4774774774774775,0.10424641074028299,0.1076781247621599,0.09643465168457285,0.10146572366903252,0.10064441673517419,0.09122888639454557,0.09829068535139748,0.10096911613302213,0.10722719468731735,0.11107434945140199
7.4874874874874875,0.10410835259137838,0.10756993005115081,0.09782782537119578,0.10152500423416014,0.10065739718910782,0.0910110742859021,0.09982836389716873,0.10160985072978049,0.10723712636187085,0.11180857531837202
7.4974974974974975,0.10318465533814995,0.10833078398240066,0.09758830087563017,0.10047610178770015,0.10092450598509081,0.0915184227026138,0.09975204007434517,0.10124413241069276,0.10631453436242475,0.11138069107284118
7.5075075075075075,0.10342909678645676,0.10615566433028177,0.09627653856527889,0.10185765601136273,0.10064226031660001,0.09116760100698501,0.09849566496603865,0.10151256854890015,0.10559540445329998,0.11108097547008769
7.5175175175175175,0.10405973895224806,0.10639557529646568,0.09562593974407871,0.10068816087082663,0.10052335963117831,0.09025162799955683,0.0969895673788342,0.10019432130321318,0.10747133799116114,0.1115330870236165
7.5275275275275275,0.10438153769647734,0.10596288052576484,0.09543038722206254,0.10085209763680797,0.1004982690136254,0.09163749994319284,0.09606178575494485,0.09914306069629386,0.10836103027110756,0.11246664394327316
7.5375375375375375,0.10400347137359846,0.1060798786598885,0.0947954745590872,0.10085176003347335,0.09935546143236496,0.09119601547689916,0.09694128226462996,0.0995708792671427,0.10762348177935076,0.11267958626051203
7.5475475475475475,0.10352713034604118,0.10562869530772903,0.09537234253545933,0.1012902393886637,0.09934629546365221,0.09100665150180236,0.09819945828313792,0.09887555383068675,0.10780127328352318,0.11317394253735653
7.5575575575575575,0.10288037826059898,0.10432478884228327,0.09518452734635874,0.10149575594974113,0.1000708944957016,0.09123404939678753,0.09834412247418318,0.09907279263692974,0.10821473060833048,0.11368622681961545
7.5675675675675675,0.10205676752127413,0.10479187427920947,0.09437080444735528,0.10059390786665215,0.10059769201463484,0.0923820122432609,0.09791036867059733,0.10002793744841787,0.10717099936641482,0.11313594287592216
7.5775775775775776,0.10260696702120613,0.10489618767933435,0.09419384517443394,0.10028936780747866,0.10075217368628395,0.0923968263555043,0.09776225239682379,0.10005722269213196,0.10783782575707904,0.11339457349083329
7.587587587587588,0.10173190930382363,0.10544412715597092,0.09349548109971989,0.09960869563108381,0.09982606414668581,0.0933177179669768,0.09869729156334993,0.09986073378850685,0.10661391496997692,0.1125156177505643
7.597597597597598,0.10230477318194983,0.10643843454024446,0.09466580267199166,0.10023823526830976,0.09968807403875565,0.09321549032175397,0.09897451240992344,0.09976858469419873,0.10589926631043436,0.11268025669475065
7.607607607607608,0.1017996006118943,0.10595467750591156,0.09393351431796136,0.10027808281566902,0.09942395849660846,0.09351828264029147,0.09928853551837968,0.09995304958775059,0.10605631594958137,0.11102735226752385
7.617617617617618,0.10107522352463158,0.10681550391695942,0.09439985217865794,0.09996643289209281,0.0981267138077506,0.09336402202751029,0.0985267552802043,0.10126086145152294,0.10607627690095708,0.11034035065243236
7.627627627627628,0.09988754063682327,0.1070864135258025,0.09430734244298808,0.0995218411724722,0.09748999303004195,0.09439708987896568,0.09915809930009856,0.1018326090699473,0.10656922292562186,0.10946063413783295
7.637637637637638,0.09895344624922972,0.10775128284149643,0.09322493068066558,0.09957079549260214,0.09799829707798192,0.09481949167135428,0.10030493978816254,0.10238020027471555,0.106950511546635,0.11021951508240707
7.647647647647648,0.09848206308244495,0.10782447851298262,0.09286339469622512,0.09882183449723542,0.09869091914516923,0.09518439630304085,0.09976034950365822,0.10226981693788963,0.10734371793966752,0.11116163750756532
7.657657657657658,0.09712928863616722,0.10731949635777946,0.09313815245592305,0.09860704334674616,0.09838750617666331,0.09556066339705713,0.10051789642509933,0.10214508395677953,0.10636902575443347,0.11129046176843689
7.667667667667668,0.09691735588297105,0.10733126956218568,0.09267962021720037,0.10002079386601193,0.09786557466227415,0.09569974214288987,0.10034737100016981,0.10301062008952935,0.10653978422956216,0.11071735787877536
7.677677677677678,0.09771584506884051,0.10671039394151008,0.09415618176184971,0.10010028554676909,0.09790204843005133,0.09653708629240221,0.1005210065403096,0.1025973554362488,0.1076326298056132,0.11115739552231568
7.687687687687688,0.09765810975046314,0.10663353253490783,0.0933331139296076,0.10079863304823969,0.09843928453616882,0.09617431685060959,0.09955860003165572,0.10233330347543071,0.107601934948794,0.1122559886232085
7.697697697697698,0.09778997721326282,0.10650919714310092,0.09337304670053066,0.09981086964524556,0.09775889006768355,0.09663686502024475,0.09960833117064571,0.10210304836812817,0.1073588081058018,0.11159199144029305
7.707707707707708,0.09732446983632227,0.10726071703540112,0.09338030980237454,0.10107526827410848,0.09798033547109888,0.09540610290709339,0.09938528111421521,0.10115964073226151,0.10782672115662421,0.11081658801640863
7.717717717717718,0.09651131827078481,0.1076645853305281,0.09434517709503369,0.10087274131093345,0.0981364613042474,0.09624321598307155,0.10001170279717105,0.10206244754609538,0.10627497829346891,0.11016469979904825
7.727727727727728,0.09611840112438198,0.10769960514072084,0.09433481136762976,0.10176896081799741,0.0992115412812514,0.09684979851324027,0.10113596876997578,0.102185246965409,0.10652670711625623,0.11090121470147617
7.737737737737738,0.0970909159812989,0.10790679966600696,0.09638103936278017,0.10151388771595785,0.10007906436549421,0.0968240356862388,0.10108250403818712,0.10211782403106082,0.10637357258106436,0.1129151719696134
7.747747747747748,0.09642226354917628,0.10877866966477595,0.09751900562192335,0.1023431674743303,0.1000007654091721,0.09740738767713877,0.10145232709618336,0.10225931469669132,0.10756672707611728,0.11341695432082924
7.757757757757758,0.09590958218313927,0.10751027252118253,0.09809563142083542,0.10214622131210734,0.09951063033852131,0.09782804767021332,0.10158706482617749,0.1025069593573883,0.10648969536994118,0.11186729328751684
7.767767767767768,0.09666404355253193,0.1069434377878087,0.09731704267773267,0.1021154349675424,0.0989837393275871,0.09757444627354743,0.1022914514769977,0.10353425101012927,0.10810533085368652,0.11105050350972942
7.777777777777778,0.09762551692761988,0.10625129618803689,0.09824369583521228,0.10115234775379345,0.09951831600285434,0.09650937840075081,0.10239382960645159,0.10281356849791141,0.10716613487362812,0.11101480043650139
7.787787787787788,0.09698561003742621,0.10690250747482632,0.09830827939598932,0.100627005449936,0.09911714613241238,0.0965812604336283,0.10197130775854431,0.10260324481997035,0.10821422896152633,0.11063023394690064
7.797797797797798,0.0968297748332906,0.10594305936793785,0.099280665099996,0.10093876446213226,0.0978923129733424,0.09637353242888594,0.10185882686611557,0.1028154626271947,0.1082232012503472,0.11100957276431533
7.807807807807808,0.09545479887934301,0.10622154203390322,0.09937759259181707,0.101332484016827,0.0975971750613054,0.09671118931130482,0.10085553284111942,0.10187517574579338,0.10728435889260846,0.10991776727780707
7.817817817817818,0.09400289055719438,0.10480127923448879,0.10018881682585822,0.10156186346409611,0.09814959520903188,0.0963835962987897,0.1006553171992989,0.10058840860603768,0.10685091593037173,0.10967009495982655
7.827827827827828,0.09435721474343554,0.10539121161609791,0.09947036640405016,0.10067993140358525,0.09800956025023638,0.09512077455917095,0.10141922029873164,0.10165402498028234,0.10611547838933554,0.10859684237516043
7.837837837837838,0.09574822866868854,0.10606759756849589,0.10024451728209319,0.1013035473769765,0.09869456717865119,0.0952887809775371,0.10241729885405305,0.10117364530906345,0.10623903483248333,0.10824233617755771
7.847847847847848,0.09530043623998098,0.10515340030520415,0.0988942303460744,0.10149370686654523,0.09903199617879294,0.09652738394891205,0.10203834485331284,0.10099239703431376,0.10673300882775891,0.10786927280040332
7.857857857857858,0.09461275798851237,0.1051795453251633,0.09822907538172691,0.10212011358174455,0.09877794562824234,0.09683364969585051,0.10374034013546769,0.10022367007512624,0.1070960761318099,0.1069908930187109
7.867867867867868,0.09569835667414503,0.10676390753376613,0.0972435893708666,0.10289773409828484,0.09923393640950744,0.09662401698905876,0.10505329020244432,0.10094709741949837,0.10697529848911376,0.10735678609965132
7.877877877877878,0.09572255018936374,0.10727705722566651,0.09746614086545138,0.10170458354324755,0.09840189978458642,0.0963259669163802,0.10481065904249943,0.10025885008537566,0.10774302003153444,0.10767094534150912
7.887887887887888,0.09594193588319694,0.10853447183775648,0.09875414166763756,0.10112782759631199,0.09767278278340949,0.09694232514480206,0.10506269094551325,0.09838193038874794,0.10898964893573962,0.10764465845617065
7.897897897897898,0.09648656762218735,0.10863393513435073,0.09844100920371895,0.10216571602976025,0.09812295122977525,0.09763954860830615,0.10426299611835235,0.09770703574088468,0.10824277107185655,0.10760827832442572
7.907907907907908,0.09664700992340458,0.10765953164773495,0.0979124046982509,0.10322229372946692,0.09844585522884584,0.09653795691495057,0.1041021029222433,0.09816082492844055,0.10844931254074999,0.10808844416743088
7.917917917917918,0.09568405304181263,0.10779803296111208,0.09720760092190468,0.10194639886006794,0.0991110686561297,0.09741097183905358,0.1031760929280961,0.09864259627911139,0.10912454056164,0.10886639860268764
7.927927927927928,0.09534906939221222,0.10688195315812302,0.09706592683815225,0.1023645809546819,0.09932874659234943,0.09664641867158766,0.10272919749850183,0.09925555937027991,0.10968150401653752,0.10928960239235792
7.937937937937938,0.09665838661558698,0.10781724243538805,0.0971337026358996,0.1013115685194207,0.10036196779222394,0.09692702150107685,0.10279789935452346,0.09815841237664863,0.10750382713671375,0.10873049684887842
7.947947947947948,0.09546507040389733,0.10881220274050692,0.09788753196308084,0.10033361898770464,0.09996536089203188,0.09666589949882834,0.10226376903476911,0.09636090847986263,0.10753954791302424,0.10826858735145659
7.957957957957958,0.09582621648622784,0.10896513550472452,0.09731813833834048,0.10080195563681271,0.10002040375221229,0.09603139093351222,0.10313005259237415,0.09620274980454382,0.10658998862674049,0.10821631907114616
7.967967967967968,0.0963366011382208,0.1089662620466367,0.09762604580844816,0.10033956455924277,0.10032402756572419,0.09527586704128313,0.10439792942735125,0.09461607584144964,0.10685409564294794,0.10918358040142186
7.977977977977978,0.0965480325791086,0.10995724598330638,0.09780081725501966,0.0992942135206594,0.10038977400232253,0.0958753307257262,0.10399594485334286,0.09419162434674076,0.10736983137466033,0.10989943237758519
7.987987987987988,0.09744211069981999,0.10786787921931235,0.0981264156397108,0.09981734252645312,0.10112316731659317,0.09557682989978442,0.1048951317340428,0.09360140349014716,0.10717141678854558,0.10926562881932715
7.997997997997998,0.09803453954273027,0.10766784246294894,0.09668320862748155,0.1001964805257257,0.10127411149824682,0.09594287592560445,0.10577494787514012,0.09407822993368632,0.10659211957997237,0.10981592560645097
8.008008008008009,0.09887806479218503,0.10729453298460447,0.09566487129285187,0.09988361167383472,0.10115784522667255,0.09614977319087106,0.10610548914661638,0.09362095757915645,0.106634552495207,0.11025438823833479
8.018018018018019,0.09887037020169569,0.10688711588096203,0.09553037534942352,0.0989034050113474,0.10198743215219286,0.09555379365022525,0.10507375206121537,0.09381556708396531,0.10734742777709882,0.11016978461377501
8.028028028028029,0.09979871734254789,0.10735073804363397,0.09514447494137228,0.10037031174816623,0.10252273293392668,0.0947885068358102,0.10580384763624479,0.09444998291098544,0.10688451336080998,0.1095416337000177
8.038038038038039,0.1004017296714072,0.10773547600626494,0.09447058408818329,0.10044687276848685,0.10265162622818162,0.09514533332495395,0.10399474537880879,0.09308484225071897,0.10644453712128578,0.10975652188119224
8.048048048048049,0.09946854584164189,0.10853073460152754,0.09453095716887047,0.09942152929406173,0.10289657372867089,0.09542356968059669,0.10292852803472975,0.09365524281742198,0.1048662171144231,0.10954067476615335
8.058058058058059,0.09821344314239755,0.10807922034869007,0.09486521321170761,0.09925388096682145,0.10423329132817755,0.09573103226044026,0.10427416083827397,0.09294142127255292,0.10332981621716261,0.1101274528954407
8.068068068068069,0.09847135438594397,0.10788903816758204,0.09491666937351097,0.09987429865155269,0.10396362033369375,0.09614759803674973,0.10487150495325176,0.09378507612636258,0.10252044153541857,0.10993970017357889
8.078078078078079,0.09716699827760504,0.1081553328691061,0.09613044281831824,0.09997204112088176,0.10430064965342473,0.09550021777667578,0.1054101409946015,0.09323626007795993,0.10086645621072932,0.11035704946262954
8.088088088088089,0.09682287545348009,0.10771568839331634,0.09530480389254142,0.09966897289148645,0.10339891942923154,0.09636810448619428,0.10459603555298601,0.09295683467672822,0.09924221928287913,0.11042134776509871
8.098098098098099,0.0963474645786543,0.10719529573763116,0.09410452766149432,0.10090585705751579,0.10407739733849701,0.09520079126720213,0.10344476852526217,0.09242008485509534,0.0994756264424354,0.11148166671288604
8.108108108108109,0.09661871638337212,0.107743762890546,0.09311233185011235,0.10026184597125332,0.1039834899172901,0.09614969794029678,0.10451063696091,0.09280245527187873,0.09852978153616944,0.11088982117248213
8.118118118118119,0.09472914404941052,0.10888942353838522,0.09337430936355494,0.09987269228466303,0.10354150638811123,0.09625235775563772,0.10440279466004665,0.09169223155472302,0.09869866524560797,0.11127596472280335
8.128128128128129,0.0935103796272111,0.10746003256712522,0.09268054386873478,0.10011174288189627,0.10345656950446105,0.09525845230090067,0.10499606766483495,0.0926458818176212,0.09899149157548351,0.11111536374149694
8.138138138138139,0.09297742372756859,0.10856729901610167,0.09279005512351486,0.1013308019784495,0.10403884044330222,0.09686632238626901,0.10634161440471938,0.09325097302478232,0.09881892363370605,0.10981631285736124
8.148148148148149,0.09363481181601375,0.10797252020645617,0.09329891464376835,0.10213925261203045,0.10488850285338092,0.09688340626419147,0.10561209608375567,0.09378568204807397,0.09914318237460867,0.10891860029647289
8.158158158158159,0.09405607931938752,0.10808900862655162,0.09329566715264266,0.10163369412281544,0.1038823477439745,0.09756081900681655,0.10566061763594214,0.0931033958750822,0.09947310397710299,0.10943500326493703
8.168168168168169,0.09295543733349076,0.10763020383722767,0.0924384822986708,0.10210655370444395,0.10333554567978902,0.0969900339744687,0.10479244895087568,0.09396713504886546,0.0991937802114696,0.11062390388005937
8.178178178178179,0.09449173637304137,0.10810032326870894,0.09264754428298644,0.10285322576534547,0.10305769151385355,0.09709229814455284,0.10469700719871602,0.0937407192045572,0.09953307573096976,0.11053223430915445
8.188188188188189,0.09506541643251987,0.10860625343784629,0.09237701861161154,0.1020114905591129,0.10397896948790138,0.09668557025144357,0.10469882631528935,0.09359977061957284,0.09952528809113224,0.11067886494476643
8.198198198198199,0.0957900320323672,0.1075725065273898,0.09164056845370556,0.10127175997843048,0.10422250940708941,0.09735498179739832,0.1029911033115783,0.09384073986594088,0.10046881481810002,0.11196608096483485
8.208208208208209,0.09600488611996745,0.10849385932936682,0.09363199117652692,0.10082565057640527,0.10277698646519412,0.09688327607812611,0.10255644997557029,0.09423187169161185,0.1001813975264408,0.11198963398208864
8.218218218218219,0.09569207983945541,0.10738368590329675,0.09298265081802864,0.10141187222333721,0.10334527754679171,0.09569544805254944,0.10191259594775806,0.09460528470212766,0.10023927846096885,0.11133976857109279
8.228228228228229,0.09499108497691386,0.10727688324119868,0.0929208872122766,0.10093710847701863,0.1044182966958085,0.09675142179157818,0.10229115725899249,0.09349324629996505,0.09951983379606845,0.11093171594534726
8.238238238238239,0.09331901166431625,0.10787453550431234,0.09357599390733806,0.10226106752032264,0.10421746205690906,0.09772688435461331,0.1023861564038883,0.09433634814393897,0.09965317353636684,0.10955651460262202
8.248248248248249,0.09297296654407122,0.10707289038613692,0.09382707968824366,0.10356511120465386,0.10406253524985909,0.0969080734129435,0.10127865579295271,0.09345908283733746,0.09868820124450962,0.1102850829868606
8.258258258258259,0.09270364873519812,0.1063531403687999,0.09354765197640527,0.10292483597924054,0.10309072552435104,0.09784897834078944,0.10179556059920594,0.09294348267079398,0.09918362469925106,0.10913711867039809
8.268268268268269,0.09101484021754598,0.10666568626851389,0.09330496884906639,0.10361278746278622,0.10382405795637312,0.09870631712578504,0.1009402032200912,0.0933651229935743,0.09985295490917033,0.10972700071100014
8.278278278278279,0.09226306389625852,0.10725432959815866,0.09196112384701002,0.1033112934232092,0.10303395849597287,0.09810328006994537,0.10094746864160595,0.09332267542164842,0.0997093841674712,0.1103428088860474
8.288288288288289,0.09109572038377428,0.10722971121737429,0.09218697228105452,0.1032186933000221,0.10256221304428662,0.0969180673448518,0.10131107066208744,0.09504160517405838,0.09938298303366067,0.11081123549828902
8.298298298298299,0.09203975110781751,0.10628634784650212,0.09185403301430793,0.10417071913316583,0.10169509888947917,0.0970589110800909,0.10202079925072834,0.09474061011272727,0.10103242060216504,0.11089454726273845
8.308308308308309,0.0937401986910308,0.10681306696663946,0.09275007719655716,0.1042173796263619,0.10046672687799399,0.09666273172611002,0.10164536654453099,0.09460585695918342,0.10050587378043184,0.11026348758524289
8.318318318318319,0.09367769130898995,0.10695574295090823,0.09214936078681368,0.10420014852026423,0.1014731731935329,0.0964789511649963,0.10234785687585435,0.09342811547433141,0.09963742401695234,0.11019253713765403
8.328328328328329,0.0956382577192712,0.10653192778216508,0.09064936731869846,0.10315335905300689,0.10225807217475484,0.09760390620863421,0.10064200979906258,0.09543603840928204,0.10023680550149815,0.10997578383388992
8.338338338338339,0.09539946125700711,0.10570304060669931,0.09116268085056879,0.10370790068142043,0.103164642147065,0.09665742384781184,0.1014521077795151,0.09567365866544726,0.10181891931864988,0.11056266348278572
8.348348348348349,0.09477536222236622,0.10485666061104094,0.09166546169010983,0.10435876714845241,0.10392613203190382,0.09656463532824852,0.1019133184706877,0.09674352419974198,0.10083321713133399,0.11117327494000134
8.358358358358359,0.09441844707453866,0.10443053035326388,0.09223475289604013,0.10412376727483663,0.10302982323749194,0.09895922670597469,0.10237801369856979,0.09603352801552834,0.10052848557708659,0.11150934116431502
8.368368368368369,0.0945111347538492,0.10437216437021554,0.09291182618661009,0.10404715753819839,0.10265259179584589,0.09929112594937081,0.10288535385729573,0.09611457223105933,0.10076808161511606,0.11104919872731274
8.378378378378379,0.09415744079935005,0.10483804978150918,0.09226118712500095,0.10410733765157526,0.10320207619326907,0.09994342700192943,0.1030873642618283,0.09639001021760087,0.1002457610506792,0.1111977234499926
8.388388388388389,0.09321189827130577,0.10508883070092305,0.0932217101945774,0.10490615643617174,0.1026252390370391,0.099488726955413,0.10293557286293956,0.09671079154520305,0.10104092377081111,0.11245875702988342
8.398398398398399,0.09300678886810428,0.10478853577954599,0.0921509159391927,0.10614009968789592,0.10253585830983503,0.09997729189143517,0.10331641248895525,0.09629378445262789,0.10159222108291231,0.11124392726724543
8.408408408408409,0.09299783439921452,0.1053802057404825,0.0910152419321487,0.1061948519019924,0.10362443959144436,0.10058332267651462,0.10309571087150039,0.0958750472891748,0.1020438910962225,0.11133948481778368
8.418418418418419,0.09322557022980935,0.10447520225581133,0.09044117437544365,0.10708958494863671,0.10429023468044073,0.0999434401737371,0.10116224278930683,0.09550050629894433,0.10299540122626126,0.11162938261683117
8.428428428428429,0.09360957254431587,0.10492563643899662,0.09074933103362699,0.10644507025813657,0.10540300662767892,0.10024940965311292,0.10155795948977799,0.09630456638728563,0.10352114564409914,0.11049541429269918
8.438438438438439,0.09337791623436459,0.10626855240647458,0.09025323568205668,0.10652513702711319,0.10616413156427172,0.10071152491411406,0.10208077555270571,0.09697063778097852,0.10364291341558027,0.1094880028014925
8.448448448448449,0.09533448954546435,0.10627921828607012,0.09075763258956969,0.10693656808980866,0.10565732551652844,0.10053965107025971,0.10238194192105034,0.09810791174254253,0.10331714287444124,0.10901828663336305
8.458458458458459,0.09443440722938709,0.10749916405257216,0.09102366688072062,0.10758379491966848,0.10585563925010819,0.10093942034997672,0.10199750428454804,0.09983494766553215,0.10329795407995945,0.10820135111772859
8.468468468468469,0.09483473204313525,0.10613528213515422,0.09199526471860468,0.10831843210046393,0.10597667984822351,0.10039743695861583,0.10225606433920838,0.09892213313848197,0.10380967262661224,0.10823859407410333
8.478478478478479,0.0937685786486476,0.10481671809355698,0.09309312411199584,0.10961044782878236,0.10728605466558702,0.10127654335617862,0.10329776832519158,0.09917254604738467,0.10296032470756207,0.10747743514627772
8.488488488488489,0.09374310403049799,0.10540633816668224,0.095574035113956,0.10875205764554857,0.10656204488688878,0.10036821017740043,0.10247116350129566,0.09991377147455598,0.10297649318071463,0.10909105863357535
8.498498498498499,0.09508753922856206,0.10609102184417452,0.09638713279874674,0.10868865003526608,0.10779380753795381,0.10171053297679186,0.10231167069095946,0.10019178862560676,0.10209168828485482,0.11051405873570927
8.508508508508509,0.09533108118679148,0.10684285932568054,0.0965967641952504,0.10917705580793366,0.10857909392663127,0.10188276248106569,0.1020979981187932,0.10061377211937166,0.10154100029695519,0.110644397968591
8.518518518518519,0.09416829687337343,0.10601711241303617,0.09764006076026786,0.10831770044382723,0.10766069519368035,0.10342461618181023,0.10183773878808117,0.10050764681491148,0.10048713451763977,0.11155602361261535
8.528528528528529,0.09399878019880736,0.10619814459874481,0.0976585083310891,0.10826028124103063,0.10640082466517516,0.1023401184668164,0.10196576386581764,0.10106270081693756,0.10011423434203885,0.112109362126949
8.538538538538539,0.09334288476258934,0.10545988967023297,0.09613731092250812,0.10825952249815533,0.10705881103257024,0.10345745481700636,0.10203912735208265,0.10211858125730935,0.1001992856668404,0.11193562880511662
8.548548548548549,0.09336726120639698,0.10528085023997287,0.09758345710076577,0.1081480110074529,0.10731421257017557,0.1040463947214402,0.10251853505559236,0.10241965135094672,0.10093467726107262,0.11095516806879542
8.558558558558559,0.09363066674100663,0.10430707141987244,0.09737162521117451,0.10774762072106467,0.10578876531490555,0.1019668830037172,0.10238675294247611,0.10278265651850238,0.10082609687363131,0.11008447758914362
8.568568568568569,0.09477264024347734,0.10499753588356206,0.09701868684767542,0.10724721515928784,0.10654897717417337,0.10217712220362528,0.10226894612944129,0.10351671369017339,0.10084814477564066,0.10981419078909829
8.578578578578579,0.09417172261067472,0.10495308046277721,0.09660179531685446,0.10656190937259302,0.10573230574961631,0.10229557181462065,0.10283064917670402,0.10455854532826067,0.09992624121844149,0.10946774272329811
8.588588588588589,0.09378159313176249,0.10345203586837423,0.09608781341744894,0.10557808703033654,0.10469606486496817,0.10313238924180426,0.10448998906480227,0.10496487375854725,0.10094706392616849,0.10940596018690184
8.598598598598599,0.09445506743763482,0.10423887583963422,0.0965745257939972,0.10532849770687315,0.1036295834373876,0.10314420686752729,0.10462396528657952,0.10400108469955208,0.10078238729097796,0.10910199582097685
8.608608608608609,0.0952130774059518,0.10458499919055005,0.09482443020953911,0.10529319762344394,0.10271163776850545,0.10283193043032164,0.10429002631276812,0.10458776719496675,0.10193020066759022,0.10843430763989716
8.618618618618619,0.09560689941025098,0.10297961591366896,0.09453408820148897,0.10424042754294761,0.10284623349718935,0.10270100422430493,0.10384683723988287,0.10430921155974113,0.10220270027177122,0.10910803759335812
8.62862862862863,0.09508112713309629,0.10210811587996964,0.09441646662948251,0.10363931448650453,0.10210558702538969,0.10260633970199116,0.10311236727387532,0.10499916733077656,0.10207409255789633,0.10952098403141174
8.63863863863864,0.09488371355819677,0.10236827587984501,0.09478194078988215,0.10222018587150476,0.10201882069313917,0.10281094892919856,0.10372863613926876,0.1051727140421218,0.1018190537954664,0.10899681948222202
8.64864864864865,0.09617401514584709,0.10075385031364732,0.09505674840237786,0.10228026548604167,0.10170165634396625,0.10393197074249383,0.10282327684075884,0.10502745824466436,0.10220796721111221,0.10937859330513726
8.65865865865866,0.09525975878053529,0.10003101492678894,0.09521911522254205,0.10291438396383701,0.10141230845928899,0.10433558230017749,0.10301368771799621,0.10614459465564571,0.10234305413762093,0.10868791368779292
8.66866866866867,0.09461912071731024,0.10058203041573649,0.0948234315002345,0.10309219762547242,0.10143344748136159,0.10431504515500416,0.10311517472801199,0.10493901535964888,0.10222828220083702,0.10987298791775903
8.67867867867868,0.09396617319991388,0.09869805112082701,0.09576249833229554,0.10293064359804066,0.10126083022728376,0.1035698192778004,0.10360236341433048,0.10580219586316979,0.10161510753069969,0.10758983417291702
8.68868868868869,0.09357552645693519,0.09875108301681007,0.09597946235512562,0.10248662333041945,0.10183987076177364,0.10287165843222729,0.10409495075138005,0.10574483430234488,0.10212940146706499,0.10738430375042725
8.6986986986987,0.09375906067029352,0.09782821738434223,0.09653676848201635,0.10245959736746135,0.10223279891923924,0.10104791423288682,0.10414218317741877,0.10536236622861599,0.10267379392275558,0.10753954056094324
8.70870870870871,0.09414248808050409,0.09743618902922903,0.09707533431389992,0.10011362833321868,0.10294276129454182,0.10127717245603647,0.10435428508134441,0.10473520193917872,0.10234179469412628,0.10854465878295805
8.71871871871872,0.09470051321264518,0.09707279165181124,0.09749607467301473,0.10152764571657094,0.10253430311999029,0.1015889561376442,0.10594794827635146,0.10598959487356475,0.10233084274903824,0.10831486870211046
8.72872872872873,0.0957689639913858,0.09706715302748256,0.09780899387528628,0.10112090259063874,0.1028945080694914,0.10191892653348981,0.1066708329210446,0.10647230518444623,0.10280741999008694,0.10831845855231992
8.73873873873874,0.09638795935595908,0.09708061799149405,0.09758533999267162,0.10247554762856813,0.1032696782983343,0.10197250075653426,0.10586196212056372,0.10664578186743731,0.10325604042047222,0.10716619283967997
8.74874874874875,0.09524358165920495,0.09882147562886945,0.09595752699739286,0.10217984370463755,0.10300831097582783,0.10248755005487169,0.10481106895920779,0.10742945391159313,0.10347760852318875,0.1083282686314574
8.75875875875876,0.09492239941106262,0.09767187110184875,0.09579689643117581,0.10227189560148814,0.10394423048947724,0.10266957382143736,0.10438326715638162,0.10792745419743754,0.10357054015834788,0.10958347327248413
8.76876876876877,0.09491475349529796,0.0975929307787083,0.09588561064695293,0.10098280582434666,0.10422637174404036,0.10378340630539873,0.1035292296690859,0.10750699473854781,0.10382813218058402,0.10915924919431176
8.77877877877878,0.09514684561172754,0.09727916672610729,0.09597500774315496,0.10112750182182176,0.10369743073357661,0.10341319965344654,0.10351350377133152,0.10573200407421846,0.10457459537374704,0.10967136165294203
8.78878878878879,0.09576804962129025,0.0966921676905931,0.09573985259087273,0.1012415633892276,0.10349495064584753,0.10421931377175549,0.10538095411854391,0.10555921133914681,0.10534969573159543,0.11044701906529063
8.7987987987988,0.09699786585016532,0.09741502314817599,0.09623928824475199,0.09997936424884586,0.10388123908458732,0.10438370629343031,0.10572014754073933,0.10459183198561511,0.10679251634001442,0.11089232446679229
8.80880880880881,0.09626113124270057,0.09713105920476972,0.09671178508354243,0.09902990246118276,0.10394817388488801,0.10298443287579358,0.10651182823901262,0.10497527033154527,0.10524707455067897,0.11130239231090618
8.81881881881882,0.09712613297258915,0.09737230640087195,0.09816558439858371,0.09818290095430465,0.10391686880939673,0.10317203697139542,0.10801906076837188,0.10459659298964384,0.10484795967628054,0.11199136761648286
8.82882882882883,0.09672077042872426,0.097003657440013,0.09966130703200075,0.09794148931025191,0.10405128700140164,0.10359094469050238,0.1082797385757741,0.1051373088757192,0.10403148927044027,0.11107019083478469
8.83883883883884,0.09715107993367642,0.09712080021867128,0.0997593188163357,0.09818504334915135,0.10403288928005955,0.1033569474674528,0.10748943532496322,0.10506137554262497,0.10408315596299694,0.11136937969317864
8.84884884884885,0.09707497388420629,0.09631950683429936,0.09936411994687548,0.09724255983980468,0.10311378798611626,0.10335883215853754,0.1073834836756649,0.10462617285471082,0.10457502039291007,0.11065110223335389
8.85885885885886,0.09767411051767291,0.09539190199821466,0.09959950241730128,0.09741582707781862,0.10256440229138648,0.1052009009541795,0.10677141528835174,0.10323213265063183,0.10418719051835418,0.11107808216047145
8.86886886886887,0.0978138564546013,0.09554651700523209,0.09841042423886796,0.09809940333314288,0.10321062926015155,0.10484427574922708,0.1072424653176315,0.10251538862155711,0.10582595186261964,0.11124179447493833
8.87887887887888,0.09723236294232003,0.09637039717024287,0.09875274568789563,0.09922169639972896,0.10321251009319236,0.10484348628668524,0.10749106627530593,0.10335431655288384,0.1062826064529437,0.11110180412070227
8.88888888888889,0.09649682176440051,0.09604492788875234,0.09925175607241804,0.09880825483243888,0.10429515072990475,0.10583701457467401,0.10670427883567825,0.10266388218007641,0.10739241172484733,0.11116847726954099
8.8988988988989,0.09620606947074882,0.096246605697223,0.09933301731501724,0.09866746689889286,0.1044842901079481,0.10608776962608733,0.10714915462522709,0.10310880217727822,0.10689622110654663,0.11121272053333198
8.90890890890891,0.09653458122652461,0.09742453629763258,0.0984302444167408,0.0981170030327301,0.10368856402941234,0.1060674352886407,0.1068664000947802,0.10351543908347054,0.10630196025356779,0.11035289139339756
8.91891891891892,0.09660265537623872,0.09680435772591389,0.09848226933671438,0.09691664349607382,0.103460617157354,0.10708281341249991,0.1067434171064925,0.10403381905771333,0.10693016336455793,0.10918762254007837
8.92892892892893,0.09633919935329711,0.09681757287545567,0.0978483921761728,0.09712725347854549,0.10295424056361707,0.10667471037014725,0.10668767638713962,0.10317762059396707,0.1052577252711334,0.10794519007003693
8.93893893893894,0.09639963880075546,0.09598433440977476,0.09972020424342054,0.097469665644038,0.10412274248540582,0.10706354292717442,0.10613860273398815,0.10316995289805055,0.10655774325134497,0.1073925282209228
8.94894894894895,0.09697599267602645,0.09446196500506299,0.09749615645201588,0.09838720424042822,0.10468443126851898,0.10658794507060507,0.1061756356185112,0.10261007576836015,0.10565172394043683,0.10640865353012698
8.95895895895896,0.09755333951146201,0.09511689848376972,0.09752496336854473,0.0978374845288597,0.10491254151134136,0.10677698702295459,0.10649026556898733,0.10234017833101436,0.10574761039405114,0.10604668967247138
8.96896896896897,0.0995234548459637,0.09584645406625154,0.09812333830001724,0.09887617110829314,0.10580363008467054,0.10730700682187994,0.1060288449495028,0.10210454554643882,0.10663584380335756,0.10598978956292594
8.97897897897898,0.09941641220873995,0.09620131275323962,0.09915525977504067,0.09767630219340605,0.1054110136449806,0.10740891478793675,0.1056572188262536,0.10085691493361115,0.10663046241727543,0.10540714630174818
8.98898898898899,0.0985619442010817,0.09563327018663938,0.0997437544850622,0.09809518031541921,0.10477005053793376,0.10739350256828337,0.10585972575640837,0.10091166487648304,0.10655895891713436,0.1053383678471749
8.998998998999,0.09791322363799519,0.09627428895432098,0.09869751200289507,0.098473762005111,0.10482331441124865,0.10866526793727191,0.10581769772755627,0.09988633730249669,0.1064233925118313,0.10647785305283777
9.00900900900901,0.09692760616871757,0.0966151293742272,0.0986051309179288,0.09893379269755825,0.10521248525864309,0.10824195825964747,0.1066724484707839,0.09981980708561115,0.10703013077492116,0.10727246431219185
9.01901901901902,0.09736175303721296,0.09639467281616383,0.09827004326007037,0.0988895307286728,0.10594534873832448,0.10832086026884565,0.10684559146363158,0.09968623486689854,0.10627021518503454,0.10755429718470191
9.02902902902903,0.09697388151249667,0.09665531686384712,0.09834767278115258,0.09835013346037223,0.10608868448924887,0.10770129176740587,0.10610408542799879,0.10077149639923844,0.10660313331422948,0.10835766187407551
9.03903903903904,0.09697011209703348,0.09782286751131707,0.09784372343595704,0.09855108854741215,0.10614837830245522,0.10690342334176095,0.10587137368546877,0.10185348458268931,0.10600201121318853,0.10781961423241664
9.04904904904905,0.09749385908525064,0.09696871042749404,0.09878202252080628,0.0978899436724616,0.10615864006534403,0.10732454698954176,0.1069642230454881,0.09933441907835486,0.10431408761859778,0.10819023032698487
9.05905905905906,0.09915866118282146,0.09764452400642107,0.09818728541010524,0.09837019948336319,0.1057233352923062,0.10638662968370091,0.10715720504180974,0.09821318353365466,0.10453487892397585,0.10838885833932876
9.06906906906907,0.09752043388530941,0.09607223795074477,0.0976993704318062,0.09937859792912104,0.10690899966671433,0.10572577815716197,0.10783431641013641,0.09925937843317907,0.10434080380172525,0.10737467481350965
9.07907907907908,0.09752964649573688,0.09647362990600705,0.09854622955306012,0.10030266161501875,0.1088824373315048,0.10518747764779629,0.10822134173510126,0.09914341978033979,0.10340457644828506,0.10732759885862553
9.08908908908909,0.09896131003201113,0.09697700720225005,0.09828735941210702,0.10234379714150445,0.10890749141393985,0.10402441222706332,0.10830608180731864,0.09908399354686032,0.10398086971339937,0.10590512315209992
9.0990990990991,0.09876514141892102,0.0970652414747173,0.09796520207341873,0.1014020070892175,0.10808939761612418,0.10384374794131056,0.10837717314385525,0.0991314060346625,0.10436336582872723,0.10468458429634399
9.10910910910911,0.09719934529241746,0.09676409813726816,0.09922332473933096,0.10226996230703778,0.10778157460694993,0.10348543038440146,0.10663960815824905,0.09871154543217071,0.10503685397168211,0.10347734275862555
9.11911911911912,0.0971261730993677,0.0977406602818837,0.09840421874502667,0.101486597776756,0.10864297905164325,0.10264740167461979,0.10760270007645252,0.0989407293437926,0.10312966417930956,0.10351888215264797
9.12912912912913,0.09797177050172125,0.09781806160836568,0.09712302593978345,0.10104607245694204,0.10883807217900333,0.1020987355204067,0.10702676351701514,0.09818326100037006,0.1022298905082075,0.1032937612945148
9.13913913913914,0.09797337152866482,0.09784606678370573,0.0975868078888902,0.10139532036786557,0.10892343536882093,0.10190778312776512,0.10749022180067574,0.09719459446322046,0.10321669028064163,0.10315745159282493
9.14914914914915,0.09851719038083952,0.09675566815961065,0.09665744645948428,0.10162452935735505,0.10637865439915374,0.10184823908316132,0.10698869701354155,0.09653908573107133,0.10385548408199194,0.10227817772450529
9.15915915915916,0.09778589803511355,0.09724031040653125,0.09629793196142433,0.10239400419531366,0.10548535331056605,0.10153913148071013,0.10678212746260891,0.09697475277096426,0.10570142807633524,0.10246251926024602
9.16916916916917,0.09886776243379701,0.09670989598693523,0.09580172830011982,0.10289474647277728,0.10514636845272426,0.10161888023837057,0.10815199536540725,0.09650175698419713,0.10430796965275078,0.10197551618836825
9.17917917917918,0.0988151192338673,0.09582953051951772,0.09460642630172662,0.10311711491566397,0.10602445554080682,0.10049502379849722,0.10802084043375548,0.0965902524022515,0.10393126196015093,0.10243010539109543
9.18918918918919,0.09921356792916927,0.09671525579080974,0.09542470508342392,0.10286435557935662,0.10667680201110177,0.10084541852385982,0.10770065676413496,0.09667991261811208,0.10380564368021847,0.10205443003639451
9.1991991991992,0.09913256925138897,0.0963603947757091,0.09506922733572812,0.10341721821621623,0.1053499410410159,0.09930354736550029,0.10745958305653752,0.09696754734943225,0.10503980749464939,0.10305135119332269
9.20920920920921,0.09837686598215065,0.09579567894472227,0.09519092114706378,0.10416009460536367,0.10593371394685071,0.09936133556283223,0.10835865010523657,0.09609778572982203,0.10562621082557556,0.10309351779914373
9.21921921921922,0.09836243674121928,0.09590538740033691,0.0939790897088773,0.10412289270540993,0.10610547937934085,0.09928301261389276,0.1079947170005012,0.09600023949229809,0.1064234766255848,0.10330045459452324
9.22922922922923,0.09759427900577824,0.09714626587419416,0.09316144898041255,0.10411599630880723,0.10617176025150528,0.10107616030668061,0.10857099247937725,0.09541256893456126,0.10686623060398337,0.10207262955130986
9.23923923923924,0.09787620505637569,0.09868276257052043,0.09511253412298984,0.10326662482855549,0.10519791256816292,0.1005526612812842,0.10725716601553094,0.09644909874584032,0.10571273633137132,0.10333341840297096
9.24924924924925,0.09772157883746904,0.09903943179992253,0.09565630948971966,0.10342393296011236,0.10577953052767515,0.10084801806651825,0.10745072556138904,0.09697187495024188,0.10526076115361103,0.10330499819585875
9.25925925925926,0.09728036358654309,0.09954881796200139,0.09678696369388615,0.10339631851652875,0.10507319877432152,0.10088973588007297,0.10868367491788966,0.09744383249065884,0.10462279014183434,0.10445996332873926
9.26926926926927,0.09825341012725754,0.0990737426148535,0.09642683003188349,0.10332206034024195,0.10477147938606876,0.10117202961476655,0.10800075222023815,0.09835542920617278,0.10383448325309354,0.10495474949291236
9.27927927927928,0.09881047600814331,0.09878502960728776,0.09579529792780267,0.10303886329244208,0.10497885465225668,0.10076453999503565,0.10685300925343781,0.09795208803262616,0.10332432962850066,0.10585793433774024
9.28928928928929,0.09853094475083116,0.1002436634804671,0.0950686119119588,0.10244046575601531,0.10423848063883627,0.10123527784435093,0.10560677580044128,0.09877098915903859,0.1036150356234671,0.10688300925237519
9.2992992992993,0.10081861033081872,0.09989603382339116,0.0945861617545695,0.10211566561673739,0.10499030425859492,0.10091254454861322,0.10485058784536858,0.10031498494758329,0.10329728760311262,0.10654686529426599
9.30930930930931,0.09964946119571082,0.09936592860880802,0.09402976189534304,0.10253164203845413,0.10403210044819791,0.10042264436434561,0.10514792261971333,0.09894032875509663,0.10396075381540656,0.10643548254080841
9.31931931931932,0.09833341644161907,0.09939178565336196,0.0945636325623252,0.10191294732624889,0.10468253750250474,0.09976646032891055,0.10486755513933999,0.09903456555760237,0.10395352672463438,0.10616838731891082
9.32932932932933,0.09735098670935494,0.09845331094522333,0.09419935832933943,0.10145161556135254,0.10499499050473643,0.09955007781886918,0.10409658823596918,0.0990085147329349,0.10352834742606046,0.10554509628250273
9.33933933933934,0.0981610175711823,0.0980638933589754,0.09326314578945719,0.10351149453124216,0.10556016356471545,0.09907741236129819,0.10333007993088118,0.09985295030537912,0.10217779757921919,0.10592546754349437
9.34934934934935,0.0985936259294652,0.09782338598437305,0.0929564410524763,0.10343809200137506,0.10566079177234455,0.09943093331223114,0.1032669586618806,0.10039292328135883,0.10227108117224713,0.10610391242134706
9.35935935935936,0.09808322410996287,0.09786228001273144,0.09130663315593016,0.10401124127862046,0.10555454498225338,0.10023606730403473,0.1026590046754565,0.10042568978992987,0.10297994401743288,0.10551378704708236
9.36936936936937,0.0982779614692513,0.0998449334086167,0.09214793083496714,0.1036567906092357,0.10662406088245403,0.10069924373301102,0.101558213168864,0.10047781479617758,0.1021687443465785,0.10459355046143413
9.37937937937938,0.09805345697570808,0.09950668332958568,0.0911084223522257,0.10246204023693463,0.10540223513080316,0.10068486973201837,0.1015191478807348,0.10049994107870339,0.1024095913479358,0.10363939314376366
9.38938938938939,0.09887920775687686,0.09990331706718565,0.09081024397906642,0.10283066741877488,0.10636332370158313,0.10069463668320033,0.10207051388431071,0.10108186299902011,0.10257910978486065,0.10434394696199145
9.3993993993994,0.09844667617221979,0.10055609377219973,0.09142632724396836,0.10256501031963831,0.10778924871653665,0.09970700571697926,0.10132874817763507,0.10146340086995759,0.1019122765302841,0.10498469827316043
9.40940940940941,0.09740339626391682,0.10106801155470674,0.09155740940412535,0.10267099355769088,0.10852494155766984,0.10038415811460531,0.10065853051461646,0.10209285522420573,0.10308402404917866,0.10369564848605665
9.41941941941942,0.09710445883661897,0.10082774921858778,0.09130587442147496,0.10340421230732004,0.10746556027054338,0.09998146568430161,0.10039362958072579,0.1019268830562634,0.10257472297897477,0.10371526627730905
9.42942942942943,0.09684826057877169,0.10079192638748916,0.09027379489968998,0.10200229252588022,0.10796782102647984,0.09983563807590154,0.10039915027915981,0.10279594403585889,0.10257923290020908,0.10439223874967216
9.43943943943944,0.09598822267024015,0.10086951979965046,0.09118754882387108,0.10138931122350453,0.10762553038937972,0.0998374213023003,0.09935534063082893,0.10390047816804203,0.1037300332337481,0.1043026495056308
9.44944944944945,0.09776833706863168,0.10038175031989609,0.09025790422659606,0.1012227821494366,0.10635547850140295,0.09970899089132841,0.09952572046946256,0.10452947937295216,0.10458086787745706,0.10388480091871835
9.45945945945946,0.09858374983855572,0.09942816364137942,0.09009528791857273,0.10181877314546287,0.10631406197620032,0.09957844571312563,0.09876582673119746,0.10372505933948696,0.10462346601563151,0.10268672867273136
9.46946946946947,0.09918080171226394,0.0984556456053562,0.08972530061619284,0.10199021881053089,0.10570282682478534,0.09973016406565158,0.09690615429222453,0.1031164403890871,0.10406064229240554,0.10293095719324716
9.47947947947948,0.09865217035169899,0.09854855260326749,0.08932185755069635,0.10237769689408646,0.10530226801100429,0.10024333086002185,0.09642599071485174,0.10328098743821107,0.10411430668451328,0.10271148980605721
9.48948948948949,0.09946510644897967,0.09945145185620656,0.09088898450318293,0.10188018286517325,0.10559708148853236,0.09908814621289183,0.09714910665012089,0.10307472609111666,0.1040075873951422,0.10270386983997294
9.4994994994995,0.0996592576815512,0.09909014202602405,0.09288406029990492,0.10150782547660624,0.10501703129436483,0.09993931961475482,0.09730401653194873,0.10379254756397285,0.10414024619615676,0.10264945724160189
9.50950950950951,0.09969076125738993,0.09881119589223328,0.09320837744103269,0.10059965156358511,0.10354202404969849,0.09886691312433259,0.09858055027158621,0.1030436349843954,0.103915782932901,0.1027520838785079
9.51951951951952,0.10064935462480501,0.0981908566394158,0.0936983203613933,0.10156101361514462,0.10329056691807524,0.09923887071120024,0.09937416216864893,0.1039429469156394,0.10389270588973182,0.10213359796131408
9.52952952952953,0.10062264103238412,0.09830244708249357,0.09452712100051613,0.10117430096968846,0.10353075887377695,0.0987849156714345,0.0997040016573857,0.1047046970033714,0.10401552240589351,0.10207788623388447
9.53953953953954,0.10047474916396004,0.09860841719581918,0.09453727645271487,0.10127053126690251,0.10397335034687223,0.09868514430155248,0.09984807307004327,0.10506154142184938,0.10394038188526535,0.10118906092171774
9.54954954954955,0.1008873011973259,0.09887837022404422,0.09555030154951417,0.09950101840314049,0.10311245236539554,0.0975168106157333,0.09998102278893148,0.10407474920159063,0.10350853411579335,0.10125706781226693
9.55955955955956,0.1011378304217657,0.09976381329993891,0.09621632363003767,0.10110980975483846,0.10293597687697627,0.09685818438459279,0.10056696621856163,0.10333445047170312,0.102626356152031,0.10116771083711858
9.56956956956957,0.10158754418253145,0.09990771847381683,0.09638134414876785,0.10120922435942258,0.10356507044325726,0.09556014306783644,0.10036360531777253,0.10218281106287247,0.10250997442018558,0.10144688169913854
9.57957957957958,0.10218479688181438,0.09953080496044714,0.09607908359288551,0.10171836738063177,0.10413256662105025,0.0941221428364067,0.10049643051770711,0.1030649194376972,0.1021773549064181,0.10252740129340174
9.58958958958959,0.10226414539516011,0.10079619543150427,0.09609252562954011,0.10118609516961143,0.10454482653932998,0.09446110952569657,0.10255408506754059,0.10190507695961316,0.10314326001382279,0.10133480161774157
9.5995995995996,0.10169493218417865,0.09922553431512866,0.09813404902283032,0.1005800875649606,0.10387558713266153,0.09479579073912212,0.10185955640023374,0.10098865577260085,0.10184014037231563,0.10134588907240996
9.60960960960961,0.10019311157585241,0.09869293075972663,0.09623870667025586,0.10071113389413364,0.10344441117795647,0.09539861136318904,0.10294301029220078,0.10123930647794127,0.10056553873417788,0.10059803076080147
9.61961961961962,0.10003243393619647,0.09899331023211128,0.0973985107627381,0.10075360641776811,0.10273079752549688,0.09561170612842897,0.10283654194385354,0.10207407183801624,0.10039362872681837,0.10161864398578614
9.62962962962963,0.1003894730010081,0.09996947870322766,0.09613861343552155,0.10004902314167154,0.10209119338678353,0.0964859803680104,0.10332351035629486,0.10156635803098099,0.10035675575007882,0.10099824336675547
9.63963963963964,0.10082540951337256,0.10092475531455272,0.09593837950102635,0.10081557709023133,0.10167409652538333,0.09693452904795433,0.10479960293567414,0.10259863748389707,0.0999643057034611,0.10153747125405335
9.64964964964965,0.09981399443908753,0.10068016216275295,0.09639139030924959,0.10156196450328152,0.10191304352328126,0.09562560181359327,0.1043501300986472,0.10301142893156454,0.09972123929116976,0.1018919781741208
9.65965965965966,0.09945712277253556,0.09945154720549802,0.09557124367838245,0.10182533954991738,0.10195148868882574,0.0954236384204555,0.10495743598809743,0.10327484840532372,0.10145297345512104,0.10241477000191111
9.66966966966967,0.09874723594504285,0.09847791440997036,0.09640786744061328,0.10040468441939801,0.1021198640070074,0.09531999341627531,0.1048523944801414,0.10166803458740133,0.1016018916584546,0.10332854512436224
9.67967967967968,0.09886756901539243,0.09855896967729638,0.09600698884047013,0.09950888472808339,0.10177706896342473,0.09694464950480385,0.10455554439248299,0.10290582980903333,0.1010183681211511,0.10287590403002377
9.68968968968969,0.0979006526568472,0.09921505428284734,0.09457337451043017,0.1006892115818687,0.1016129561373559,0.09751688518172527,0.10514053756881536,0.10342077558688872,0.10037040707226644,0.10293005844942912
9.6996996996997,0.09719843093715509,0.09921014000629408,0.09412199657813536,0.10171976344924528,0.09998864831837255,0.0987311512838264,0.10610979197126563,0.10397091331454476,0.09888294176460193,0.10317582309773801
9.70970970970971,0.09753640575991133,0.1010712407074557,0.09425146160989013,0.1014893640437544,0.10031769468337637,0.09886149005584338,0.10581138548492544,0.1039301510900816,0.09864171762960693,0.10248113209637073
9.71971971971972,0.09683814906658307,0.1004983453158581,0.09334677811793639,0.10232758844650336,0.10081407644976274,0.09752358719335544,0.10499343770959596,0.10407078620567622,0.0984427632321398,0.10363843127064772
9.72972972972973,0.09767162216395045,0.10160700492098654,0.09491152540774728,0.10136804442345247,0.10055422671871092,0.09820791406193301,0.10312802524348472,0.10349314065291501,0.09701857214171015,0.10228676819223848
9.73973973973974,0.09785373960050164,0.10251443796380293,0.09455508079751858,0.10156257829712186,0.10050540321302426,0.09819550295421693,0.10250016596775977,0.10321446534263583,0.09785965906599763,0.10211978973674553
9.74974974974975,0.09795636859346657,0.10155626938353046,0.0947410262081764,0.10126368356893467,0.10092102680056793,0.09781770980208401,0.10330413137308887,0.10413677543027071,0.09802490461737787,0.10251287692295372
9.75975975975976,0.09793667666945398,0.10152467173842553,0.09617912615337322,0.10084196860042687,0.10236736801791589,0.0968250985069201,0.10258681515257045,0.10427977752459104,0.09704337086351811,0.1014205679363259
9.76976976976977,0.09863153463338734,0.10201007334742816,0.09620515803789106,0.10111560877235648,0.10138643554946913,0.09630020201496779,0.10257894537290316,0.10376888560250706,0.09695807828344714,0.10135107635388234
9.77977977977978,0.09982413950048002,0.10171841920491527,0.09588489392369119,0.1024082322601744,0.10167865682675425,0.09583106549563568,0.10217273044736841,0.10402734645589228,0.09819086174654552,0.10127509303854512
9.78978978978979,0.09956021750493044,0.10201347963015034,0.09710243793850129,0.10208118110172307,0.10092180958010458,0.0960441141809769,0.10187182651775012,0.1033046129704956,0.0978982672555102,0.1003121145015343
9.7997997997998,0.1008170925715666,0.10191856686496031,0.09681568298452725,0.10207567328487098,0.10021259248599701,0.09614345356078387,0.10290319053214952,0.10333489923450925,0.09727498375499825,0.10125214526722467
9.80980980980981,0.1005818685531351,0.10223594579439975,0.0957389270234105,0.10287031232410612,0.10015176423581679,0.0964957815942845,0.10369371442530731,0.10311759810201886,0.09600007292268213,0.10110771192043806
9.81981981981982,0.09999618340573271,0.10340249503941384,0.09566029956649547,0.10441536923485313,0.10029282250520434,0.09607709927991316,0.10351942625623059,0.10298766072685371,0.09715350535518244,0.10039286897911046
9.82982982982983,0.09885217555073764,0.10231090212750857,0.09545943992687775,0.10393742290456726,0.10027651326749824,0.09630063922659768,0.10128917991325384,0.10278482186584152,0.09732929203295668,0.09958552363243545
9.83983983983984,0.10013625803725534,0.1016597955188266,0.09455917704723588,0.10433244478445199,0.101537619280923,0.09610282380391015,0.10148125152739947,0.10210679069807481,0.0975238360384147,0.09991617430235339
9.84984984984985,0.10078556833571302,0.10103576176647582,0.09359730454023162,0.10368225404318648,0.10175697753053047,0.09514566797807403,0.10268828460619316,0.10237587161043564,0.0966323526548824,0.10066726482653494
9.85985985985986,0.10179663693141285,0.10041531599170547,0.09481832893242235,0.10417740092033344,0.1004161056368677,0.09585577090040465,0.1030347815052753,0.10271106988006548,0.09667626414099773,0.10146336074548418
9.86986986986987,0.10066703288776169,0.10094837162366292,0.09503759180508001,0.10365548853704983,0.10073027199036125,0.09546674213531889,0.10278716132357213,0.10291523973566097,0.09701846853935243,0.10134848533747379
9.87987987987988,0.10028452547325918,0.09979474176037567,0.0950491006709451,0.10349423812861396,0.10146749200676539,0.0965823079804315,0.10362984807701679,0.10263388426807009,0.09554017216096163,0.10134530686740983
9.88988988988989,0.0995798024803214,0.09816430176195894,0.09502300765179417,0.10402778504804129,0.10123974529232108,0.09633091306287615,0.1026187409961369,0.10211685651775967,0.09473792827137528,0.10188825164578484
9.8998998998999,0.09938442214891982,0.09827392507202774,0.09500381903663915,0.1049883572096662,0.1014493588474837,0.09742636313140605,0.10364683898842673,0.10353893524213965,0.09404507035591607,0.10111882768993485
9.90990990990991,0.10085646524796782,0.09762600357369258,0.09590987634466266,0.10455905153269715,0.10002119557117523,0.09756197745556065,0.10387843144777023,0.10273942656118742,0.09483099000099231,0.10060185594968185
9.91991991991992,0.10076736961087344,0.09745707738766107,0.09731370422648099,0.10434838027803112,0.10138829124908696,0.09771366226321207,0.10494607385030026,0.1029681832331473,0.0935919110704147,0.10084655478887079
9.92992992992993,0.10065007667144941,0.09807339151248246,0.09787160601537563,0.10481381869205438,0.10196361685627572,0.09679264052430984,0.1047941556972141,0.10329027591263756,0.09228176754517291,0.10093330933036053
9.93993993993994,0.10116322092549467,0.09811074952784855,0.09738604543955368,0.10512043286917397,0.10208150247224697,0.09763690297886679,0.10361645753891711,0.10428984003679033,0.09273191362262173,0.10047311962702385
9.94994994994995,0.10045130559763145,0.09798846666262818,0.0980454186212749,0.10581900084412187,0.10185248799114065,0.09824414440450775,0.10337424904484475,0.10451901317920148,0.0944920648613614,0.09927015045944296
9.95995995995996,0.10076576140154317,0.09714978380419659,0.09887531998179643,0.1065899922399628,0.10090798751654494,0.09780631403145326,0.10353931072285771,0.10447535534277155,0.09439340695046482,0.09921264026040791
9.96996996996997,0.10087642757922219,0.09659315473799163,0.09901916267875373,0.10707146073396148,0.10088125087520185,0.09760145501412995,0.1045214706689302,0.10469932338491657,0.09526376837972013,0.09818350192343424
9.97997997997998,0.10051488996647337,0.09612911937264913,0.09958990176479272,0.1059612542727147,0.10151377004696359,0.09756499619199915,0.10403934191187114,0.10472882897990919,0.09420453773579832,0.09798902274826024
9.98998998998999,0.10063418175626529,0.09538911573511435,0.10006095798631343,0.10496226673771233,0.1023236568702796,0.09678752396256662,0.10464193679080036,0.1042849736427739,0.09462249712109248,0.09838913832620505
10.0,0.10106347800273092,0.09662196612441838,0.09863441827873347,0.10381343200977083,0.10278524878547192,0.09619726538054668,0.10484132259464894,0.10452415028383676,0.09337925661510549,0.09833115007907223
