time,x1,x2,x3,x4,x5,x6,x7,x8,x9,x10
0.0,0.11,0.1,0.1,0.1,0.1,0.1,0.1,0.1,0.1,0.1
0.01001001001001001,0.11213491071404998,0.10004914358376159,0.10043542293798248,0.09714738806791522,0.09896964691770044,0.09967007809996598,0.09976415534698191,0.10094289460832433,0.10127573009681512,0.0987753289450534
0.02002002002002002,0.11133240202766895,0.09993524240827265,0.10033390787413257,0.09658845059740122,0.09858595094294471,0.09891962278883629,0.09923300012135969,0.10130782650339504,0.101177733266607,0.09873412787376121
0.03003003003003003,0.11181121246937849,0.09983779855381623,0.101086075857715,0.09607419888950333,0.09904670477112389,0.09906713834511427,0.09822061464630338,0.10018014212423691,0.10165825655787841,0.0994160052620636
0.04004004004004004,0.11145349660320379,0.10137755694615029,0.10078053811778157,0.09684908350513606,0.09868682723641545,0.10083532520486388,0.10028634334300798,0.10068841278032047,0.10073515082594284,0.0993075887617838
0.050050050050050046,0.11206496750765577,0.10229664564346692,0.10090325054854257,0.09674423517530167,0.09747583734201892,0.10074249490326022,0.10058680213014587,0.10197793901413191,0.101591878285397,0.10000494316977629
0.06006006006006006,0.11155471675768998,0.10248218440543848,0.10092825751829498,0.09631044773264477,0.09675163108896113,0.1002397139225437,0.10129779661722209,0.10058102360205091,0.10165820761697723,0.10060859394153526
0.07007007007007007,0.11175395224527321,0.10236053817797001,0.10184756592629703,0.09536126091030667,0.09766122885565438,0.10084539329289054,0.10026513959261052,0.09897491733495148,0.101368272094653,0.0994408147599288
0.08008008008008008,0.1116658102542439,0.10178181306856851,0.10204641692861681,0.09593987557742564,0.09725209349085587,0.10147456138719224,0.10144610740056557,0.09783097775249135,0.10141222673765123,0.10077053359608881
0.09009009009009009,0.11178866868121642,0.10117949538824716,0.10198926228043112,0.09695039599782725,0.097315199394374,0.1016262483428462,0.10177458627046125,0.09785382428434374,0.10174911413172265,0.09964311160923095
0.10010010010010009,0.11218190940225652,0.10238414442979936,0.10283920775708838,0.09786533704074218,0.09770471076863604,0.10106676412716674,0.10105266181876461,0.0988215386880857,0.1020535934155071,0.09925039018301848
0.11011011011011011,0.11295517414250554,0.10297823250744567,0.10360070562704571,0.09970995125213626,0.09875548676616608,0.101254301010539,0.09999951574965234,0.09859118119263734,0.10382904105259619,0.09992915924169841
0.12012012012012012,0.1123637605034617,0.1034676502904527,0.10378880169842086,0.10063111807362798,0.09951090203114633,0.10013826949818948,0.09966697344711399,0.09898433760543358,0.10326146609807348,0.09933777660158416
0.13013013013013014,0.1129463959999356,0.10351598785480917,0.10336737053636236,0.10018086449048656,0.09996749892954383,0.1015265779551951,0.10080086292393843,0.0974618808294492,0.10457222781232842,0.10023365872891978
0.14014014014014015,0.11305663447282603,0.10262848951889897,0.10444803149915917,0.10042548497028245,0.10042968792409177,0.10141868585676327,0.10029373232205918,0.09709023314961054,0.10304446274877843,0.1008593199294194
0.15015015015015015,0.112809675054709,0.10329620033048446,0.10361879639106293,0.10097607270306559,0.09898739718859406,0.10113934482017367,0.09954360056494968,0.09683223015992239,0.10308843880412959,0.10169561149708764
0.16016016016016016,0.11187427573024199,0.10237859621439648,0.10392863209820795,0.1012591420691365,0.10014582428510668,0.10203061608510809,0.10057674621604855,0.0977202709851144,0.10227840750182893,0.10131679581442508
0.17017017017017017,0.1114930628924737,0.10165168131290284,0.10334357768908936,0.10236580919456792,0.10016325667755249,0.1018156333489379,0.09960378578440043,0.09847635487721636,0.10225792819427063,0.10155755844699872
0.18018018018018017,0.11108996379225855,0.10154477937371091,0.103002514902353,0.1033011354746406,0.09943104951625976,0.10299121517484523,0.1006302240756726,0.0982793976067685,0.10187450594507644,0.1016352923393708
0.19019019019019018,0.11072622406282595,0.09965961443387894,0.10213902733907504,0.10354134852523127,0.100741026359504,0.10221686441537348,0.10063331616812152,0.09858837596186126,0.1022621747071423,0.10145878684396403
0.20020020020020018,0.1097642291583199,0.09998990155759079,0.10361193391397418,0.10290496086410504,0.10031028096003666,0.1012592285296643,0.10160542275846773,0.0994781195231114,0.10063244517397692,0.10152975935584788
0.21021021021021022,0.10938076847252758,0.09929539366557048,0.10388057670193088,0.10308976191424063,0.10006167907129845,0.10042555570500947,0.10170449173739372,0.09902097474201872,0.10035017188000328,0.10177887824891373
0.22022022022022023,0.10928955741708343,0.09910847192469581,0.10303102408714919,0.10320250892974647,0.1004483960734866,0.10048895795391175,0.10085978251914886,0.0989146774388675,0.10019947808049648,0.10127294420433981
0.23023023023023023,0.1084750819583228,0.0993029020380103,0.10289012661565707,0.10368898354904348,0.10051725653352958,0.10032663102939579,0.10074041724365096,0.09991151380866346,0.09983195813917015,0.10308348355033058
0.24024024024024024,0.10695927672420028,0.0968961936734623,0.10235078267187031,0.10377215621717789,0.10027539092743457,0.10007019039315562,0.10225774406253645,0.09932338042328803,0.10075709428046802,0.10440285960275125
0.2502502502502503,0.10622778054037521,0.09689594417106702,0.10108037396977515,0.10423882386918484,0.0998820513889263,0.10038088457210247,0.1008384526327741,0.10012412375060625,0.10006934361392762,0.10407522221891041
0.2602602602602603,0.10532252981033548,0.09739645772633575,0.10187649053536568,0.10473968456600895,0.1004905007869936,0.10097551042112135,0.09993160916655354,0.1002072110456472,0.0994539342872906,0.1059070142034944
0.2702702702702703,0.1054975420094651,0.0974118372771682,0.10158058978310139,0.10424567032889571,0.10047406274656659,0.10017551925717662,0.10020895950250139,0.09974921124718986,0.09963127658258372,0.10530901934057835
0.2802802802802803,0.10613503449902191,0.09640778891551412,0.10093469818285897,0.1030040163737051,0.10150699889623498,0.10018236291445914,0.1012932971284453,0.09801592145954595,0.09854449487882543,0.10432866521402537
0.2902902902902903,0.10551368943641552,0.09595840236297097,0.10141955963773495,0.10359820818646913,0.10057150295446206,0.09870743867695156,0.10168164005011428,0.09859576838017547,0.09898979462442069,0.10444698845889022
0.3003003003003003,0.10718619649159085,0.09582868533242533,0.10156228650169112,0.10373914755608867,0.10074148657332692,0.09926896758502171,0.10022011216525402,0.09971392896362706,0.09928692996114662,0.1046296580626717
0.3103103103103103,0.10611915414804249,0.09562016784776628,0.10202044007592884,0.10341394263124,0.10181493760813513,0.09955193908861446,0.1016739947476613,0.10057342131456738,0.09855163279029618,0.10605419562131527
0.3203203203203203,0.10693317536123297,0.09647797141927525,0.1030173670616987,0.10326985625965986,0.101353033280431,0.10018830453661723,0.10194969028108887,0.10021820995764642,0.09838139150358997,0.105554087482994
0.3303303303303303,0.10677799725775292,0.09729356603131617,0.103078699086314,0.10269187466164151,0.10149305333981389,0.10043723616066862,0.10073433509576432,0.10036284619109334,0.09909044042077565,0.10583612551213924
0.34034034034034033,0.10698450412348076,0.09675732485035471,0.10313731067928726,0.10254319417529045,0.10212067440675134,0.10050259164716313,0.10099173957270917,0.09986672011798016,0.09900548371209064,0.10603191890479326
0.35035035035035034,0.10614575333288563,0.09625937542860133,0.10370245550481792,0.10263220078263316,0.10111896716918066,0.10137389469535515,0.10172400444551252,0.10048122267048844,0.09883735644158409,0.10595003675527778
0.36036036036036034,0.10680086306787774,0.09664812469434798,0.10341185607081486,0.10178816275551311,0.10153597676155682,0.10209533996959905,0.10380545556065998,0.09904654277457912,0.09890690463210466,0.10638007124862908
0.37037037037037035,0.10675702236601987,0.09756289966213831,0.10431964038672935,0.1017850270890072,0.10132179972423622,0.10069426859659988,0.10521577465884996,0.09935599408053142,0.09923690228880482,0.10451188121925804
0.38038038038038036,0.10718734584967321,0.09889871225440085,0.1050714627996917,0.10223080500704844,0.10253062460461541,0.10022716540440177,0.1059570668449219,0.0991113296746085,0.09903088152188311,0.10450518542321288
0.39039039039039036,0.10685874092511823,0.09982509958948163,0.10655378374157949,0.10109230398220315,0.10244061610129235,0.10096728732129966,0.10481057526760702,0.09909786295566989,0.10014706950909523,0.10401318903656386
0.40040040040040037,0.10829018667306838,0.09969415298960443,0.10577757523492816,0.10076897628518305,0.10239315655347667,0.10073752717653886,0.1059759497068036,0.09899559449789837,0.09920283321075282,0.10489700224409683
0.41041041041041043,0.1079203946584567,0.0995671484431281,0.10584216505191663,0.0998681781570833,0.10234155661402575,0.10216417113871043,0.1051117453339421,0.09914764597497008,0.10002769751251953,0.10437551611683255
0.42042042042042044,0.10712603757137938,0.0989378143571172,0.10547609315242376,0.10011787736349893,0.10192671887866186,0.10107240814133693,0.10553379179417896,0.09979162948589841,0.0988760674607306,0.1030509468107302
0.43043043043043044,0.10684747071386422,0.0993007845416587,0.10515659835636672,0.10010357021822086,0.1023480669746649,0.10136451007965608,0.10686967568239548,0.09920206808080305,0.09925691631559218,0.10292034133077163
0.44044044044044045,0.10712480368819549,0.09994137273888201,0.10541468516922033,0.1002873406715645,0.10219814522914197,0.10214982990294069,0.10589325128989435,0.0995266372595325,0.09794306068016895,0.10150507646656914
0.45045045045045046,0.10674425092922786,0.10114667901624139,0.10578324687456554,0.0994028701134903,0.1026035816591021,0.101273399184436,0.10536324758542999,0.09831766379566138,0.09840359143119268,0.10214052761773756
0.46046046046046046,0.10652119661613885,0.1006222226060115,0.10653088842305017,0.1000654377870567,0.1032869346940477,0.10114315061574429,0.10367834013260858,0.09778717028775998,0.09823864213652723,0.1011558555594535
0.47047047047047047,0.10632415073723195,0.10071127170459257,0.10691275390122328,0.09945669662950532,0.10356965262724692,0.1012864044544323,0.10384517628301437,0.09836459207517737,0.09781135713292725,0.10117708032246518
0.4804804804804805,0.10674221215684462,0.10216017330812945,0.10695176844546019,0.09940981111648325,0.10397993776904703,0.10215865354597949,0.10434899291806533,0.09745621752125948,0.09942400036087766,0.10061254935970312
0.4904904904904905,0.10695004415099525,0.10297907682776514,0.10587939808542386,0.09899630211991998,0.10423044942338305,0.10255029758707533,0.10585280788310368,0.09683628189665762,0.09899318770811408,0.10050591405372805
0.5005005005005005,0.10613338728993241,0.10320819737022989,0.10501260689780278,0.0974505423209339,0.10346645284664162,0.10092516501502086,0.10638020709046381,0.09650488430121268,0.0987895082864038,0.10010159127997502
0.5105105105105106,0.10483374404909132,0.10285970487888929,0.10629895688414498,0.09740335422696449,0.10256052578156553,0.10169296754263144,0.10649050707507422,0.0982647141204122,0.0986406928380799,0.1003654496062998
0.5205205205205206,0.10444784547358618,0.1029513507340118,0.1063634090469929,0.09751871240636374,0.10267099150288919,0.10153490168276544,0.10583091542068469,0.09906656144525317,0.09854820942287254,0.10061951639434781
0.5305305305305306,0.10473150934261832,0.10280782823958252,0.10495005609623734,0.09610715842276342,0.10325329812493508,0.10153131282293637,0.10564860326599314,0.09830131088325016,0.09925439609735383,0.10160425050324184
0.5405405405405406,0.10509677163167325,0.10322427309606205,0.10478483598514572,0.09506485617554024,0.10300777879153929,0.10133100319146665,0.10633321406310879,0.09798767617921231,0.09924082933590461,0.10149547086472036
0.5505505505505506,0.10522388343153727,0.10422935190450094,0.1049059999020817,0.09639970216424038,0.10310034353283719,0.1024479499575825,0.10563395672337046,0.09818184253683016,0.09931127293910737,0.1001680545503651
0.5605605605605606,0.10536516390507214,0.10480594309639764,0.10459640054585305,0.09538381280269291,0.10280233573117638,0.1017005991032949,0.10649182510285672,0.09555526230860267,0.10030591464296894,0.10080004651608193
0.5705705705705706,0.10581404168013908,0.1051823069432601,0.10503122007234189,0.09616143088406473,0.1035824126139169,0.10197536326601417,0.10641853293697007,0.09530046457761035,0.10042263970299949,0.10010277934302883
0.5805805805805806,0.1047715807891651,0.10547837851699904,0.10381219868908291,0.09639671511933141,0.10405645555683868,0.10249132927915688,0.10576643770613202,0.09604253386020532,0.101729094820094,0.09930612999653027
0.5905905905905906,0.10503562358089133,0.10463040653345919,0.10285877236047035,0.09624443884201773,0.10506152218218313,0.10407199516597865,0.10412605380351857,0.09689980181898512,0.10179414256606072,0.0985278847862128
0.6006006006006006,0.10504897763879878,0.10386432977674206,0.10261164123542488,0.09558082074519267,0.10503079783162231,0.10253149524750108,0.10311070790276265,0.09727334213390003,0.10173239135897438,0.09848249866802652
0.6106106106106106,0.10489203236392151,0.10407460648354229,0.10246015974417563,0.09498980786770084,0.1037861544507625,0.10306529909354235,0.10251153955634494,0.09765627168385545,0.10151714872408142,0.09920508117637168
0.6206206206206206,0.10477354852541775,0.103943359595062,0.10176386766681342,0.09495433976693268,0.10361876240451953,0.10413009188134474,0.10290352703444812,0.09627720967669322,0.10226098413182057,0.09763981710937052
0.6306306306306306,0.10544917718200264,0.10461089660912698,0.10186047260702581,0.09496316511515064,0.10448721382313263,0.1046179428935052,0.10383384373365177,0.09647421876032151,0.10125047392917935,0.096591808954309
0.6406406406406406,0.10627438345814201,0.10405902754489794,0.10135762068871512,0.09401552732744102,0.10500947518575332,0.10455931750187739,0.10357554580770596,0.09641888983990404,0.10089851576087033,0.09741875000413362
0.6506506506506506,0.10696094188848848,0.10385438458282076,0.1037425868402093,0.0951200808257794,0.10548535755215932,0.10498162252380075,0.10308080340019411,0.09706608713676317,0.10023145032983023,0.09751445930705666
0.6606606606606606,0.10608334535837768,0.10432458518596788,0.10300350158126817,0.0934732594056353,0.10650780439039852,0.1042956029901275,0.10372823329721884,0.09727529526856483,0.10019926427540864,0.09663789983263166
0.6706706706706707,0.1060400443184815,0.10595977261035183,0.10272772911405156,0.0934377527907239,0.10514384346777422,0.10504278936471881,0.10429609134793315,0.09765039558943102,0.0989747315495462,0.09684313863670341
0.6806806806806807,0.10633062257495678,0.10507630969049557,0.10432605778121601,0.09316426250152288,0.10390280937914363,0.10448424010231655,0.10412628214560614,0.09774601008763815,0.10050752511089919,0.09743269759846972
0.6906906906906907,0.10788251747767373,0.10483897753867706,0.10458807476383324,0.09323895975110383,0.10480590497012698,0.10260380225437499,0.10508031709467673,0.0990147834169443,0.10001051171677997,0.09838609071220757
0.7007007007007007,0.10790121764717708,0.10428042777859989,0.10483425263645509,0.09334289414000892,0.1063827323882246,0.10246758416877909,0.10370270045960751,0.09867064951283105,0.10009633249920079,0.09901687318798877
0.7107107107107107,0.10918158402828823,0.10359966815161456,0.1048260351497064,0.0927157620872044,0.10681442626201292,0.1015808886392477,0.10410572043248241,0.09755896464623573,0.09991790394491833,0.09744203881785607
0.7207207207207207,0.10999570847262653,0.10411022140162508,0.10539657147042808,0.09266805591412577,0.10689345565572216,0.10293110320284686,0.10504362647663408,0.09684613337686801,0.0996774810087311,0.09804228313206392
0.7307307307307307,0.11085941906042555,0.10337438536388105,0.10452012267149678,0.09273431212616154,0.10533414080781264,0.10345519484189553,0.10497201172743896,0.0978657287211255,0.09933100128952642,0.09728389777848095
0.7407407407407407,0.10991973475332778,0.10309748487186973,0.10452266854351679,0.09168956559349228,0.10614453865534973,0.10358507713660307,0.10530741291907984,0.09735251032004574,0.0996060506266942,0.0977737879414105
0.7507507507507507,0.10943760903488939,0.10279291706391146,0.10544525189570593,0.09103017771253136,0.10776418761678895,0.10325761246856664,0.10537941311714136,0.09749457111329383,0.09949596851544187,0.09736274518357485
0.7607607607607607,0.10867232909233308,0.1023381811237335,0.10668602693491944,0.09121980003560258,0.10828224187444868,0.10275309336147818,0.10717386278274095,0.0985324454231698,0.10098606893207818,0.09717492135192819
0.7707707707707707,0.10775914994133279,0.10263781999852813,0.10680024271466851,0.09047641309568409,0.10863652472617324,0.10325260892954931,0.10700973568829175,0.09910723234641197,0.1023242534084263,0.09774748698409766
0.7807807807807807,0.10771016380267256,0.10251244094314736,0.10764394668218888,0.09164363783187501,0.10900613245595864,0.10313303173254404,0.10689430570503484,0.10075217070573884,0.1025216266246371,0.09748604625261904
0.7907907907907907,0.10767729308658691,0.10235196032210944,0.1086159657662507,0.09117946957853075,0.10910708929422991,0.1039536592306271,0.10633750911468814,0.10215544187655312,0.10168228212214626,0.09771519077640768
0.8008008008008007,0.10865601146617687,0.10324842912507784,0.10829673831456935,0.09015626525620794,0.10842299322563369,0.10434280224180681,0.10660649968976556,0.10258261667064796,0.10225618338632082,0.09942488181225839
0.8108108108108109,0.10837110484960719,0.1022683740751711,0.10750113033445617,0.09028848960785833,0.1089779030952208,0.10468599546345936,0.10756008416103582,0.10139682797575654,0.1026657016502627,0.09882152640481985
0.8208208208208209,0.10979196893433214,0.10350873603174997,0.10757712561372502,0.09019000682134493,0.11112549499373713,0.1032304729061252,0.10687635725091815,0.10190830525870963,0.10234808782923126,0.09732958407029002
0.8308308308308309,0.10957003734962932,0.10307986715251702,0.1056515852145571,0.08877386382880317,0.11067836912622009,0.10302429154907983,0.10579173581116438,0.10163363639845817,0.10257171458187336,0.09807225914674893
0.8408408408408409,0.10879690324745465,0.10297658079732942,0.1044250092284998,0.08982202731342975,0.11033467490101614,0.10190812298102271,0.10590690394224957,0.1019114460540862,0.10079453026840926,0.09891416562590816
0.8508508508508509,0.1104074274331909,0.10190234648834468,0.10436088930622933,0.08885884810090448,0.11083723306752964,0.10164053433799607,0.10548185459232828,0.10121438185942283,0.10110025433922099,0.09821664961518141
0.8608608608608609,0.10970492832053992,0.1012980822451692,0.10433381949079694,0.08967941454843364,0.11196539497768661,0.10316197080072849,0.10514907039656275,0.10131285092933198,0.10102753011258454,0.09866280839245607
0.8708708708708709,0.10777800605500416,0.10249661373763948,0.1054400636218144,0.08948911737006623,0.1122925440752257,0.10254490750204477,0.10629903286986819,0.10128847651965797,0.10014504690675405,0.09939190529615181
0.8808808808808809,0.10696684211913016,0.10291178538815392,0.10626589581939835,0.08957789320437423,0.11163957835979582,0.10260204725669889,0.10683827142985866,0.10108853207951356,0.09908986432829532,0.10103052482247768
0.8908908908908909,0.10616149503601377,0.10293488923051082,0.108238936573461,0.08999580009197863,0.11091830066410843,0.10166206525672086,0.10701020274716957,0.10012031605085202,0.09981379261816634,0.10241093034552803
0.9009009009009009,0.10602816435957693,0.10382664663455364,0.10847310557162063,0.08933389531215545,0.11088283333877405,0.10218918723602506,0.1076795948741194,0.09954215300530124,0.09907246171107481,0.10257484797840345
0.9109109109109109,0.10632581888402928,0.10540599791610286,0.11027413996992637,0.08914684897682319,0.11199012383492318,0.10121032808143451,0.10740227442683963,0.0989112941208359,0.09826970032217705,0.10441738199546641
0.9209209209209209,0.10571245718623411,0.10625747511447019,0.10987292301743545,0.08874107289326832,0.11132844333539156,0.10041733712402445,0.10712000411758146,0.09919086450328586,0.09752716975096729,0.10575598724223662
0.9309309309309309,0.1060134918493632,0.10650136527454243,0.11042849540285689,0.08878830208049653,0.11209615261493618,0.10038264467459257,0.10790261247648301,0.09888255742452463,0.09795226840316401,0.10565371874996922
0.9409409409409409,0.10760403797616953,0.10630693635247454,0.11027352414886987,0.08878643939019987,0.11286078573585884,0.09915802695949773,0.10788123437531946,0.09914826177648924,0.09761203970890672,0.10419746867915904
0.950950950950951,0.10816308152316403,0.10680488588062663,0.11067191248939341,0.0885291583755144,0.11300196111545457,0.09915864788520484,0.10845100141036104,0.09931129397481346,0.09640042731932201,0.10328975343966719
0.960960960960961,0.10836731033684609,0.10725070449981193,0.1100416633996694,0.08800786776080026,0.11353082533702755,0.09848909064331236,0.10799243966579236,0.09962336898807737,0.09642434112624704,0.10446384479816383
0.970970970970971,0.1073682572488048,0.10700036818731136,0.10867940229334415,0.08760034720387813,0.11263340876866176,0.09797970895478043,0.10748318441944679,0.09881310876606395,0.09748869577858982,0.10503330313287415
0.980980980980981,0.10770323443003846,0.10676002277919505,0.10790443601279218,0.08843217837584946,0.1121900481443194,0.09743549891734135,0.10665708398524448,0.10034204874663753,0.0973841877404811,0.10479405575150373
0.990990990990991,0.10758250848072823,0.10693990580010442,0.10787901723987667,0.08902538356517709,0.11129768096762412,0.097469284216719,0.10614235453516707,0.10035316973526792,0.0979386425016525,0.10522355610812317
1.001001001001001,0.10805345631998538,0.10620406654606876,0.10687746567497122,0.0897742080661381,0.11229509875234693,0.09845779111939523,0.10547839855216815,0.09896035740824975,0.09845284228547901,0.10632469883653516
1.011011011011011,0.10677704516814536,0.10550549305937333,0.10613936918063153,0.0896042558082566,0.11257953317241408,0.10005814822881709,0.10496438313926232,0.09859091422856052,0.09842063847514664,0.10541670862729252
1.021021021021021,0.1080940093849118,0.105347569175851,0.1056273926799106,0.08979143023234891,0.11229288250666385,0.09903787276322465,0.10463978603795068,0.09975275587553585,0.09894022605064681,0.10467485101229575
1.031031031031031,0.10617530400405371,0.10404299879790452,0.10717264393753048,0.08946791275346253,0.1118856395385136,0.09880751124808523,0.10444094999169855,0.09930662590763355,0.09913241769786654,0.10516129996746128
1.0410410410410411,0.10511003529779951,0.10372839789726718,0.10860453622016122,0.08988332502417617,0.11293575513266647,0.0996157695442634,0.10461376140860033,0.09903802204980709,0.09943840866085431,0.10558243994866788
1.0510510510510511,0.10489209673658013,0.10376153371452503,0.10847815852856119,0.09073506272947651,0.11326186050752424,0.10008647370558704,0.10421658066376377,0.09930113949279398,0.1000699697899504,0.10604874810850665
1.0610610610610611,0.10539812221138227,0.1031532472398339,0.10794250236648796,0.091190765878339,0.11249621024726195,0.10058321398971189,0.10539754185780632,0.10073003678267652,0.10076956677482334,0.10644614766861162
1.0710710710710711,0.10459113852694059,0.10396183210312715,0.10694268972082017,0.0905919594456327,0.11124853211303502,0.10052727108389072,0.10570539539691841,0.10164331175118173,0.10085534326468952,0.10645723824994689
1.0810810810810811,0.10430923391313499,0.10513683328539955,0.10730944178019279,0.09055876565662148,0.11157158714251267,0.1012381730560684,0.10715185030905976,0.10065480542403744,0.10137211908284408,0.10670270920445177
1.0910910910910911,0.10515567292280302,0.10486033785579027,0.10768433350856248,0.09185162380970566,0.11109568039255825,0.10115060505455291,0.10649357704232455,0.10186383655450412,0.10084859800120066,0.1060222181072734
1.1011011011011012,0.10419347019964534,0.10589378493574894,0.10782509548196373,0.09308551977411098,0.11085868878681428,0.10230043091444689,0.10802524928412356,0.10239596423211332,0.09975935233106738,0.10618083765897963
1.1111111111111112,0.10477635132284666,0.10601099881180756,0.10761608397881073,0.0933693204736024,0.111262738031991,0.10168617626225125,0.10782132704935765,0.10125551091152508,0.10086183708555937,0.10782373101937094
1.1211211211211212,0.1052170234705445,0.10569723752149382,0.10798244965400462,0.09244250338455166,0.11140028345750168,0.10297522894423755,0.10823665510760665,0.10300066899025972,0.10101967380616714,0.10647731664360965
1.1311311311311312,0.1053430101313943,0.10413890867689579,0.10855430117968083,0.09150458187773076,0.11166792500966177,0.10213640103602831,0.10795224620405791,0.10300087530255392,0.09934299142780817,0.10665467217823696
1.1411411411411412,0.10610565771566714,0.10529321696221468,0.10879988599663765,0.09064678571004407,0.11151970752919185,0.10154021738493833,0.10584249534163359,0.10324865508369067,0.0995660159181387,0.10606353188648726
1.1511511511511512,0.10500044261117993,0.10382642816964059,0.10847625953379834,0.09035092477095773,0.11117181599751519,0.09960369680327318,0.10590741682704098,0.1035187305169813,0.0995657890805576,0.10665735442462711
1.1611611611611612,0.10469966569145289,0.10322354045118773,0.10893517650542064,0.09038930553814853,0.11196688897022924,0.09903102619016792,0.10483631462241816,0.10314943189878192,0.09820501167875643,0.10594448523973048
1.1711711711711712,0.10394817943075378,0.1028737490512385,0.10906209561562828,0.0905190984465254,0.11111170699387543,0.09851744372398397,0.10375159030442654,0.10346205663708657,0.09815236791583568,0.10680954557382394
1.1811811811811812,0.10402433326138527,0.10220018834720705,0.10915008297375267,0.09075572779079447,0.11186544213526796,0.09842367541841933,0.1028167207548615,0.10302868647465534,0.09831328993229034,0.107542058019849
1.1911911911911912,0.10356519882083418,0.10210560385478905,0.10886753282608574,0.09085970616016933,0.11137066771568595,0.09849077533541714,0.10206974526431979,0.1035280198964648,0.0990578754131161,0.1076652736520462
1.2012012012012012,0.10327322605919104,0.10091218658852441,0.10875949706968845,0.09218292861922567,0.11154473423983619,0.09821310975270998,0.10224854947382843,0.10218598713954609,0.09657925336070035,0.10696545390416533
1.2112112112112112,0.10246945655210564,0.10183252621375466,0.11014925608806031,0.09299891240386708,0.11108719057339117,0.09902504697674257,0.10272495297239521,0.10213355959147438,0.0968754240497815,0.10643954219141111
1.2212212212212212,0.101875065817367,0.10127772565444648,0.10996464789497093,0.09293809142381641,0.11022445177009803,0.09846270026275189,0.10257502247412825,0.1003281222284746,0.09629342291708883,0.10689314551508247
1.2312312312312312,0.10169771453004463,0.10204577850708478,0.10953880734533325,0.09335438417386538,0.11125412118909637,0.0989421932711295,0.10204938929742229,0.10054471211870773,0.09655191371275192,0.10761663470354275
1.2412412412412412,0.10192643075972022,0.10214188797462612,0.1090535673231518,0.09361648275244792,0.11026829492126992,0.09972994583495269,0.10289139076821747,0.09942239681542644,0.09763466720772505,0.10940805913219381
1.2512512512512513,0.10206070822301914,0.10211997443866654,0.10765079559754974,0.09276792985624129,0.10837888485939776,0.0988687634157379,0.10301575709234848,0.09958613955290133,0.09888022824463538,0.10975167275706232
1.2612612612612613,0.10102917236424654,0.10168417294000841,0.10900984693266977,0.09267803389963,0.10832239192961277,0.09951970764440665,0.10197022464916766,0.09919030144926376,0.09799248301488486,0.10842009238394998
1.2712712712712713,0.10204239712370218,0.10253056139096924,0.10852319476113377,0.09338957288343505,0.10687965857312084,0.10027361649029758,0.10146089726717496,0.09802517141130716,0.09858192254604457,0.10752956755201697
1.2812812812812813,0.10182509643817043,0.10154635339846613,0.10787273665982075,0.09329164360310271,0.1064244591165267,0.10093801064119669,0.1019230272317768,0.09897670854012457,0.09889171289976753,0.1069054552344345
1.2912912912912913,0.10138675408215342,0.10236094149945593,0.10723047906122062,0.09320426874076837,0.10594779122508433,0.1014248093892104,0.10056083946579426,0.10027977841520914,0.09888985491744198,0.1068016101298028
1.3013013013013013,0.10060114523595082,0.10201525703219079,0.10629075243554419,0.094564242067573,0.1057403064955381,0.10062834805738265,0.10188398513160211,0.09934190950494734,0.09855657304893797,0.1057179539774965
1.3113113113113113,0.09932704009224577,0.10129434014592413,0.10750139163715682,0.09397542138723215,0.10425209765026947,0.10119962079398416,0.10208118309092087,0.09925997963342255,0.09786146041500784,0.10725548290648762
1.3213213213213213,0.09776915652648578,0.10160724038094458,0.10589888496791702,0.09385910562212532,0.10446912931302639,0.10235612821166447,0.10198716079992509,0.09992688847459508,0.09765708679845288,0.10542585609518969
1.3313313313313313,0.09681850216691272,0.10183673535043927,0.10489515008685249,0.09352797443489001,0.10387043644255337,0.10191635445280364,0.10144118280308367,0.10105480310130996,0.09800113833852371,0.1052817706440873
1.3413413413413413,0.09666371315642146,0.10316401844670733,0.10320428818163291,0.09272852857445518,0.1043268078226005,0.10259342700071984,0.10149037184431867,0.10202395690812127,0.09757614270483711,0.105785114227709
1.3513513513513513,0.09720925962032226,0.10366044245365424,0.1038311943757142,0.09268950933099403,0.10429116817643232,0.10306094897883755,0.10105242590724095,0.10135916122736595,0.09824009754725413,0.1065129036272843
1.3613613613613613,0.09793288111871562,0.10439768636690129,0.10418304108764151,0.09341763603733717,0.1038771342253527,0.10430829512233099,0.10105278176905841,0.1022092852508389,0.09761574749500516,0.10700431098581563
1.3713713713713713,0.09704108545874636,0.10425819761700424,0.10387144407448246,0.09252567643391534,0.10368308230485274,0.10403451926200473,0.10068137590923998,0.10237522610846748,0.09724392338571657,0.10684781426326359
1.3813813813813813,0.09710019480073673,0.10398014116513685,0.10345487819480945,0.09365089187601569,0.10373693665069166,0.1038698894222206,0.09994976548235246,0.10217328755362406,0.09744718996613978,0.1066334412133673
1.3913913913913913,0.09842233566335537,0.10437654878367282,0.10303621615045593,0.09372182783462046,0.1040017565524476,0.10363221869343377,0.0988312650740179,0.10206196097573708,0.09642773969456056,0.10725894432569313
1.4014014014014013,0.09831129678632178,0.10491410145532687,0.10350317735796616,0.0940056899297734,0.10307661149928268,0.10415148376671657,0.09987973608251888,0.10190187950903526,0.09674342935442741,0.10680043588692241
1.4114114114114114,0.09872252432849503,0.10429939091746003,0.1032313433790379,0.09398853815808265,0.1029529114402801,0.10371237822901185,0.0990679348927478,0.1023236411704675,0.09655107443040761,0.10843130533632676
1.4214214214214214,0.09770737817719996,0.10396185103818588,0.10215280327844171,0.0954327129296427,0.10351065919893052,0.10382026542950898,0.0969484839547817,0.10206218475599302,0.09712461531728141,0.10968870003061694
1.4314314314314314,0.09734934471606171,0.10440521371375425,0.10063948592639775,0.09633122229882335,0.10355963258726938,0.10411905437368951,0.09605018227242701,0.10264558127030707,0.09692618855084695,0.11222194509565542
1.4414414414414414,0.09627008749955764,0.10396459558465364,0.1008543957371799,0.09603445004141505,0.10514247311760275,0.10538682221595755,0.09657936908574853,0.10213217140741163,0.09565858223968973,0.11335118078105355
1.4514514514514514,0.0951598813746059,0.10311650479405406,0.09972723059394127,0.09683333426598083,0.10460242195475997,0.10525556856878363,0.09619361824807929,0.10235508199161744,0.09692472992054958,0.11351064608727288
1.4614614614614614,0.09558822519291736,0.10418649804073038,0.09930456551420458,0.09761731242397205,0.10468774439328829,0.10367205424419206,0.09636960260866498,0.10086865384199921,0.09749931322135737,0.11220274244649382
1.4714714714714714,0.0967698160354113,0.10385957668579222,0.09968154228026321,0.09687596290253442,0.10459991346929047,0.10433649993068937,0.0969316814501594,0.09960376229394301,0.09755355018548201,0.11203700194888941
1.4814814814814814,0.09570445664323646,0.10313831015479756,0.098656902349823,0.0971030023808938,0.10443320025707235,0.10411693918521789,0.0968181291266846,0.09960586993193014,0.09772425762126585,0.11243510371501579
1.4914914914914914,0.09509297843915837,0.10341338931152093,0.09970471134196504,0.09570497265987121,0.10531410953404102,0.1042518371311647,0.0971984851967498,0.09960057272354864,0.09764135672580163,0.11203238558567218
1.5015015015015014,0.09405630450855654,0.10403979099979276,0.09983159470968704,0.0961024280093331,0.10541181883499724,0.10374068229650568,0.09673680481379288,0.09923381598208961,0.0984508735292217,0.11288389318668834
1.5115115115115114,0.09479763293180225,0.10323981564248869,0.09891724596997199,0.09700309371216774,0.10529498214170353,0.10310551207948356,0.09545705310628143,0.09933955442650139,0.09602445503802327,0.1125941355871185
1.5215215215215214,0.09523244457910408,0.1043842042501926,0.09945266326709802,0.09799791727681849,0.10459556587518097,0.1024224513530612,0.09506160106954926,0.09955662314085205,0.0952293977396862,0.11316625898346208
1.5315315315315314,0.09439367546865447,0.10530220842391448,0.09950382254819061,0.09858525407716086,0.10361379827832853,0.10179347464383476,0.09588770726445733,0.100038159158061,0.09414243378045202,0.1139150125421461
1.5415415415415414,0.09499243732209531,0.10508710290077321,0.09959084681885907,0.09963586984766619,0.10276584824108735,0.10005229827054328,0.09570868867020785,0.1006855452981637,0.09436306814451294,0.11424579264085877
1.5515515515515514,0.09530391425979645,0.10494169592195429,0.10046574441661839,0.099724523790616,0.1033519243010938,0.09989787180746865,0.09496392565617454,0.10070872937121045,0.09435824360539131,0.1145187157064912
1.5615615615615615,0.09447724209498405,0.10604566651346153,0.10072389100056409,0.09960012009608053,0.10294683765213988,0.0992031922270667,0.09596771621891559,0.10106933533117539,0.09501092703239122,0.11490354234895443
1.5715715715715715,0.09355689399805411,0.10497497671485681,0.10100918326125606,0.09983583981796838,0.10535191164670403,0.0993840073119346,0.09741295182179067,0.10119076617267546,0.09397468878421537,0.11612032269732188
1.5815815815815815,0.09290766751451071,0.1056571623998607,0.10164050660693622,0.09986400840026173,0.1053323346925111,0.0987194032579636,0.09792521715367829,0.10052354518405414,0.09562390920691563,0.11549061394299065
1.5915915915915915,0.09241134947401893,0.10548161090942564,0.10146780534324869,0.09945052239542274,0.1045147393936247,0.09807895427134242,0.09845893725116592,0.10235862687107651,0.09616219881925088,0.11632133012435399
1.6016016016016015,0.09356717778491708,0.10562655563452548,0.10119897563434622,0.09866855696512956,0.10281433929052401,0.09782464945035065,0.09913125960258017,0.10283623598697816,0.09510626318584715,0.11530127101110396
1.6116116116116117,0.09323937569056061,0.10541712177173158,0.10179334579799196,0.09795857904835574,0.1044572698590515,0.09736462443007465,0.09961927986455096,0.10300948496556217,0.09488707305047696,0.11519662700761318
1.6216216216216217,0.09313215875698876,0.10615602405794396,0.10211369782073956,0.09882300388610375,0.10490460241204616,0.09821847648336471,0.09919985339775256,0.10270818783277938,0.09466278423892974,0.11552929237882004
1.6316316316316317,0.09371041593218922,0.10628452216385186,0.10218498163520326,0.09818776917053272,0.10461645841747248,0.09772754210086988,0.09876993247864312,0.10280724003808903,0.09521906999541524,0.11597602434349188
1.6416416416416417,0.09468453816387884,0.1065608869984832,0.10269702723892425,0.09738797563643159,0.10373973742451538,0.09820829600096129,0.09876513704648335,0.10332346741716088,0.09413068853477369,0.11655015250709971
1.6516516516516517,0.0943555911035468,0.10574867154073957,0.1022363502666282,0.09707251720314629,0.10294843424123461,0.09722517983532634,0.10002281263522803,0.1031519737565575,0.09415145768879622,0.1166809295263564
1.6616616616616617,0.09459089291366252,0.10569338347575723,0.1038093123509118,0.09692232272244154,0.10279465495192075,0.09542124314774929,0.10148598765071618,0.1033683077626588,0.09320983709220984,0.11659517504518696
1.6716716716716717,0.09363189251344577,0.10424830068998091,0.10467138087994853,0.09677645150088655,0.10229627703364222,0.0952806860059638,0.1029861002162938,0.10280001708696657,0.09189554485453505,0.11607410894384117
1.6816816816816818,0.09448539381821648,0.10436521119394676,0.10532682781573935,0.0959609564924811,0.10169886525347313,0.09474443763886081,0.10296767650398005,0.10343640913429916,0.0916040690208408,0.11507767136297074
1.6916916916916918,0.09273024095212762,0.10570480102418586,0.10561074439392062,0.09576608363960083,0.1028642248921613,0.09469831067212099,0.10291189981274179,0.10266708073726762,0.092114595015447,0.11530582969811938
1.7017017017017018,0.0933866589425656,0.10515133426582465,0.10587333592194981,0.09545881333736626,0.10220498671717856,0.09345188106360408,0.10325672368824532,0.10260641218345216,0.09135507840708042,0.11556470534717489
1.7117117117117118,0.09397508964888851,0.10515801730491282,0.10611118729751105,0.09614898675979981,0.10105849059171791,0.09278834322190697,0.10223876886581537,0.1028917679143096,0.09205327812107973,0.11655314536923221
1.7217217217217218,0.09357213912016764,0.10593774000511831,0.10692252563756538,0.09666735517947778,0.10195195104857391,0.0923737304540916,0.10167640445567017,0.10315353030645887,0.09179331710938508,0.11623977728412117
1.7317317317317318,0.09323330205387395,0.10567365329004519,0.10638760852581534,0.09678179997854741,0.10261188580113918,0.09361698217587364,0.10175059405721129,0.10384383611035258,0.09324614319502637,0.11622886539662966
1.7417417417417418,0.09311149761131443,0.10575936216584818,0.10718036064177518,0.09766649637774023,0.10141609760071034,0.09261545274847362,0.10131963777044797,0.1042066252128857,0.09401098006493773,0.11696595117333615
1.7517517517517518,0.09262789455686504,0.10658416734859416,0.10667843749301147,0.09798280125303037,0.10167616036308416,0.09261769412905409,0.10093759401044597,0.10407642118806004,0.09376719695154945,0.11730333987937529
1.7617617617617618,0.09325276793132657,0.10687112115905649,0.10606824041397057,0.09882206345658212,0.10105871836092165,0.09405135102685484,0.10130989329936593,0.10362363590099989,0.09413042167587617,0.11613269586784651
1.7717717717717718,0.09383357720291816,0.1067603412419437,0.10602952357991659,0.09958815787545673,0.10195464439039954,0.09250973480228517,0.1010338307022881,0.10414676747795071,0.09368565566496007,0.11685517296143151
1.7817817817817818,0.09451669296660734,0.10496756966237909,0.10682195290513628,0.0997358337522056,0.10097908232059039,0.09203603008035834,0.10156568746288075,0.10423597742340211,0.09499864901850022,0.11571032360336082
1.7917917917917918,0.09465727447070571,0.10551876399271634,0.10756284881982486,0.09861483673307796,0.10011270605442738,0.0916662042283113,0.10121631398241793,0.1036501569547868,0.09519589741086656,0.11659069744818794
1.8018018018018018,0.0936932064223987,0.1047854098511842,0.10705140771949309,0.09856173901885333,0.10051594829950637,0.09257266186224394,0.10089809075933728,0.10276343274365754,0.09632334716297478,0.11533224763844052
1.8118118118118118,0.09436445145411176,0.1035330996593217,0.10681580314401395,0.09988973453275461,0.10033514179101256,0.09543907221082659,0.09980180950659767,0.10170910318413255,0.09699878649578668,0.11513024075681831
1.8218218218218218,0.09515610380358433,0.10393868167159155,0.10689491369311171,0.09876926721713546,0.10016921606457911,0.09465046988701398,0.09853084800266729,0.10108140548065657,0.09760441640501048,0.11407074689847972
1.8318318318318318,0.09502347153063388,0.1045129568068423,0.10751516380706333,0.09884020124265497,0.1009852503177128,0.09508352899251028,0.09883425102107801,0.10144530589755628,0.09666676740953575,0.11371160652855752
1.8418418418418419,0.09501604999058937,0.10363171044679696,0.10828113810651545,0.10045263609938984,0.10219571793687733,0.0944455414213103,0.09924911822412669,0.1018238928667817,0.09748767020623218,0.11309126189728852
1.8518518518518519,0.09474268683220813,0.10306937834445412,0.10783736562109227,0.10098972982979106,0.10219860983685664,0.09445487352300168,0.09889118517084784,0.10256666303951982,0.09790172877610846,0.1137268511053279
1.8618618618618619,0.09468495895296444,0.10215250239924457,0.10719318661365082,0.1012266697763161,0.10347144230281417,0.09400683482210699,0.09967666210875806,0.10442830262433037,0.09846325492199312,0.11250927660597569
1.8718718718718719,0.09457906017090623,0.10338287391007077,0.1058979479233257,0.10100016233741972,0.10339866513347391,0.09576413890012334,0.09935471511700901,0.10478304783724406,0.0981627539981568,0.11363366349982161
1.8818818818818819,0.09414398358230586,0.1029994935584813,0.10806014491559847,0.10118838994924535,0.10351876805027707,0.09584491438086165,0.09959110968446849,0.10472287941710491,0.09773787087985696,0.11354888756756984
1.8918918918918919,0.09561723516622023,0.10347730008658274,0.10761620090646822,0.10125123282109427,0.10325479928871359,0.09541258586668615,0.09993252242568026,0.1042989225331218,0.09711145175115159,0.11346393702160332
1.901901901901902,0.09617525268659209,0.10521958048535722,0.10792826606993125,0.10207241311345246,0.10294210254055604,0.09433581256556288,0.09984561277139335,0.10373721157435403,0.09635497457602306,0.11402230343671499
1.911911911911912,0.09691269015351132,0.10505617662461425,0.10822471959614784,0.10224515057716196,0.10143367133922343,0.09403256873388192,0.09976568041406221,0.10398243108048194,0.09632491923133912,0.11431612342365623
1.921921921921922,0.09718683804012655,0.10605398834157154,0.10886615397859858,0.10235579835911772,0.10221344721118113,0.09359559467399119,0.0978121227314118,0.1036896739135903,0.09645143306385491,0.11592537852463478
1.931931931931932,0.09689964113491337,0.10595984565953016,0.10950407780997262,0.10249474999964445,0.10215495481517722,0.09370008772747883,0.0970780480058806,0.10404886109465772,0.09569841355317228,0.11528915610956557
1.941941941941942,0.09615168054787468,0.10642269955709252,0.10980660489536404,0.10385040832364612,0.09993041253440481,0.09423959815129379,0.09679560278700124,0.10479377538053883,0.09482165676959131,0.11378149202259702
1.951951951951952,0.09729268334578232,0.1050922623525479,0.10913723228333852,0.10459665859088904,0.10050139341548739,0.09497397100856032,0.09905076347026248,0.10557832922224519,0.09498722733740918,0.11358566077561069
1.961961961961962,0.09821374300750113,0.10535277941046785,0.10875532776807187,0.10382794925795392,0.1002628546341999,0.09388046107981692,0.09901617421550932,0.10711200360697332,0.09546158963436316,0.11423155802400138
1.971971971971972,0.09862191875814492,0.10618895065254659,0.10894158783907822,0.10363466625717623,0.09987862789826683,0.09116743203124128,0.09960221836905438,0.10733027833516243,0.09423769089972933,0.11540701924056104
1.981981981981982,0.0981527272758629,0.10561206868641196,0.10788331598063321,0.10301961404853535,0.10001175723868722,0.0921238964149019,0.09989914267182562,0.10825158924582856,0.09402584885859587,0.11656169118647998
1.991991991991992,0.09819422621272185,0.10594897491853018,0.10578815632676522,0.10265338423808892,0.10055171489956663,0.09214524410855834,0.0999133458743669,0.10777794013004498,0.09421494861247784,0.11665735243103258
2.002002002002002,0.09846950768749727,0.10603704673790738,0.1054972526582446,0.10267162095118096,0.10026017718528626,0.09128805609832076,0.09952653601743518,0.10710268653660379,0.09370878716327362,0.11608475002927414
2.012012012012012,0.09927701785781017,0.10555302527323343,0.10660342047319907,0.10193983580459351,0.09989924456189407,0.091052345135209,0.0988193770480564,0.10598521313532411,0.09378852262844455,0.1168457460676676
2.022022022022022,0.09942253846444103,0.1049761162275043,0.10717748680988796,0.10237219340201745,0.09981580172112207,0.0912094193445903,0.09954060850860352,0.10512787300990001,0.09400950222911579,0.11540225281246395
2.032032032032032,0.09986843711231504,0.10516040072500939,0.1067977442398155,0.10200766509717062,0.09973032318904092,0.09178053781257389,0.10030068463382033,0.10631813377955757,0.09427661278898784,0.11488018629153328
2.042042042042042,0.10051193170689325,0.10497187321567301,0.10890619678933232,0.10096266846980928,0.09962200005788538,0.09193601531175505,0.09815130387692524,0.10657772628538228,0.0954319817802408,0.11516553488566073
2.052052052052052,0.10009208347287588,0.10332918055692132,0.10896433065699712,0.10123706063392295,0.09945524862573879,0.0908559921173635,0.09771850025827038,0.10646268131872232,0.09610452293542904,0.11499683888433343
2.062062062062062,0.09919932277973234,0.1026569201828082,0.10958890832363759,0.1008365557933959,0.09789288264189507,0.08973089125233893,0.09848649511765688,0.10645909309261722,0.09730133475244974,0.11468815604830103
2.0720720720720722,0.09897959554008498,0.10345699690911561,0.10953501588288057,0.10033426913637862,0.09763825267224246,0.08987144500510998,0.09853795713244029,0.10673044331377739,0.09696472674570812,0.1144031360309437
2.0820820820820822,0.09802849316866873,0.10409611733156479,0.11036509118469884,0.1006318136829167,0.09764635102371556,0.08952871808568535,0.09788031771347941,0.10578554508782176,0.09571050784535215,0.11392963023746863
2.0920920920920922,0.09797108169631973,0.10375648146089902,0.11123203920204484,0.09962050550226306,0.0984614798064334,0.08775289361362316,0.09777455260095225,0.105596367035021,0.09581228258647179,0.11316299900194453
2.1021021021021022,0.09644659029539038,0.10314947839254175,0.10904738679043713,0.09989132578695485,0.0985300173117341,0.08754762443149437,0.09739724658741807,0.10418447684018607,0.09682392778836725,0.1122095639705986
2.1121121121121122,0.09756809088983143,0.1038356979421428,0.10896121618688163,0.09872996636940647,0.09798298904879532,0.08747681626801092,0.0962074939934993,0.10457196949010666,0.09622416950590328,0.11199023531955296
2.1221221221221223,0.0973996098449022,0.10277228949371447,0.10974471998380388,0.09885737574355744,0.09821855275138076,0.0866057739553366,0.09634613084767502,0.10490441679111982,0.09653012566457837,0.11251059547342936
2.1321321321321323,0.09890767851743507,0.10367017073705952,0.10950254313467482,0.0989752030893015,0.09934951251774218,0.0878976836245322,0.09567299267676177,0.10580122280148165,0.09636564796818632,0.11200980570284677
2.1421421421421423,0.098278030623344,0.10388465153850276,0.10910138263355534,0.10067232333968193,0.09985038560145135,0.08690750159185738,0.09641277681532467,0.10580787853360793,0.09590850568691926,0.11262807246846906
2.1521521521521523,0.0976720468377696,0.10467976996911899,0.10971418355154397,0.09920172811364422,0.10099998910112906,0.08870813198392184,0.09703606902299283,0.10585335824752258,0.09618801654410282,0.11161862204561171
2.1621621621621623,0.09694077616215073,0.10468083355084876,0.10922577895349603,0.0986804444973887,0.09985518706962895,0.08973351570684113,0.09655137606373175,0.10494019486356033,0.09533624337693943,0.10964667394372617
2.1721721721721723,0.09798319944390371,0.10537215004120629,0.10914770220697106,0.09874067003443636,0.10047259272791495,0.08996598435256446,0.0974337985655431,0.1058609753345013,0.09569093833795617,0.10859896321148636
2.1821821821821823,0.09910413441792486,0.10591492628740928,0.10869386669281833,0.09853589921593421,0.10037935638610791,0.08913524140373774,0.09804621516852366,0.1057266499473557,0.0969461191888381,0.1087767799510675
2.1921921921921923,0.09797466515741848,0.1058505635171535,0.1071304214555601,0.09990827493057532,0.10128312538011139,0.0886142468262088,0.09831777525544477,0.10572856063279398,0.09818121244455859,0.10874821045429148
2.2022022022022023,0.0972998755109675,0.10474961360356595,0.10734779582854144,0.09999364284071782,0.10164719504153387,0.08981549224489514,0.09895489457706741,0.10607011369313074,0.09832390637961755,0.10893130062136425
2.2122122122122123,0.09755275989257318,0.10469275069395491,0.10722407368783811,0.10020535362795673,0.10186785125727765,0.09073760479412539,0.09939984950803941,0.10580802807236207,0.10002054000955808,0.10895092739223143
2.2222222222222223,0.0974129114526316,0.10500114550852269,0.10675041546208956,0.10049452363961635,0.10197774489559983,0.09052296792612417,0.09806500443914823,0.106359782904705,0.099325487859294,0.10910669788251418
2.2322322322322323,0.09677801579176853,0.1039834416540817,0.10716760399974826,0.10160255140392832,0.10255684970694548,0.09130231561812491,0.09873564564500978,0.1075851395379689,0.09923777733232597,0.10941287278891662
2.2422422422422423,0.09574576265327656,0.10415768491995772,0.10690463775844715,0.10088523529934168,0.10197651199851271,0.0923943793297652,0.09813058993899697,0.10702074824570956,0.098715477687501,0.10967493884515651
2.2522522522522523,0.09638376145275893,0.10479009068806143,0.10658988471744162,0.09964590485389868,0.10178927580141398,0.09317195173768374,0.09771181517617875,0.10743562404926517,0.09870172070133125,0.10850222384288745
2.2622622622622623,0.09453616773189424,0.10663142156718447,0.10604321718511592,0.09891574330470419,0.10162868244873421,0.0917161471490343,0.0992155746832536,0.10785055293111263,0.09834125993749673,0.1086782815520673
2.2722722722722724,0.09461030365472886,0.1074214791290335,0.10543772030842476,0.09873854492721615,0.10180792167903865,0.09241114624712084,0.10031254697468404,0.10807020801907641,0.09842026483938053,0.10877006874297816
2.2822822822822824,0.09280443844477423,0.10700773816141013,0.10609599065734643,0.0982221904163201,0.10138076628141864,0.09216042811900856,0.10071301949637759,0.1088786942313408,0.0990021612259766,0.10894543094041774
2.2922922922922924,0.09228759636460299,0.10745602483876214,0.10696447090500333,0.09851177949425784,0.10218754613894815,0.09177815159994668,0.0999363230949915,0.10933442915240824,0.09967602105190082,0.10894059881667637
2.3023023023023024,0.09142700810761112,0.10770995496431254,0.10618379348593965,0.09909730313151419,0.10323396267181303,0.09157734859035638,0.10023397455567373,0.10995909761658076,0.09888702700226028,0.10945139335935121
2.3123123123123124,0.0906245311846354,0.10837502509645983,0.10646122617492733,0.09870067681300856,0.10392910107993097,0.09266943737548841,0.10003703352060409,0.11052636573189507,0.09877011425466667,0.10911041376648062
2.3223223223223224,0.08924835776069495,0.1092618852393012,0.10681856190716418,0.09752460744882434,0.10527138538391746,0.09054730616494093,0.09892269047465954,0.11064367089961709,0.09702172326954844,0.10934229323798282
2.3323323323323324,0.08842113600891846,0.10938038076743342,0.10702970092316154,0.09805804510140763,0.10439688034521798,0.08834717428388968,0.09954295118093001,0.11020100231905003,0.09668693380887276,0.1072592783705051
2.3423423423423424,0.08781067268687386,0.10805618386843482,0.10678245488264695,0.09788355744813848,0.1049100402840303,0.08789620427248317,0.09887597641756996,0.11132603682600371,0.0966699466625489,0.10691625264214294
2.3523523523523524,0.08815037176643978,0.10737239752910697,0.10736734196588454,0.09742609240789,0.1065940077380361,0.08791188936882949,0.09883854774271848,0.11208553061273392,0.09671175798094134,0.10687257284114014
2.3623623623623624,0.0875101982283923,0.10805209995716573,0.1081421373980485,0.09782465014205108,0.1065244885567648,0.0885237419541666,0.09827334432374486,0.11151830549840343,0.09598297858499502,0.10646924452534422
2.3723723723723724,0.08625079562202978,0.10718878121456396,0.10886944773656611,0.09721763374295014,0.10665039518572655,0.08880857743717405,0.09954231333272605,0.11099141177419267,0.09677539443089522,0.10726778668849879
2.3823823823823824,0.08670567446855315,0.10730989531571386,0.10831042910675855,0.09763565195636728,0.1066024383357671,0.08956836440543968,0.09975831061974882,0.10979333063631258,0.09737531242263286,0.1056287451616502
2.3923923923923924,0.08708102041325994,0.10747859801432239,0.10686867885034293,0.09764855086176012,0.10555831752899063,0.08985203341027824,0.10008886533791748,0.10978623021355535,0.09656909842394452,0.10512386826643959
2.4024024024024024,0.08684104465611427,0.10664835256667224,0.10659852763259749,0.09699231910850768,0.1047150465370579,0.09026070870917971,0.09941191580414789,0.10909538458420094,0.09701600887991206,0.10562427570097467
2.4124124124124124,0.08696336460896996,0.10797677951255827,0.10544950348527535,0.09901859908067764,0.10643373120188102,0.08964278525952533,0.10038930474946779,0.10873441125901329,0.09728522270547064,0.10465726129740714
2.4224224224224224,0.08751621568298933,0.10711862506276004,0.10494694319671968,0.09999506654885211,0.10588599456076472,0.09035788264886409,0.09992246702979558,0.10819942060372255,0.09859676526746838,0.104446244297126
2.4324324324324325,0.08663251944341747,0.1063776941033826,0.10350027845125662,0.10129523191071235,0.10596946517623322,0.08996758001259156,0.10083968583933302,0.10821562594509218,0.09987626473301842,0.10581890821676623
2.4424424424424425,0.08574269567754973,0.10652355767760702,0.10351687751140284,0.10087664006825682,0.10524921702319422,0.08981908397143876,0.09964205433191965,0.10721240357315748,0.09928427945486978,0.10499331753330467
2.4524524524524525,0.08516829677915227,0.10588714624375312,0.10283322265086979,0.10096903423071725,0.1045658080165047,0.09051291295653263,0.09844498668600747,0.10816525028097418,0.10095801236343482,0.10439165768914602
2.4624624624624625,0.0850175421900294,0.10609915711374698,0.10392544217013093,0.10200428696387173,0.10454639458778801,0.09230817381262521,0.09741025288366228,0.10843222413187464,0.1013106444858132,0.10456901641552971
2.4724724724724725,0.0863394331815376,0.10387496899520879,0.10332037911880675,0.10244652185516501,0.10595479528490762,0.09228005908923291,0.09775733343288918,0.10949564726434133,0.10136869443541147,0.10488349319887896
2.4824824824824825,0.08631806086654514,0.10425181652714392,0.1030161821109171,0.10181767977068377,0.10601773774558709,0.09106495179043265,0.09713580792520314,0.1098901616789792,0.1003494749967717,0.10471704485474749
2.4924924924924925,0.08636361027971187,0.10435463684143237,0.102178728403041,0.1012675517642165,0.10645101022906159,0.09240200185499722,0.09633975249393524,0.10869594411477648,0.0997466687102514,0.10360364025412165
2.5025025025025025,0.08551934188783095,0.10344031502637109,0.10218029020067883,0.10109946340713576,0.1066771591698369,0.09277376047303205,0.096064219312666,0.1076924769419174,0.09966325690210233,0.1054935765766292
2.5125125125125125,0.08591905154245025,0.10357719557277456,0.10142594267091444,0.09990495740792033,0.10649142018378206,0.0933300790212873,0.09486568837414114,0.10755404577834203,0.10004930805693606,0.10530136848207328
2.5225225225225225,0.08544065925969735,0.10253163696949673,0.10192386575041572,0.10060198351225733,0.1077196747723152,0.09291596994477327,0.0956292655003345,0.10707072403612077,0.09937923632551586,0.1045268472239461
2.5325325325325325,0.08472590425786447,0.10361286617475125,0.10262131723992016,0.09976431855580573,0.1074931396598273,0.0929754294975364,0.09668505427992656,0.10785175507919824,0.09994192900816963,0.10407943623613766
2.5425425425425425,0.08561807533502636,0.1025475873198859,0.10291189111778161,0.10016915122417787,0.10947107528582518,0.09273326738978745,0.09592885319557581,0.10852979269176224,0.09952256182357447,0.10277278369139717
2.5525525525525525,0.08716029677845112,0.10240615262337571,0.10325449806894726,0.10086441816561134,0.10940957854695428,0.09327741187308519,0.09484726551799458,0.10868511188717143,0.09933562159260954,0.10114565955413442
2.5625625625625625,0.0868731876251082,0.10233488301746206,0.10376205365353747,0.10121298956782086,0.11031506246704208,0.09192761507802043,0.09479844140528615,0.10902037919931665,0.09941908720778345,0.10063516769961191
2.5725725725725725,0.08543259936658691,0.10196792596672753,0.10296376752141556,0.1011529555502314,0.11083484344289345,0.09131226636985171,0.09620033558197152,0.10892127352913086,0.09941131783305379,0.1006010624831134
2.5825825825825826,0.08575006623203635,0.10170989208425017,0.10378764039049775,0.10101434278718104,0.11099585284022268,0.09061491810917974,0.09646214783779544,0.10871683612218139,0.10099979237767057,0.1018326209236259
2.5925925925925926,0.08587655781344457,0.10156609058520388,0.10501117797722571,0.10185369374963488,0.11132668832235396,0.09059466043160336,0.09744408221000948,0.10918741051107943,0.10013425744540727,0.10193303707959134
2.6026026026026026,0.08670979651042421,0.10097350382054263,0.10527199059298542,0.10162259736987979,0.11176426632606792,0.09129427120578346,0.0978326036826132,0.10981407455102836,0.10016053612573371,0.10205212942711246
2.6126126126126126,0.08653356000686573,0.09935423317459872,0.10470489290474741,0.09993622292938716,0.11065097509401861,0.09185153600302638,0.09685178584923405,0.11057023951377604,0.10051760514724155,0.10126186845976197
2.6226226226226226,0.086072899759851,0.10073187480806087,0.10399651994523317,0.09851265083954454,0.11058489952949821,0.09258221302227891,0.09620927833992407,0.10918791421034803,0.10111018377424437,0.10154443883248271
2.6326326326326326,0.08603266922685873,0.10084241200304989,0.10364704477699022,0.09846721366063804,0.11029543866116151,0.09163865384052511,0.09595418510064392,0.10822552166528111,0.1013563770833755,0.10070808310581157
2.6426426426426426,0.0866988512256121,0.10058247888756493,0.10360874100991724,0.09759169901932375,0.11068635272839202,0.09211927861260208,0.09585072160403607,0.10766280294083473,0.10082525638990901,0.1003534015434907
2.6526526526526526,0.08661176067533832,0.10131230689356951,0.10470479813821705,0.09871710975314743,0.11011070956676575,0.0913343174049145,0.09486753554498227,0.10868261320802021,0.10140032427465567,0.10138040882298065
2.6626626626626626,0.0870061380690035,0.10022794623937008,0.10567510763744004,0.09920189127466976,0.11051754358789408,0.0916021430071433,0.0948872275508718,0.10912292539911493,0.10115440253220574,0.10161268417038537
2.6726726726726726,0.08695542156303965,0.10069887616199344,0.10532728953620492,0.10141205388186456,0.11006353913246081,0.09201163589281491,0.09469453850682033,0.10845977329564621,0.10116778793030548,0.10235648054511894
2.6826826826826826,0.08596381078551292,0.09997782833082508,0.1050617170597967,0.10169352387187235,0.11042796430425632,0.09307446845127232,0.09373111484165561,0.10883944826867065,0.10217187333979826,0.10258673790590664
2.6926926926926926,0.08778311963833685,0.09937196583106825,0.10503622265875719,0.1021831388228764,0.10934201480963125,0.09377002278168738,0.09260380711720893,0.10782887679416875,0.10250645510856245,0.10280645956807262
2.7027027027027026,0.0894411678904426,0.09874299564085441,0.10635822789652945,0.10244104309749154,0.1095923593780399,0.0945897103414808,0.0921551800417406,0.10792204322249765,0.10299210763087285,0.10489524488878796
2.7127127127127126,0.08964326553070491,0.09964837218493663,0.10604897605411333,0.10391603915176886,0.10802393888843734,0.09481663185633418,0.09233824678431662,0.10867892320775821,0.10134946631055584,0.10466639928680095
2.7227227227227226,0.08915870395548071,0.09969969442278634,0.1058681061456208,0.10411441179774565,0.10901705246875038,0.09319005114569123,0.09165156960239991,0.1096820304815439,0.10170346963925438,0.10536831251095201
2.7327327327327327,0.08973249984170582,0.09815365399509453,0.1066234679558676,0.10476924581469084,0.11014083020336891,0.09238495035533849,0.09210614306496043,0.1098581114307731,0.10115757604530345,0.10460952552268142
2.7427427427427427,0.0897664064677341,0.09871790894914992,0.10592554971818746,0.10381465534464736,0.10984261389951627,0.09192337265617989,0.09287900726561248,0.11022935766908705,0.10109768364984131,0.10541528669825384
2.7527527527527527,0.09090276571078314,0.0985568325774851,0.10552338220226704,0.10292653578033552,0.10858874077672076,0.09132606860287713,0.09250130294405962,0.11050904819537342,0.10000207283474152,0.10597141784635475
2.7627627627627627,0.09155029927513145,0.09899722891233688,0.10645336058411374,0.10260363846458925,0.10857411703522285,0.09023989629263643,0.09297942435227252,0.11140584650837747,0.10136991026580419,0.10444829714830763
2.7727727727727727,0.09142318321203441,0.09923169848403628,0.10632095056242895,0.1016993604897589,0.1080342270595358,0.0905044441340613,0.09277148753805559,0.11143415959012204,0.101454859624765,0.105472720426071
2.7827827827827827,0.09126382464181522,0.09919578374400445,0.10743897756476171,0.10084393586013708,0.10850675541687883,0.09090691246829746,0.09342771269757902,0.11142321980396785,0.10186657914124057,0.10540917989584367
2.7927927927927927,0.08998601629745963,0.09809336532008053,0.10756383166523095,0.10078123133836432,0.10764908732379536,0.09048079751248003,0.09251496328850745,0.11067120885326187,0.10244063016796157,0.10438353827094954
2.8028028028028027,0.08931761799491705,0.0976623544051414,0.1077498782533631,0.10047864808647186,0.10873573977210929,0.09126268096813431,0.09257211309675036,0.11035354940123883,0.10206349309728006,0.10327723096963545
2.8128128128128127,0.0895187718105877,0.0972422239860362,0.10780235094520571,0.1012136338978479,0.10825729659048283,0.09080531152835068,0.0913297996442678,0.11076388701724346,0.10226471447228869,0.10369936782918299
2.8228228228228227,0.0895196192803712,0.09657793016199538,0.10623362249470687,0.101307222131552,0.10900641076626887,0.09047214251715709,0.0934935730977597,0.10993895868416909,0.10327784622929494,0.1034109557974686
2.8328328328328327,0.0899670596896799,0.09763280443741543,0.10611937464864823,0.10174198527993482,0.10927255062954762,0.09042256815620882,0.09405524409422213,0.11145984677434294,0.10281856656696339,0.10433837503216116
2.8428428428428427,0.0895545211874061,0.09772821374191762,0.10618727470473709,0.10266768794896657,0.10961039801866646,0.09065396198417375,0.09463973324604866,0.11038159144760851,0.10366811372642258,0.1044619055410362
2.8528528528528527,0.09068159310219032,0.09718738493525711,0.10488194701838259,0.10261805614474223,0.10833198965998415,0.08959018194151128,0.09478732797056406,0.11216723996011338,0.10351615477962989,0.10424595676766704
2.8628628628628627,0.08966027585322871,0.09711008077333405,0.10487335284592736,0.10190349139362208,0.10788527111688175,0.09048033113716736,0.09378510317442741,0.11125102300749491,0.10316126736093002,0.10425681381012548
2.8728728728728727,0.08919687875650191,0.09713240120904147,0.10528682897005767,0.10184507416418384,0.10852888167434285,0.092268919839567,0.09427877273545518,0.11098100645421166,0.1026952305478603,0.10340979170450365
2.8828828828828827,0.0891803025741821,0.09654358574839703,0.10477850150371203,0.10130170674242671,0.10870820409729003,0.09232455411467279,0.09355894594165697,0.11104450139527208,0.10208658304066053,0.10300444478809923
2.8928928928928928,0.08907304261004091,0.09724299747705764,0.10495377431626648,0.10146068906623743,0.10960043447173168,0.09355166349521493,0.09379874109066731,0.11058505316312947,0.10143209232106536,0.10276034561432146
2.9029029029029028,0.08797364221452982,0.09556691427239182,0.10480118048716322,0.10203153646607031,0.10929457106519191,0.09241701281995726,0.09299052603023078,0.10983249590884002,0.10250799224351005,0.10322311828053544
2.9129129129129128,0.08954822898676332,0.0957897809938339,0.10590233424834321,0.10239650038114538,0.10889734502591703,0.09212005906591655,0.09404438581501183,0.10990559855176793,0.10296814499552939,0.10386400534479172
2.9229229229229228,0.08989684392401791,0.09555142124515792,0.1050706619089849,0.10298349714754432,0.10868510023911715,0.09150367658249312,0.09348177082222167,0.10933210251200344,0.10241129343547543,0.10571056260716541
2.932932932932933,0.09093545560959693,0.09646367496838507,0.1056769349785466,0.10347015413318196,0.10980944633141936,0.09136738790392594,0.09468744253435141,0.10902020163607974,0.10346808311368057,0.10474818435964423
2.942942942942943,0.09125670364513068,0.09560216230724718,0.10499314813437065,0.10382747706382288,0.10852006452722342,0.09083643427232523,0.09431720909296086,0.10978605250840277,0.10249089960264357,0.10453924083417838
2.952952952952953,0.09142682961726735,0.0968054098914906,0.10489061568332006,0.10315147037863187,0.10986666356645672,0.0917584730457359,0.0941368231934709,0.11117642672484228,0.10397145488807043,0.10309807595652602
2.962962962962963,0.09075219262236997,0.0966670896554869,0.105637501413312,0.10184264802792749,0.10988840566694032,0.09254423064270939,0.09312664570504826,0.11073768885390892,0.1033053808186304,0.1040862923445221
2.972972972972973,0.09025440814030547,0.09709211655092308,0.10666455778254012,0.10190301355860394,0.10778035479369195,0.09272571509494153,0.09276857686872962,0.1101815880112634,0.10362244091766118,0.1046466956333188
2.982982982982983,0.0906415487243729,0.09697469400648087,0.10508506475516555,0.10116205634138885,0.10902641742437524,0.09294505883922655,0.09343627186902317,0.10957149787863973,0.10321215333322381,0.10401619060147532
2.992992992992993,0.09143024839626303,0.09646895036175321,0.10413509071706345,0.10050804479236683,0.10865947802015036,0.09374549536970109,0.09319998693291213,0.11031638603346486,0.10333651927483194,0.10325217717527223
3.003003003003003,0.09203581357764967,0.09754851644125086,0.10529431332325719,0.10015056952651426,0.10968882768559346,0.09345838625753237,0.09341276899301885,0.10852337229821303,0.10338924247474686,0.10369614039409017
3.013013013013013,0.09241234174744643,0.09815268234164656,0.10599862999145913,0.09895897750542641,0.11133584814794271,0.0940021681833208,0.09348912391007072,0.10786328466606612,0.10432749065654973,0.10334371833395836
3.023023023023023,0.09225630668749077,0.09681080719539863,0.10637337209822835,0.09850439219714015,0.10971059564708095,0.0926892801362718,0.0927032524979863,0.10874203387837546,0.10484991859717734,0.10327169999299561
3.033033033033033,0.092958726938402,0.09826267111964054,0.1054881693194553,0.09965511669454107,0.11043278509880966,0.09311994019884309,0.09253486403019179,0.10939690217325573,0.106416557413533,0.10378899425080526
3.043043043043043,0.09264519485951722,0.09870078493146374,0.10681122430485114,0.10111766466914857,0.11072136299443884,0.09224699720341506,0.09237817866304646,0.11044870728904471,0.10641451850368479,0.10425147422836223
3.053053053053053,0.09269328330030244,0.09882397622803657,0.10841559704281027,0.10185962417920935,0.11043933221081531,0.09179671682584203,0.09336825348163172,0.10931921639682722,0.10665829776826775,0.10420407762199844
3.063063063063063,0.09269726314090954,0.09800585540123456,0.10797927267765188,0.10039825370591648,0.1100481206728317,0.09126185614591788,0.09362084835314835,0.10753539162487774,0.10445969213848194,0.10459723415706752
3.073073073073073,0.09266466167828699,0.09722867916218954,0.1089403325234887,0.10066623148314699,0.10861532956834698,0.09104920425568484,0.09415498784925962,0.10659225192953076,0.10485813930059497,0.10461847370803087
3.083083083083083,0.09279981390585015,0.09998139942593794,0.10914038718713868,0.10085640314669261,0.10838972626684108,0.09102263222729368,0.09441059176042475,0.10650441534708445,0.10537549547381497,0.10493845788027584
3.093093093093093,0.09328414862156756,0.10051567851855522,0.10962444672468094,0.10135817453570864,0.10753646028269845,0.09122086064156384,0.09436576756776054,0.108173389636574,0.10377219301228752,0.1066923400663714
3.103103103103103,0.09262342498268408,0.10144380616805003,0.10995488132034574,0.10083665837986079,0.10674065892202216,0.09207556171796447,0.0946201462785905,0.10919816265620609,0.10402629909031383,0.10683821123260157
3.113113113113113,0.09279743939314053,0.101668862812342,0.10984069675991984,0.10075438364378789,0.10762168232488964,0.09185780695615817,0.09392450692347745,0.11032528242429995,0.1051933560947139,0.10606104157559068
3.123123123123123,0.09239972243314817,0.10280431470378286,0.1101507962296167,0.10104161882558803,0.10719103191846298,0.09106895332744645,0.09538993971913597,0.10936759542838292,0.1045015632999411,0.10647358097370806
3.133133133133133,0.0917390047179967,0.1015815487164073,0.11037479355070336,0.1012091377506261,0.1073603406971478,0.08976033310137581,0.09401599598227013,0.10989959571799503,0.10500387115531848,0.10590398150603547
3.143143143143143,0.09347427414192912,0.10181449000492925,0.11128100648050639,0.10208871441892285,0.10776433228623115,0.08807549282887829,0.09335128958232078,0.11002810106198001,0.10464800319976592,0.10581173099655242
3.153153153153153,0.09413355451016589,0.10278929682050585,0.11267473842585243,0.10350423995244719,0.10684441052989649,0.0886530216544268,0.09419467495051473,0.10873035439379457,0.1053214117881256,0.10601911165223012
3.163163163163163,0.09482802383349968,0.1020439033962796,0.11249937610247242,0.103427084187389,0.10550372620453832,0.0889089597076187,0.0950997462028135,0.10849630187550183,0.10483449011257817,0.10435213824707192
3.173173173173173,0.09506242697230805,0.10232480229446016,0.11101313370825,0.10201689500713887,0.10613867396363774,0.08921171189593402,0.09489587773001412,0.10865138984383028,0.10483061192747803,0.10398609895068317
3.183183183183183,0.0952471580383839,0.10177588043363343,0.11086423697168614,0.10110739638616795,0.1063628267442227,0.08886999591924898,0.09520542208567681,0.10830343702534469,0.10490592630260127,0.10351552517093529
3.193193193193193,0.0950326469194155,0.10138299330578698,0.11025313200371475,0.10189173980446149,0.10574723199790131,0.08904764227138667,0.09472021468812664,0.10913004337908278,0.10298240661543677,0.10448594256013966
3.203203203203203,0.09522759344191441,0.10072649156051888,0.11083317552537904,0.10159989818639477,0.10752419909410725,0.08947621122705607,0.0952254240293577,0.10994834548989427,0.10356118771708726,0.1044189242101988
3.2132132132132134,0.09577078059142022,0.10073992519532377,0.11098425656877506,0.10074486485006687,0.10650728712153573,0.08916402059047115,0.09485911965317546,0.10972490642475692,0.10340126928192266,0.10538612587090365
3.2232232232232234,0.09577053288972133,0.1015418158220281,0.10857040909040268,0.0997530084658537,0.1078634309382954,0.09032056143006302,0.09575070451930873,0.11004487831337868,0.10186515360392664,0.103951172784307
3.2332332332332334,0.09617047216322029,0.10046656681588355,0.10831677309523224,0.09998715198440891,0.10689584191907779,0.08989773900103948,0.09560971226307388,0.10943609108243456,0.10146379756142661,0.10434860014626422
3.2432432432432434,0.09648774042267584,0.09913495627476537,0.10773962929974944,0.09938227396835436,0.10680263866422997,0.08852774135479186,0.09556147683947538,0.10905258233717212,0.10066367441728363,0.10529287555806327
3.2532532532532534,0.0959406786663873,0.09921727917679245,0.10767193849926482,0.09933286326572566,0.10679086346480421,0.08900883856031616,0.0954024068094812,0.108883092629149,0.09940206685513792,0.10627070891165581
3.2632632632632634,0.09521066301739547,0.09945701417021628,0.1068727942298754,0.09818785428935996,0.10789214384804194,0.08982833353291843,0.09557045881767877,0.10924630813626798,0.09872610515656871,0.10585370071580413
3.2732732732732734,0.09525025789995648,0.09885612555744143,0.10563198345416129,0.09758792564337931,0.10788909959957284,0.08878728771612664,0.09705230746048346,0.11005471597592703,0.09902151902257303,0.10431485842957623
3.2832832832832834,0.09480077418343866,0.09819669514487411,0.10555307238897857,0.09746812149654417,0.1073228487820527,0.089348604866784,0.09697141107637187,0.1118348856471378,0.09939321056006871,0.10414586990795341
3.2932932932932935,0.09372609908341331,0.09941010864409126,0.1052449709763822,0.09783788339353895,0.10646435475273769,0.08977369298340655,0.09745473025257362,0.11138965918114882,0.09961287965483169,0.10392104534563215
3.3033033033033035,0.09422468244656844,0.09879101970191252,0.10407730598232481,0.09767090567025231,0.10619599828209345,0.09020243135386631,0.09816104997907711,0.1109248925279756,0.09979315980245602,0.10415899513472061
3.3133133133133135,0.09415060290948986,0.09884264272237127,0.1044169408174033,0.09794031993708237,0.10523399198208555,0.09036070527076365,0.09703256170389515,0.11245018755868527,0.10106729581773562,0.10335586148041018
3.3233233233233235,0.09308705652038238,0.1004165832493243,0.10614807642783868,0.09878072797599562,0.10491052941641958,0.09077287043595748,0.0966906476656695,0.11288948918436797,0.10117125051836129,0.10334620534048326
3.3333333333333335,0.09291076445127394,0.10139677248163982,0.10633515506802156,0.09781921797674509,0.10355375307863057,0.09014313126308375,0.09680085263085401,0.11322649743304873,0.10162888223698421,0.10459532351333736
3.3433433433433435,0.09286459000320067,0.10162967098212178,0.106108224505621,0.09860164759009261,0.10364059834779529,0.09171214197582497,0.09729038487390292,0.11327692746929532,0.10194795998157881,0.10500197163251815
3.3533533533533535,0.09169624153314483,0.1012219975258106,0.10612908746061026,0.09793019830414113,0.10279976117763584,0.09137274613579634,0.09637542767120638,0.11359399468078579,0.10129614894706551,0.10538829861800257
3.3633633633633635,0.09185721157042666,0.1024644410177158,0.1051886982529385,0.09781218603907364,0.10176007421479609,0.09305030892775082,0.09805432759494306,0.11222049518471695,0.10056867371696884,0.10634360679215395
3.3733733733733735,0.09198770280710579,0.10315964218909504,0.10426357237816354,0.09840642208212463,0.10158862638139658,0.09339369688313354,0.09741446815162597,0.11177995215094604,0.10120691444140041,0.10656637145150942
3.3833833833833835,0.09170101416766463,0.10322760825453527,0.10439005687205552,0.0979064165683019,0.10197295475730264,0.09433029155894393,0.0984000791189118,0.11144497432704036,0.10195277454890149,0.10520826537418712
3.3933933933933935,0.09122961680168312,0.10390149548116057,0.10379696339465537,0.09756186944987376,0.10206331808476612,0.09578130015086218,0.0977486127362822,0.11150250129841811,0.10303914303846866,0.10467512740064998
3.4034034034034035,0.09153822266847834,0.10395505095872606,0.10384347565238927,0.0978681095702451,0.10154254446201524,0.09618572313271478,0.09688841650859024,0.11128679491746063,0.1015110378565319,0.10316031945416916
3.4134134134134135,0.09125334056843672,0.10500267066118953,0.1050085637675185,0.09812890215694879,0.1024889183611508,0.09646933102654524,0.0965074534109719,0.11103514732002233,0.10098625770992316,0.10286224205777816
3.4234234234234235,0.09059419855355921,0.10632968009121675,0.10516371506454211,0.09655591304108041,0.10268226214511793,0.09638143980643678,0.09637910260290328,0.1117502698115719,0.1012293189322738,0.10245184606225542
3.4334334334334335,0.09200740555665587,0.10674900989370881,0.10416714248963829,0.09648930151182293,0.10236702933153294,0.09671080216774791,0.09725476555844352,0.11084444486990207,0.10053683475236452,0.10199593781320997
3.4434434434434436,0.09019784674062513,0.10522270349879627,0.10339494408248331,0.09644681703475015,0.10317064285675558,0.0979525327702675,0.09649996692824227,0.11065889822088043,0.10003108105116466,0.10224254223470855
3.4534534534534536,0.09014748341652916,0.10451166423351504,0.10391515149838604,0.09738060844134673,0.1019164315525044,0.09684788013730719,0.09667734411374676,0.11174282614571396,0.09957475393835034,0.10337284092321192
3.4634634634634636,0.08869589712929196,0.1034443481315313,0.10351567496384521,0.09739623313566913,0.10218701850058769,0.09697712047617248,0.0957392058893594,0.11044989984122296,0.09940793964046632,0.10230908646747695
3.4734734734734736,0.08952471401633151,0.10377930361606552,0.10327306269794159,0.09781300877995149,0.10201410240765603,0.09671697251390068,0.09547653438733457,0.11146200036927484,0.09902994071621103,0.10051804062682303
3.4834834834834836,0.08988276252551725,0.10459477753856344,0.10159100471427973,0.09770770395134516,0.10104471731696817,0.09584110247671085,0.09529962179904634,0.11265693863396174,0.09863291897420166,0.10100432530809401
3.4934934934934936,0.09013584656607176,0.10495722494438467,0.10162197884913814,0.09728408672899651,0.10153886349860634,0.0950862041984362,0.09545514003893622,0.11206555207107251,0.09855132571764244,0.10163056765931494
3.5035035035035036,0.08923090626164042,0.1045653778370848,0.10210983871912101,0.09729189755862915,0.09987188980557311,0.09441324421701047,0.09490446773905627,0.11233834644284496,0.0993597903203887,0.10111385599037685
3.5135135135135136,0.08994049004568998,0.1034586115909091,0.10295939433390085,0.09662796458289677,0.09868232989235592,0.09585730786691993,0.09583220658448818,0.11247989848222718,0.09992752883967992,0.10034850274373958
3.5235235235235236,0.09023611119085298,0.10429202459876867,0.10289491983163614,0.09802571270343166,0.09792709575620658,0.0959395195089377,0.09689534200539941,0.11121909630334398,0.10023602602180377,0.09848298440900402
3.5335335335335336,0.08946287486119069,0.10431852382578805,0.10372534747122596,0.09762754463882542,0.09618943723496767,0.0958281165020671,0.09698110680572408,0.10914482932421135,0.0992934023928312,0.09793556199986138
3.5435435435435436,0.08970591074851608,0.10447811052101078,0.10402706685081146,0.09738211788673556,0.09602064739306498,0.09587870159803213,0.09735744475357197,0.11027612259245641,0.09928753718870961,0.09702294826950157
3.5535535535535536,0.08953899605137988,0.10516417683058593,0.10343903355461213,0.09644419653690102,0.09699539128107892,0.09598176311890655,0.0969057805601836,0.10942868387065793,0.09813713796557735,0.09762235089883808
3.5635635635635636,0.08875049927215607,0.10518267934602503,0.10253651443428514,0.09612882037703062,0.0973273207628122,0.09539638604179876,0.09654174490617282,0.10992159364344638,0.09826479053099192,0.09713309365813876
3.5735735735735736,0.08965014769434514,0.10570983798861926,0.10169813205021315,0.09457778197117786,0.096645042998577,0.09639056623213066,0.09745319279001469,0.1084854580792057,0.09931453970597226,0.09683136071564775
3.5835835835835836,0.08990283584353541,0.10627198370733917,0.10202988742924747,0.09490502120915154,0.09698630769739142,0.09637814476739223,0.09704253897196577,0.1073795068118349,0.09875469216859792,0.09808265013559621
3.5935935935935936,0.09030030319171971,0.10530466111710853,0.10071431711517587,0.09495085035598007,0.09743003615312461,0.09586301095917328,0.09636345149457666,0.10723501598625572,0.1001323350510811,0.09779512825139974
3.6036036036036037,0.09042871956043688,0.10534919835557886,0.1010682351065865,0.09606510659832473,0.09738583711582753,0.09560092913151993,0.0970781284875049,0.10768300418083278,0.10031701014761453,0.09782802656788175
3.6136136136136137,0.08990759863725599,0.10569793400208423,0.10084466493403436,0.09585924698356807,0.09734865334543544,0.09471148810505663,0.09788754732739159,0.10739094384783981,0.09906840154875642,0.09692376426687474
3.6236236236236237,0.09120631147174868,0.10588430994995242,0.10140627275286583,0.09604105167483536,0.09639206821680826,0.094448197202445,0.0980462215331006,0.10867961510301608,0.09821663530318563,0.09667107206011927
3.6336336336336337,0.09063708898556705,0.10520285078873168,0.10203135684381331,0.09628327603614978,0.09617815786331764,0.09474213340048346,0.09864828629306265,0.10937015321276658,0.09958567385454438,0.09561118239185781
3.6436436436436437,0.09047946003977894,0.10533659075061187,0.10197491222854957,0.09675889393585624,0.09626879536832343,0.09515148730406177,0.09997361270642272,0.11010045459274512,0.10018458716630005,0.09589783290515462
3.6536536536536537,0.08940812994619396,0.10652644170618247,0.10218626400978296,0.09641306260559923,0.09648066920951263,0.09472386174086365,0.09871116900790494,0.10901023443352616,0.0990187327789486,0.09639206814061516
3.6636636636636637,0.08883118955213798,0.108012064967806,0.10175270241468265,0.09539912632154994,0.09719051667709068,0.0938546983447379,0.09811742723186613,0.11000557979788368,0.09809452897850258,0.0964810407670483
3.6736736736736737,0.08790723169337257,0.10670428145745403,0.10075916864020189,0.09551681742395833,0.09680918895075233,0.09504586725559873,0.09792956732721479,0.11042781750217283,0.09890587320201644,0.09564516555132158
3.6836836836836837,0.08781685749558633,0.10592413542886576,0.10108110242568097,0.09481891779905217,0.09599649094926856,0.09375553231464875,0.09936884909228504,0.11093512363104276,0.0988727299931513,0.09696488542630308
3.6936936936936937,0.08838078174203981,0.10678683919848181,0.10177127472226,0.09445312462874514,0.09562623387840867,0.09522767896224332,0.09873849325935843,0.11049624624583748,0.09959888610101264,0.0980585190039938
3.7037037037037037,0.08842537900239628,0.10736756439349299,0.10245761282039738,0.0955253330078859,0.09614332938967587,0.09449452975031128,0.09907876522802672,0.1116870118438731,0.09977444313563155,0.097145013060395
3.7137137137137137,0.08880604187424301,0.10823662732840188,0.103178873337411,0.09588039222275713,0.096804891761894,0.09518593070325584,0.0983097211502259,0.11209804244943651,0.10099850899716728,0.09841477913663928
3.7237237237237237,0.08887430931714696,0.10812716766891187,0.10315085116117287,0.09696780488544221,0.0965899398087719,0.09463319285504784,0.09877136026407735,0.11186763574199801,0.10169881195729163,0.10009569916587878
3.7337337337337337,0.08904851579794994,0.10743427156160165,0.1041073939246999,0.0974782330011035,0.0973058748986219,0.0943841310258184,0.0987638613062479,0.11148038145355971,0.10148560057900446,0.10050259333190273
3.7437437437437437,0.08829103511232236,0.10625485155640302,0.10384410716638018,0.0977801007841394,0.09537024285083594,0.0938305417111955,0.09813121515145942,0.1100162372870736,0.10139745760629482,0.09951073271994224
3.7537537537537538,0.08743856467619869,0.10623519741202878,0.10340619053974558,0.09652458400801829,0.09567969219810257,0.09312066260217272,0.09756319905366594,0.10932137743121102,0.10026239504185666,0.10044695427732132
3.7637637637637638,0.08610886719666976,0.10631152070449207,0.10544126276897571,0.09592160866676416,0.09531960613968772,0.09413306876325664,0.09846216048228736,0.10892258158554927,0.10085711630300076,0.10088346655281398
3.7737737737737738,0.0863811317962819,0.10560197233749545,0.10508964055854347,0.09710523131024804,0.09548167103022814,0.09527391114573841,0.09970321487081218,0.10817208305181665,0.10085652784361965,0.10053313392393891
3.7837837837837838,0.08675014688865981,0.1048431777256549,0.10485158038125741,0.09627905639201327,0.09607091821115447,0.09572496528402763,0.1006754834422245,0.10792689119557791,0.10026070406213398,0.10156731078758746
3.793793793793794,0.08697652877947797,0.1043471764156131,0.10433691458632957,0.0952057030446555,0.09588697854434261,0.09595888193347504,0.1031875569366776,0.10886762393634308,0.10078253604381562,0.10145053545712743
3.803803803803804,0.08711289561494986,0.10451992918221994,0.10498178794131187,0.09565156335332126,0.09738152267375737,0.09649499366862008,0.10265357915081262,0.10905723318096514,0.10048247378722468,0.10121752204671843
3.813813813813814,0.08664021641289577,0.10519019424630788,0.10437160291751538,0.09476943756731596,0.09702053657544833,0.09582711140838611,0.101840400958878,0.1091058923989589,0.10150187925033241,0.10082635738933247
3.823823823823824,0.08627334256301937,0.10538965059521781,0.10514638972483906,0.09423117830614224,0.09574873937218226,0.09583679139259833,0.10139707904763876,0.11013081625212336,0.10226211702730893,0.1008595459771286
3.833833833833834,0.08669754900534934,0.10532005089159796,0.10532601359783154,0.09416789811756633,0.09588417310809509,0.0953460084769136,0.10125785798530504,0.10981046151994922,0.10055388029404862,0.10058059153243273
3.843843843843844,0.08719873142571753,0.10556761267069036,0.1047197283976277,0.09420526226041791,0.09554979533954804,0.09541485483406151,0.10132554460767323,0.10978924347961982,0.10186695695784012,0.10106186661546124
3.853853853853854,0.08699889127562296,0.10466801484319536,0.10407875026359854,0.09404969198445758,0.09516430228086001,0.09772971013425692,0.10135224127673374,0.10869565399405129,0.1026486132125782,0.10030829375383839
3.863863863863864,0.08575682081910488,0.10397021840593469,0.10391087473638672,0.09215739449541153,0.09537708143070894,0.0959811910886226,0.1009313566646635,0.10760081187414292,0.10276451057580946,0.101538623912556
3.873873873873874,0.08584670006234514,0.10394783237488271,0.10537966705362434,0.09212066541542811,0.09476932936261427,0.09713609923603361,0.10211768869390583,0.10686562981197649,0.10377829150339701,0.10178317951047357
3.883883883883884,0.08587527391058772,0.10407976932731731,0.10451138493439545,0.09258843490506027,0.09411641004616582,0.09706917538669389,0.10302749506132818,0.10667855276534711,0.10371653599239271,0.10178716562501061
3.893893893893894,0.08700529551842513,0.10281664616200314,0.10489121279218415,0.093859112105471,0.09332101649753415,0.09666366457425721,0.10290048781024812,0.10564026496030651,0.10421587190548097,0.10045927331388453
3.903903903903904,0.08766667345089772,0.1014632742409593,0.10474097515355425,0.09474607645293731,0.09338422519645491,0.09678739807036457,0.10344995173122999,0.10594646308364182,0.10415003969628651,0.10102922827003258
3.913913913913914,0.08826117270500747,0.10161411873634853,0.1038918294230391,0.09415394255165485,0.09393966560934906,0.09656292498331066,0.10364163246789615,0.10762704752156545,0.10471792847686488,0.10056148396736675
3.923923923923924,0.08719195103383447,0.10226527574854563,0.10392359327163665,0.09435081778085888,0.09455410880826837,0.0971986325235597,0.10401597969720103,0.1087297797738524,0.10436515338915538,0.10103697532954677
3.933933933933934,0.08714873533262181,0.10211458069015358,0.10417781581708167,0.09519081760672524,0.0938084570576672,0.09631513153121517,0.10458276844651643,0.10822297246250512,0.10573626155063344,0.1001676400883543
3.943943943943944,0.08650363306332264,0.10137665135909384,0.10567064802376565,0.09534774501081679,0.09452772458637171,0.09735028984063697,0.10470802891708093,0.1078583727989317,0.10549622358423824,0.10035192247620243
3.953953953953954,0.08687229997352698,0.09946749682031845,0.10440604234033429,0.09433716434600847,0.09456203558398742,0.09607152220206999,0.10530525060716933,0.10803283727962927,0.1042141898584569,0.09945727106013158
3.963963963963964,0.08800266164913031,0.0986193189352622,0.10413692805104241,0.09423983348757481,0.09533556867037873,0.09574576540322959,0.10495838746469292,0.10749867844264845,0.10432454553189861,0.09958795615442233
3.973973973973974,0.08773079554784234,0.10012760868570571,0.1053907973588946,0.09390472903679922,0.09636371243908295,0.09514290965969666,0.1038547313276426,0.10737260850770308,0.1049150295130545,0.0995458679881383
3.983983983983984,0.08774240723618272,0.10031747698689542,0.1051237070301984,0.09450002770178152,0.09697712987381893,0.09542515152305459,0.10350759475677808,0.10829660726035037,0.10485359950659617,0.09982016805678413
3.993993993993994,0.08907750174505619,0.10144359232707051,0.10645863240983881,0.09482398982267032,0.09808603786924933,0.0967861641917087,0.10445538935168272,0.10888898319578916,0.10462071041723751,0.10130574129553022
4.004004004004004,0.0889314817227305,0.10175216002882025,0.10646215434048285,0.09512317746209262,0.09717192662193039,0.097090346846689,0.10466255139726839,0.1099402706376245,0.10414005947105993,0.10127912647244006
4.014014014014014,0.09067943144871873,0.10157442789451915,0.10669271931058637,0.09589260061284814,0.09734577364885993,0.09681665140353798,0.10534074281416855,0.10981401671133278,0.10390567601048752,0.1012039671776221
4.024024024024024,0.09063852456659988,0.10342341753314918,0.1064195185342823,0.09728433406716704,0.0966531144060615,0.09673409434930932,0.10435170027299488,0.10986186794005832,0.10432096057542548,0.10039748172286075
4.034034034034034,0.08994100946849275,0.10342569518025921,0.10604735517863813,0.09701934269922731,0.0954997152889392,0.0967692637719931,0.10426310418632444,0.11179053782267925,0.10426748412878535,0.09957241693590553
4.044044044044044,0.08977519512566835,0.10312013570793438,0.10576282381642363,0.09714871111922839,0.09617694932570336,0.09828205952319051,0.10405905374378852,0.11236511179901129,0.10615554284351149,0.10143595652501627
4.054054054054054,0.09125384301699946,0.10400125589827379,0.1062613448362594,0.09627960198385614,0.09523176325969906,0.09899790744371018,0.10419152187362948,0.11221648188334257,0.10674997080507911,0.1015624189116568
4.064064064064064,0.09122364454769041,0.10339665317168747,0.10693837368149237,0.09521961743133849,0.09511408140108218,0.0995331450283067,0.1049280392318106,0.11239677145592775,0.10674585613306302,0.10145250082934737
4.074074074074074,0.09089404206414398,0.10282144617568541,0.10810717454862999,0.0950619112338901,0.09301080196246399,0.10010075680452458,0.10511139858423987,0.11249688290927072,0.10534883432208089,0.10051099887637985
4.084084084084084,0.09073128063727355,0.10249165914493084,0.10768056589627326,0.09419306785382009,0.09381499870994425,0.09945181779046774,0.105377569710833,0.11037066622881231,0.10653355416328635,0.10053754546889655
4.094094094094094,0.09095052687848348,0.10262352088858454,0.10814214966922707,0.09388128918635477,0.09381619441935019,0.09821114494301789,0.10633409867172672,0.10970256561485256,0.10678669848406062,0.09975191404589927
4.104104104104104,0.09063117378575047,0.10214378062582025,0.10726274076813337,0.0942137391525866,0.09399275266309913,0.09991085639192944,0.10686338791169865,0.10879171911584666,0.10646393830317666,0.09905945435250799
4.114114114114114,0.09011228671662044,0.10221296722236316,0.10669305797247741,0.0956381474201748,0.0947518302977695,0.0999110934813688,0.10691456016448568,0.10996226573055237,0.10773772690955684,0.09924733311966959
4.124124124124124,0.09058414768235915,0.10299483917700403,0.10736348812025191,0.09504203277131786,0.09490617295458084,0.09977756889554941,0.10675164683136124,0.1101485852181873,0.10762850744225178,0.0995868245971961
4.134134134134134,0.09090090481657086,0.10291143881364125,0.10763540252665607,0.09593579901179926,0.096041476072556,0.09835132020920746,0.10732881218685955,0.10927060727591355,0.10779542732432819,0.10151339113496904
4.1441441441441444,0.09106823099277227,0.1024744408725265,0.10682853372814474,0.09525464182358792,0.09541619514929162,0.0999390920693344,0.10782851496779004,0.1086359503660137,0.10709250786607351,0.10100668699074489
4.1541541541541545,0.0907891796958297,0.10190777661836353,0.10711970289347168,0.09601610054731406,0.09426890825774864,0.10115942539011424,0.10613400705189109,0.10875690603030169,0.10611204920274579,0.1009275157461246
4.1641641641641645,0.0902609916668459,0.10268386265859104,0.10794247216631647,0.09673852222808826,0.09442407433433946,0.10158936450097199,0.1058665654314526,0.1092931661741363,0.1070623982092231,0.10137376262035593
4.1741741741741745,0.08946271284970589,0.10246523741263436,0.10803962068776411,0.09689039565470738,0.0935234700328624,0.10175138585035577,0.1055552580398639,0.1098565354094405,0.10629212612210419,0.10188956911705759
4.1841841841841845,0.09029289197727965,0.10415007951533935,0.10862684810991573,0.09662155583614432,0.09450632233089985,0.10285181027591453,0.10485269555045239,0.11030088255769016,0.10588420051141295,0.10182723973468287
4.1941941941941945,0.0895266334797691,0.10515224918419959,0.10834169582452347,0.09498733629823178,0.09476892860981327,0.10215803828938654,0.10442762892098671,0.11025033334160837,0.10677419189485061,0.10074788349448302
4.2042042042042045,0.09061605297901819,0.1052504268671946,0.107665492394326,0.09373178014048297,0.09580453537179284,0.10140961004948261,0.10494322870509726,0.10903529419422711,0.10785343447054528,0.10051053195233736
4.2142142142142145,0.0914301261333647,0.10530005021253012,0.10712795064445699,0.09437402859625567,0.09594556798763168,0.10192031421678782,0.10496755571166405,0.10950365814522257,0.10709391241521413,0.10024249170022284
4.2242242242242245,0.09100717351490914,0.10513970044910127,0.1069871401256954,0.09476600609914092,0.09428525313538744,0.10280322212401072,0.1052466195644832,0.10923341553789671,0.10770899669278915,0.10012112624597638
4.2342342342342345,0.09099455948578325,0.10462350558408337,0.1069943095412207,0.09400187000024676,0.09467932147434183,0.10296635570666374,0.1049610764413796,0.10860115359846921,0.10772745472101217,0.09998337704190832
4.2442442442442445,0.09045065469440451,0.1055823367488294,0.10688014788420871,0.09373152537634466,0.09437760114223988,0.10217403616678959,0.10425207807493184,0.10848074278164076,0.10837099255030416,0.09866362938578148
4.2542542542542545,0.0930625430753798,0.10600519452051387,0.1084220126346613,0.09321468341778245,0.09431465107945324,0.10269507721813402,0.10408530587756343,0.10867622473760148,0.10719901077962024,0.09803806617753147
4.2642642642642645,0.09299474520121882,0.10687825574534031,0.10970218802377049,0.09302496412118239,0.09516352574930832,0.10144963467329388,0.10380994271516344,0.10898380401767203,0.10794627085681288,0.09745016157586363
4.2742742742742745,0.09143158220480192,0.10686367430866021,0.11123480572506983,0.09156586094426364,0.09570159435579863,0.10095338449797209,0.10447860136359052,0.10905386183113919,0.10827271062453388,0.09668037527660976
4.2842842842842845,0.09143693324813951,0.10777516674212091,0.11120301051959981,0.09197942044827379,0.0953568999715521,0.10079083724598478,0.10492871872132449,0.11027751445179278,0.10720439851009132,0.09627582130608693
4.2942942942942945,0.0907791065320976,0.10837982334867535,0.11120666425358487,0.09184792903477688,0.09731550239116166,0.09994080551847681,0.1033093776286149,0.1098748592154772,0.10613831835601249,0.09705255685593335
4.3043043043043046,0.09000220283154016,0.10891095569463516,0.11118332876198635,0.09107223267599397,0.09747185805120925,0.09939027559789454,0.10359467887811193,0.1109184964717834,0.10723281045240278,0.09707584554252521
4.314314314314315,0.09134813784751776,0.10954033622058158,0.11171234492405434,0.09063077279153875,0.09737278421272276,0.10002087207785369,0.10437194838178428,0.11105004335231068,0.10837714139974294,0.09720470918977633
4.324324324324325,0.09082256650114942,0.11071389350315484,0.1121789299058405,0.09237546044270789,0.09635413944536274,0.10112176766411621,0.1046744187987013,0.11008507127347374,0.10802998903500977,0.09706059687271969
4.334334334334335,0.09057812200256646,0.11101172123195215,0.11248807102987259,0.092689912935117,0.09588757155139242,0.10125639987349301,0.1056296378633306,0.109874114867988,0.1065402399468087,0.09748328697696672
4.344344344344345,0.0915426688220953,0.11163161975476563,0.11403073433806382,0.09218080213438214,0.0964643192600173,0.10113838908867663,0.10591439510477897,0.1098889569926023,0.10622211547950379,0.09799790168815185
4.354354354354355,0.09191148850968771,0.10954351174958984,0.11293253425756807,0.09240817324608769,0.09637978134268202,0.10090670903964201,0.1066364658143683,0.10959314592313735,0.10683061203781447,0.09905697577152928
4.364364364364365,0.09194497406341536,0.10931946572541158,0.11315883809825253,0.09311823838063986,0.09705073003665475,0.10174496589588598,0.10731437331333912,0.11013590441141693,0.10540990475022839,0.09956477479054558
4.374374374374375,0.0937782468737703,0.10855087337484835,0.11358256325041165,0.093156924993854,0.09665703895930121,0.10264218054986739,0.10848649983039814,0.11016219974757471,0.10491458866009866,0.09924956894023584
4.384384384384385,0.09433984106251068,0.1087649810237754,0.1133731355051131,0.09368962727355393,0.09517129147629197,0.10386538656145546,0.10843072053730703,0.11156898230622572,0.10435336283965785,0.09954142195454002
4.394394394394395,0.09406852449685783,0.10863754902764451,0.11351523019867714,0.09356504337681731,0.09518179101693881,0.10411185337763439,0.10738538828881582,0.1124626867768579,0.10507515672132958,0.10032393342626483
4.404404404404405,0.09334100890578835,0.10835522668547423,0.11254336299633652,0.09482389940619318,0.094859933420308,0.10448276020255967,0.10777446785778709,0.11261568997492662,0.10613357100921741,0.10064612635310419
4.414414414414415,0.09340245237272028,0.10816048595949028,0.1132773157434542,0.09356529815039727,0.09409312613360266,0.10407264953503058,0.1080959324331866,0.11267511067200547,0.10557364065776093,0.10219016835194879
4.424424424424425,0.0934977944123232,0.10860860120937021,0.11412350136132014,0.09367553463278719,0.09412321286200646,0.10449893601286023,0.10855421931036574,0.1124869889278545,0.10603352910026106,0.10174766630949955
4.434434434434435,0.09443783538929797,0.10875253256823168,0.11262414696426627,0.09572812711432112,0.09382806247700681,0.1035123636934557,0.10861488800153843,0.11317208468602334,0.10541219848118753,0.1011595639362379
4.444444444444445,0.09541828143283398,0.10821595381345232,0.111753752728099,0.09588218160062703,0.09538590581412207,0.10323830842085828,0.10840224510234912,0.11318811323518059,0.10556180812308302,0.10117374133609845
4.454454454454455,0.09558443297415267,0.10840677074659141,0.11160137560346141,0.09450005383839084,0.09625540627200056,0.103802983162321,0.10757791856141817,0.11414004379077766,0.10610096704640327,0.1024066283619834
4.464464464464465,0.09514244250228052,0.10899876670360302,0.11164560847669013,0.09540092507571082,0.09631798298188504,0.10400317772378444,0.10948752989010258,0.11370283736190148,0.10571601418826689,0.1024530173906473
4.474474474474475,0.0960029999203824,0.10919040595471743,0.11102703914997765,0.09698491749937642,0.0960352817154397,0.10426540609979178,0.10857638267517185,0.11313668090249236,0.10590638897311938,0.10234431143151414
4.484484484484485,0.09627933154526107,0.10837093123059266,0.10992959956339135,0.09876746406239086,0.0960703506310163,0.10343005189944547,0.10938089946205391,0.11160613997346458,0.1062644289747359,0.10101751787883356
4.494494494494495,0.09752948653730996,0.10781615021125733,0.10959483804519454,0.09808272062987547,0.09520654132669418,0.10410801566001487,0.10986604826943241,0.11069626568251806,0.10679380361114107,0.101438737498603
4.504504504504505,0.09709340027398562,0.1070554375076552,0.10928160195787202,0.0985930094145106,0.09578681436404896,0.10488871170558611,0.10899950208468155,0.10864603859408484,0.10686246911068238,0.10169426416540739
4.514514514514515,0.09875549627540732,0.10749602455032857,0.10966920079074331,0.09840522601517841,0.09460265801701485,0.10497565935857602,0.10956244706730012,0.10729635322927353,0.1060659027653202,0.10105123721370489
4.524524524524525,0.09788020210210906,0.1073234095267934,0.10969865089223665,0.0995486347472655,0.0947886522780284,0.10498014163135083,0.10964178519293673,0.10901582780235577,0.10541467965873924,0.10093739663238564
4.534534534534535,0.09766124186165213,0.10663660863777719,0.10928897967604782,0.09831881219554474,0.09420500974539904,0.10512393815517514,0.10960982032157018,0.10851968370319683,0.10531991121711609,0.10236549889327329
4.544544544544545,0.09822381971306603,0.10538447977383103,0.10888507259651892,0.09818060332384897,0.0931813325884109,0.10488490980549343,0.11080486998696853,0.10758261299647656,0.10627692983962203,0.10257670963468529
4.554554554554555,0.09838927626571689,0.10483880939676653,0.10939169953935791,0.09821564967644188,0.0939533226529442,0.10538928740277885,0.11026159897775045,0.1083799748523606,0.10616706460670017,0.10295183558557033
4.564564564564565,0.09790719703684397,0.10436836410763592,0.10960887555207025,0.09885141178909428,0.09382289006789926,0.10606558130188821,0.11147337199275147,0.10649692768958477,0.10563484246533017,0.10278747770980658
4.574574574574575,0.0968223324806393,0.10495057820310999,0.10982081802756402,0.09965373467718583,0.09316809550839464,0.10617601249188657,0.1116306099777199,0.10698455455348363,0.10524072363317263,0.10245042121280534
4.584584584584585,0.09669691531924608,0.10577776823326732,0.11107955374714168,0.09893032255459572,0.09232884524132333,0.10569732531072598,0.11061936758648,0.10759600516444633,0.10586331843726383,0.10251582766751595
4.594594594594595,0.09763777832729774,0.1065447387690492,0.11130729262458686,0.09882304530167028,0.0922028030211033,0.10582742020503862,0.11101461248996748,0.10723513855415868,0.10553884027374341,0.10206703796509632
4.604604604604605,0.09767438315160551,0.10719523006609355,0.11085702754818194,0.09911560600624782,0.09206798872279282,0.10583301924715681,0.11268835817888317,0.1073275102271534,0.10517834288547488,0.10103345862962841
4.614614614614615,0.09800254028486441,0.10670757694810397,0.11126831488556652,0.09814037418499973,0.09286240575061565,0.10593911162569666,0.11231775162915619,0.10659881071997229,0.10551933748220903,0.10102797807732924
4.624624624624625,0.09797477279963607,0.10657447348143974,0.11072823149719929,0.09931927801761152,0.09321394691162285,0.10596318007628304,0.11102918794711378,0.10749929458593428,0.10476130266826697,0.10045509113667869
4.634634634634635,0.09763974166247436,0.1065041256580662,0.1103725845077856,0.09927993277096411,0.09241590663043704,0.10629957387933649,0.11028578312812436,0.10869399338138705,0.10429053675930802,0.10070857943238232
4.644644644644645,0.09812127425909158,0.10662997993878498,0.11074131297527204,0.09984650409478817,0.09256627405953023,0.10665399519700285,0.10988912253137474,0.10928107637247084,0.10295649677617391,0.10116883525940373
4.654654654654655,0.0991760248923993,0.10664009624100143,0.11048800956129327,0.09908198331294331,0.09362379429480452,0.10643808651681325,0.10879216034629695,0.10865217259818222,0.102350283203846,0.1019084511524203
4.664664664664665,0.10009574619917117,0.10705353023804567,0.1102797096219671,0.09894982251492658,0.09421055496416952,0.10786074489865935,0.1092696683815598,0.10798137707829611,0.10311925578264519,0.10315037123555769
4.674674674674675,0.10207854861183642,0.10669078673791753,0.10838551951675292,0.09837268481455383,0.094789266010022,0.10759776189870515,0.10953057259552863,0.10905715996438461,0.1014895083525687,0.1030953826047681
4.684684684684685,0.1029143936591697,0.10656052353229746,0.10812555219804214,0.09991033772313289,0.09643047160955563,0.1080356224784012,0.10968757414030428,0.10952830401348246,0.10125766058030207,0.10306909758752586
4.694694694694695,0.10278165731452932,0.10703439663249967,0.1078269166626473,0.10022721745594908,0.09504131042336483,0.10829270980659343,0.10966063808937637,0.10888706787075801,0.10067681496413693,0.10319045417660856
4.704704704704705,0.10280495756440104,0.10483728442001021,0.10566993340809104,0.09980458136885141,0.09573331628112748,0.10821611704364664,0.10842365891105847,0.10854791762001346,0.09984776562253732,0.10371568620411067
4.714714714714715,0.103243341686438,0.10461325164187701,0.10596329600170977,0.09916357292166582,0.09494915750043117,0.10717754944994361,0.10768302988528172,0.10790365696397239,0.1009917698057336,0.1036776876137234
4.724724724724725,0.10413942637796232,0.10299791737842567,0.10609575580412843,0.09767047806176135,0.09532596851035396,0.10644778912598421,0.10742830438242985,0.10764794533561144,0.10068966225471379,0.10317994909773673
4.734734734734735,0.10593731945331959,0.1030896772579328,0.10720853174838883,0.0982845117814217,0.09420124439024537,0.10706291803461447,0.10636042815947704,0.10818211565108217,0.10056843623856082,0.10292451748376283
4.744744744744745,0.10478063871366625,0.10319108786237573,0.10790337121133739,0.0980393229905442,0.09379487316055579,0.10703046438307579,0.10560212726702255,0.1082844342193092,0.10247253870959329,0.10270091802505078
4.754754754754755,0.10481122775427328,0.10331797273532384,0.10701811046849688,0.0984969783090455,0.09281879453754611,0.1052813829886792,0.10446019921054953,0.10754373305331172,0.10359737972769405,0.10225936921563712
4.764764764764765,0.10360651151848098,0.10398382500287104,0.10635938021289057,0.09746763639214712,0.09293690217154899,0.10532068003227962,0.10456032455789685,0.1074537544589848,0.10351935425478216,0.100153051167667
4.774774774774775,0.10501720636488274,0.10499900947722902,0.10647706452277472,0.09912566709699082,0.0936148464767807,0.1054354119599208,0.10442691634280445,0.10769921674544183,0.1039942521489687,0.10126490239316549
4.784784784784785,0.10456902827965386,0.10472565344197367,0.10627754818104036,0.09873644811724726,0.09378883643437007,0.1056536465396977,0.10488178004531595,0.10753952747418205,0.10282824318491494,0.10088160980431723
4.794794794794795,0.10417549124241682,0.10517210404033166,0.10513647725384569,0.09733432967379382,0.09475021178565969,0.10578226750324171,0.10511389089844511,0.10732247947707535,0.10230873561414242,0.10029566080499647
4.804804804804805,0.10427625549538744,0.10536368793209791,0.10542905427385393,0.09738815324818369,0.09462135548065724,0.10541622164511123,0.10481979525628268,0.10749012861127828,0.10141972520814037,0.1005534660059757
4.814814814814815,0.10501812532067709,0.10608475649602812,0.1058332144759691,0.09706664322515748,0.09502075842900158,0.1050049413315867,0.10563782041379724,0.10769867249533685,0.10060046984462252,0.10073291659155181
4.824824824824825,0.10591914368428375,0.10660774168372908,0.10555380797356283,0.09739291095508697,0.09619056430736496,0.10480003170105806,0.10524172817144098,0.10774574837064128,0.10055829235875777,0.10050982619600583
4.834834834834835,0.10630079523334313,0.10769357457385846,0.10571110002301821,0.09712252361756327,0.09675646095365405,0.10516170189090786,0.10483177581167369,0.10714779196517572,0.10010233908496757,0.1016792464735426
4.844844844844845,0.10730041367426355,0.10724803480526937,0.10500445950533238,0.0962563306253898,0.09658019691792853,0.10597364429797512,0.10569967284723589,0.10706803879065399,0.10021725957956625,0.10188504084859894
4.854854854854855,0.10691153144429107,0.1072512898698165,0.10561546077683298,0.09560466754224436,0.09714491380710973,0.10632391423897523,0.10483877509147424,0.10547381660425578,0.09989021331862129,0.10251323912090547
4.864864864864865,0.10708703258324054,0.10805917394020183,0.10631487716756179,0.09599025746821784,0.09750453236434457,0.10706380677490306,0.10565707742060365,0.10524859424288956,0.09984143235981058,0.10276741864652367
4.874874874874875,0.10705444679836373,0.10938172527200699,0.1065483688515276,0.0972278676580033,0.098151951077769,0.10578644227413408,0.10541192199542894,0.1050112753318347,0.09865472906656307,0.10301778252494408
4.884884884884885,0.1076212489174201,0.1085575273214294,0.10753291585883253,0.09703195325095001,0.09928420144021056,0.1056746882191728,0.10514977968636582,0.10586273890676318,0.09899033613705467,0.10297434195860793
4.894894894894895,0.10713436819174613,0.1086774599006761,0.108047647407893,0.09765097936502729,0.09856692560470956,0.1047773375691062,0.1058679895640166,0.10634040923003725,0.09790072602681053,0.10173420364567026
4.904904904904905,0.10654024257669041,0.10885858779540382,0.10746306352907792,0.09863760962040542,0.09903951003101696,0.10607461720169671,0.10604342980596239,0.10622542513934244,0.09739960947334635,0.10152197987663815
4.914914914914915,0.10670246160827417,0.10699096245755695,0.10697559194017871,0.09885213823600617,0.09809498388255598,0.10611157963530474,0.1048920542944223,0.10724413330892832,0.0981072271439436,0.10148640486608251
4.924924924924925,0.10822132809453351,0.10574115886994721,0.10728658422348618,0.09929594618598324,0.09764422461580713,0.10600316800494965,0.10517875832402904,0.10645635308366042,0.09906553945890383,0.10208537853334915
4.934934934934935,0.10794547558386913,0.10623243954153132,0.10726757941373578,0.10010849901378634,0.09848759581028362,0.10571415680671767,0.10472154038625545,0.1055013698090751,0.09915774644854049,0.10179103916401365
4.944944944944945,0.10837166086039825,0.10584509106118677,0.10545643265323316,0.10133614474920766,0.09733360319918533,0.10524649194959361,0.10447928908458541,0.10544985732937255,0.09907413035363995,0.1023645541308236
4.954954954954955,0.10783808264866757,0.10595222940017099,0.10419217287223943,0.10179040998273875,0.09656489493327348,0.1059205303807468,0.1047640431188492,0.10582929312794526,0.09881253623121367,0.10195033560454198
4.964964964964965,0.10715368872423119,0.10503069510542924,0.10460575292117179,0.10182710250097969,0.0968838978911994,0.10562771914770332,0.1041758770011174,0.10526309552348907,0.09938717816259604,0.10174145933773764
4.974974974974975,0.1076343505797806,0.10455396420527334,0.10392199726308908,0.10098201556188854,0.09686477222188408,0.10497089533262113,0.10360213330351535,0.1050678630822007,0.09853623642410661,0.10266187916620582
4.984984984984985,0.1078383778718141,0.10349042528950121,0.10321671346526474,0.10104404176199112,0.09731048752587057,0.10493872473536507,0.1039928200207067,0.10489416602555522,0.09897658384110815,0.1023720760196934
4.994994994994995,0.10839263954926852,0.10347769993718278,0.10547930388530762,0.10175292804018642,0.09753332853281169,0.10450859788365305,0.10243237278830916,0.10468091905113128,0.09844650671302796,0.10213428637783376
5.005005005005005,0.10825613343555901,0.10419011103084504,0.10541038092140323,0.10281664341716779,0.09862781193378031,0.10467805994458126,0.10241104518957492,0.10509889669793054,0.09875046419309237,0.10203043057420096
5.015015015015015,0.1076455024154582,0.1028890207059048,0.10472481951652356,0.10290798133117199,0.09896262490271682,0.10462070108490441,0.10108685208072908,0.10630251491236567,0.09918142042514907,0.1025015897190935
5.025025025025025,0.10800821005342633,0.10324184070518551,0.1049941567234469,0.10160432916862663,0.09992355771538988,0.10529398895788017,0.10063402101783239,0.10611923631439085,0.09953852247760658,0.10260059086161709
5.035035035035035,0.1088431668225865,0.10254740166045953,0.1052197325264243,0.10253724156206867,0.10077764035187001,0.10388228253661623,0.10100091793746249,0.10791863240156983,0.09842651376860985,0.10219560345093862
5.045045045045045,0.10865513403831377,0.10371978241362498,0.10402590605690198,0.1031037529502074,0.10124910453125976,0.10390595678154346,0.1009557940687447,0.10740442371888063,0.09860127517112646,0.10121541556091192
5.055055055055055,0.10917346882180139,0.10381168188161273,0.10339376102082844,0.10321702301740907,0.10142200176430197,0.10286957632394195,0.1009317552781004,0.10804808313878889,0.09768450517600179,0.10144492379059211
5.065065065065065,0.10865988922736068,0.10318921003365567,0.10466209669807798,0.10269191956804209,0.10128113198429524,0.10374234444669651,0.10148504751597581,0.10795125898513659,0.09750000565653098,0.10078434195270951
5.075075075075075,0.1108789468805629,0.10299276158217778,0.10542413235907745,0.10138445190363603,0.10152775804286406,0.10354726793175258,0.1015012060523473,0.10757258375508501,0.09722173555370714,0.10101396427661426
5.085085085085085,0.11110407605289595,0.10272271674608668,0.10459831588291696,0.10138524833546596,0.10085424663158386,0.10348249294536624,0.10087192357176854,0.10787127122944279,0.09701858989026063,0.10082331372760057
5.095095095095095,0.11222374180029136,0.10281224796017129,0.10463745820764415,0.10107823194234518,0.10074189583919106,0.1043978212134609,0.10039355801648636,0.10864354458737616,0.0987491605616421,0.10135743005224968
5.105105105105105,0.11245449292139689,0.1036690433476308,0.10443905845364167,0.1001757093226073,0.10002035180627708,0.1052142145726108,0.10017939255283569,0.10873999486568352,0.10006687202148937,0.10102370545665576
5.115115115115115,0.11203633508600327,0.10210569380104904,0.10481474945559513,0.09962840878394462,0.09971724176847521,0.1046704912850185,0.09972111476163942,0.10940889343943003,0.10013980237534875,0.10094730568580987
5.125125125125125,0.11269372346962309,0.1011364413568799,0.10557667656572506,0.10020739430495561,0.10003685500344048,0.10427880077820575,0.09994513970576797,0.10894422396492677,0.09919498676840145,0.10106790509221752
5.135135135135135,0.11349228950926554,0.09974747581130085,0.10512375825590109,0.09988600810335721,0.1010648054714789,0.10332206307756998,0.09950673377555472,0.10920084298109332,0.09794386222518386,0.10117173241028925
5.145145145145145,0.11320119394122999,0.1010050920713189,0.10603290147655571,0.09978171192075776,0.09990699375146722,0.101814926829954,0.0998070117792919,0.10958347506328552,0.09994177962040415,0.10106148205464893
5.155155155155155,0.1134944927862196,0.10188982506974563,0.10630815825108916,0.10118053287369554,0.10024072269901568,0.10154735268682387,0.10012057783392014,0.10953339707896538,0.10004984084343757,0.10159159266046593
5.165165165165165,0.11309696290594656,0.10179760379120113,0.10647099091453933,0.10064136977109206,0.10012780433782655,0.1017912259178422,0.10013808155181653,0.10978762923732857,0.10058573838534486,0.10095602667049645
5.175175175175175,0.11400420121652992,0.1024221733900777,0.10733148248062659,0.10137415280989576,0.10007444458294204,0.10003400100834413,0.10015521533098366,0.10968309312175405,0.10134640876080982,0.10128217735943386
5.185185185185185,0.1149336984742977,0.1027127199777153,0.10648491941918116,0.09998609798782104,0.0998486545276767,0.10050026013121535,0.09938128042769627,0.10863282951144307,0.10128807408564657,0.10297380494441603
5.195195195195195,0.11531883269005266,0.10213905838048164,0.10591813057277592,0.10208573824951643,0.10006507849801412,0.10099236251610343,0.09708495655031704,0.10760942838592522,0.10244746093650761,0.10173106928012901
5.205205205205205,0.11359243182823667,0.1014203510030102,0.10562191310163319,0.10260625452362823,0.10082526463504111,0.10182927868080492,0.09657834188063287,0.10662658533531988,0.10218690925402373,0.10196978384055064
5.215215215215215,0.11407115424280151,0.10127254371674388,0.10586606894655423,0.10190993644399418,0.10093472606256959,0.10334823080495367,0.09654963480693854,0.10575784317462765,0.10185869414621786,0.10012936186175815
5.225225225225225,0.11380414896127414,0.10147426882166184,0.10427764994094416,0.10130996488177114,0.10061566313819806,0.10204817785287652,0.09682869757018069,0.10615003222344024,0.10253680982181329,0.0992170340387447
5.235235235235235,0.11481189086571039,0.10181204543513696,0.10410238299561388,0.10009684694744457,0.1008456348091976,0.10211886403390663,0.094701112388122,0.10657327490782374,0.10253386543810979,0.09868663963712426
5.245245245245245,0.11360542340438956,0.10319888415344858,0.103420739596777,0.09980403697070422,0.1002963042789013,0.10217725111410504,0.09378867236346912,0.10671387492852064,0.10288347196318313,0.09874128850943839
5.255255255255255,0.1149955288753096,0.10391552955083229,0.10363236506876222,0.0996833485149825,0.10018323283103414,0.10258066200482316,0.09450654261641794,0.10547626208448366,0.10171023749699622,0.09838458631022523
5.265265265265265,0.11462099528972147,0.1039827389830325,0.10423392517111639,0.09956925824870567,0.10006588424975749,0.10267030648263464,0.09421597245315465,0.10503425100155941,0.10111906255865935,0.09735195097339679
5.275275275275275,0.1150239117027669,0.10388019934625624,0.10515758244102122,0.09989476833938973,0.09917682584275403,0.10206974117530418,0.09439414673124369,0.10490205727247395,0.10039998272807053,0.09799018986702887
5.285285285285285,0.11416205340687191,0.10444642307427023,0.10496965601527963,0.0992177268888818,0.09887505833971556,0.10211042733855435,0.09470856148416501,0.10721018431565418,0.09968617064845323,0.0982668063655186
5.295295295295295,0.11413975956989449,0.10465632492737606,0.10541610542378893,0.09922001290451936,0.0986979304527811,0.10244019885079021,0.09448625367203485,0.10778777560601864,0.09999439339607814,0.09855833764283216
5.305305305305305,0.11366426188815755,0.10464650081297575,0.10673696244679169,0.09861799760820704,0.09948806756046588,0.10222613192496954,0.0952121080131718,0.10714566283532531,0.09846170392705847,0.09918279469136342
5.315315315315315,0.11360724343527741,0.10446722929791837,0.1068615815216276,0.09859173991186575,0.0994097891550302,0.10123840640740574,0.09515679623346825,0.10830832913367283,0.09750224899557863,0.09956761980760087
5.325325325325325,0.11264619352613237,0.10321281077379257,0.10826689826341397,0.09902318103971924,0.09841625533935414,0.10033708800680285,0.09366901470393946,0.10955757781061856,0.09777382421272994,0.09983297450479404
5.335335335335335,0.11225852398182565,0.10239451348453756,0.10887359824145883,0.09850288257906543,0.09869297000926854,0.1010961528664921,0.09278035465421317,0.10838601217025529,0.09656854000540477,0.10079161145644229
5.345345345345345,0.11315157583386022,0.10343401578744367,0.10972522575504294,0.09915447024757962,0.09736315457524047,0.10111414815776792,0.09114805744185625,0.10697805877712663,0.09816895966534342,0.10038756487810455
5.355355355355355,0.11376135105914298,0.1026542109440357,0.10962341435563216,0.09856144601205107,0.0970901249671929,0.10233911098955015,0.09046221759154928,0.10657161068238284,0.0980107913720042,0.10040598645442687
5.365365365365365,0.11327049161707921,0.10274429463574539,0.1104106955318027,0.09735941829784338,0.09759777243986269,0.10374516822262858,0.09139688167337293,0.10668924238817666,0.09759072607858901,0.10083940202512227
5.375375375375375,0.11309718913550323,0.10419908740512318,0.11064136822909086,0.09756231188903865,0.09839864123779649,0.1036604119500106,0.09263743028373123,0.10702484485699845,0.09692472208470576,0.10045747108418787
5.385385385385385,0.11302380347418627,0.10386429140938701,0.10924729945948784,0.09853541955343807,0.09925394496213062,0.10445783321959251,0.09394563757247182,0.10672632915565378,0.0982034765674891,0.10129243973009934
5.395395395395395,0.11230442088163874,0.1043165572064457,0.10851549504708953,0.0987778128610207,0.10013403009058784,0.10495183321456329,0.0941495042640209,0.10733641423139569,0.09837225356219687,0.10147943506492178
5.405405405405405,0.11132316996552942,0.10433837954481275,0.10971323815577859,0.09943850115382347,0.0991129837225036,0.10430441987235815,0.09396928421293205,0.10543024580351547,0.0993689066728631,0.10121958546368345
5.415415415415415,0.10964301288878868,0.10442420689330435,0.10995612258382073,0.09819011588578935,0.09798519693911936,0.10431611518503416,0.0949227807199484,0.1056471176641931,0.09976473785856654,0.1006210315143469
5.425425425425425,0.11057027144925444,0.10439035178671141,0.1087768988956367,0.09859834793212335,0.0967907037302633,0.1044839449069996,0.09493569194304799,0.10577572026216042,0.09926265812758711,0.10018888275692032
5.435435435435435,0.109420460305864,0.10472986123212594,0.10801425581808477,0.0978873316963312,0.09665491254889133,0.1035605518885712,0.09569341244383239,0.10571308743361084,0.09934946239362852,0.1010116696369692
5.445445445445445,0.10958429793938215,0.10479284851757949,0.10915377266443096,0.09925586204380647,0.09590506856677562,0.10267200930465774,0.09574489507222299,0.10605181184533417,0.09912073187316023,0.10009455467402276
5.455455455455455,0.110260920584119,0.10365470597101657,0.10911194012189784,0.09839365886632151,0.09581055859372493,0.10154900980322318,0.09652842316125704,0.10570558561025231,0.09979493985626574,0.10015286458470017
5.465465465465465,0.11025095239088735,0.10471385965621385,0.10893873224559682,0.09804563644629277,0.09522888475801514,0.10088059745826403,0.09575430668324551,0.10400535362575508,0.09904404150148852,0.10166707350149563
5.475475475475475,0.11057345509673326,0.10499537510875034,0.10854947940359956,0.09788362641452211,0.09562844641553625,0.09966364573593886,0.09497523924933018,0.1027126185600405,0.09885196152516709,0.10010728161648548
5.485485485485485,0.11118465288635947,0.10536275198241418,0.10997660655608693,0.0979506254336506,0.09577926219444666,0.10022979014192658,0.09392398400116385,0.10257597162274242,0.09979006605021269,0.10042238311851442
5.495495495495495,0.10967260194248195,0.10639124928459462,0.10953787578620593,0.09876273806156281,0.0975701167304615,0.10146675879277674,0.09450473684215846,0.10224061671055014,0.09856145353866355,0.1001122223109676
5.505505505505505,0.10880903298314958,0.10594059040652476,0.11147744913200376,0.09965831285456972,0.09765784418170538,0.10111129913182514,0.09555017746216338,0.10083902814235614,0.09804095943831892,0.09996414526645055
5.515515515515515,0.10956962861934305,0.106052617248119,0.1116977249408479,0.10028884285218406,0.09814024981864919,0.10091430085447219,0.09528337207609412,0.09893639661843243,0.09753327721603963,0.10065315093733777
5.525525525525525,0.10901782714173039,0.10495975641968637,0.1105511233075614,0.10017961627309026,0.09804741735742824,0.10032846617428794,0.09402885191120017,0.10013900565406245,0.09833978722842794,0.10032575435654933
5.535535535535535,0.10924883986758474,0.10482745616105626,0.10988128965561683,0.10046415837096354,0.09755603871168371,0.10018945226471408,0.09329090228200196,0.1014885981098834,0.0983939222446457,0.10112858282077825
5.545545545545545,0.10930864376625998,0.10458772560275899,0.10995613771547336,0.10024719902077417,0.09766878940454606,0.10000056077812305,0.09383664933543959,0.10061970186672795,0.09849284578305782,0.1023617999456635
5.555555555555555,0.11035891170234312,0.10389192942364417,0.10946173347503121,0.10113066083141391,0.09877172532458743,0.09992700687756474,0.09449133914310362,0.10011911908542821,0.09744021640762573,0.1017265910732042
5.565565565565565,0.10946382103362984,0.10346536543599105,0.11006830251879736,0.10232843550381371,0.09826251740927171,0.10100124387343432,0.09449758345322773,0.10089461973170848,0.09794502705067401,0.1021377785087207
5.575575575575575,0.10920066838285535,0.10236346664793411,0.11022168393528493,0.10171886185727476,0.09875100690238185,0.10053760266654946,0.09458404630757675,0.10060516804365446,0.09658556561026495,0.10061711428043035
5.585585585585585,0.11000497959542378,0.10253736232522367,0.11048042955404934,0.10187135599211485,0.10005833701766217,0.10082223003235004,0.09369006145660247,0.10007386067932235,0.09580485853330512,0.10059207239267652
5.595595595595595,0.10981774852852895,0.10326066192635258,0.10999016539240829,0.09992587048529407,0.10188446167485825,0.09958170785826985,0.09543886975959535,0.1003708312617408,0.09608827513340903,0.10060672834401155
5.605605605605605,0.11049663849823019,0.10246735465091968,0.11006859447088638,0.10043238300810917,0.10190935750399437,0.09920047088255474,0.09464993543447793,0.09964876413672064,0.09775874475857767,0.09936299062582461
5.615615615615615,0.11084222130344368,0.10312202250419343,0.10936304339527587,0.10056591775429541,0.1025655688604809,0.09947031682349128,0.09638571726640406,0.10056091552115243,0.09803484580897216,0.0995609379014003
5.625625625625625,0.11068319642810592,0.10341883088153557,0.10880376528563836,0.10131036618897585,0.10077533688132274,0.10060853398398166,0.09523143660589255,0.10081817929053344,0.0982755420828861,0.09853251102683708
5.635635635635635,0.11021207308033146,0.10297083402215099,0.1086213330330785,0.10148843628477612,0.1014820458875995,0.10026672505690368,0.09651041544291615,0.10184855455352856,0.0974007932551574,0.09860899990784355
5.645645645645645,0.11020585013972407,0.10224410802137683,0.10897518294559029,0.1008306382973727,0.10108847709917816,0.09997121340413796,0.09593513580882515,0.1017936644647987,0.09722886161780361,0.09900273084715096
5.655655655655655,0.1094251587979731,0.10139251980155214,0.10851740727862465,0.09993334463150946,0.10179932081009957,0.10048447693405321,0.09649834266778423,0.10077069405999604,0.096977763405526,0.10024919163583372
5.665665665665665,0.11021843707959565,0.10104521283255384,0.1083489648687605,0.09879466537969797,0.10106803167247785,0.09912195524587179,0.09701553564274293,0.10048615912047945,0.09676977774984734,0.1013583518219191
5.675675675675675,0.11129463970453496,0.1004596528617277,0.1076285002693583,0.09862580174278197,0.10091544546974561,0.0995045513616431,0.09826972463970057,0.101594158068645,0.09605461501615827,0.10172360761875973
5.685685685685685,0.1107369091325593,0.09978853856502871,0.10685118346496104,0.09908701643276205,0.10099910479606504,0.09961070691146134,0.09855986551086784,0.10201071039392205,0.09791142232402927,0.09976289041194564
5.6956956956956954,0.11101905828276519,0.09868905401731516,0.1075131795932595,0.09808446902956725,0.10102399277707126,0.10094922477804123,0.09947715113534042,0.10147261041259457,0.09767405000538748,0.09969615576907702
5.7057057057057055,0.11022873385755344,0.09735873806413825,0.10859632472088249,0.09814841595560084,0.10169372175758958,0.09983841802814213,0.099902519098283,0.10152173796050168,0.09785877074105574,0.09975028111631885
5.7157157157157155,0.1114282623482251,0.09730376609626691,0.10926319823730436,0.09965315386995358,0.1010635661090834,0.09990932591776794,0.1018936062134844,0.10156774008890668,0.09695648126559292,0.10085025486385167
5.7257257257257255,0.1106298174043097,0.09926566600082072,0.111337390793242,0.09946408995870032,0.10093931983296987,0.09972154735224356,0.10172046766235102,0.10136594746008644,0.09683484644278688,0.10200490086332106
5.7357357357357355,0.10919958344615657,0.09901234973024589,0.11266302902842404,0.09932069291782045,0.10153782465307452,0.09979893899157681,0.1009437027989354,0.10233648950818734,0.09629202159336511,0.10220992292243519
5.7457457457457455,0.10904653854692353,0.09976591700131836,0.11293809383914483,0.09872138114271906,0.10155612792359564,0.10040774969479632,0.10136922534353893,0.10218241081776121,0.09653791794089327,0.100504188763313
5.7557557557557555,0.10968976045157668,0.10089240089721269,0.112498930624575,0.09858320907188729,0.10176309890250826,0.09945733829430836,0.10242716016859899,0.1014248023027096,0.09676876389861719,0.10017433947691926
5.7657657657657655,0.10942281874150879,0.10111434015273671,0.11146783226685543,0.0993600858389095,0.10211973711814507,0.0992297531578248,0.10274237979709477,0.1011065371984856,0.09778218214665783,0.10025018047518151
5.7757757757757755,0.10805856124607816,0.1012535106001093,0.11119515904474148,0.09950812726592514,0.10211390118301439,0.10090676217285612,0.1032182271676437,0.10080955756817474,0.09773174132600593,0.10043574710968814
5.7857857857857855,0.10874771583202122,0.10123074995076178,0.11195336205273615,0.10050322500069625,0.10354519340943584,0.10070190354222774,0.10373780527074584,0.10185212823835675,0.0989534076590098,0.10123235206507657
5.7957957957957955,0.10796097412403849,0.09994872234118578,0.11255942728014473,0.09945352740315892,0.10203210506210554,0.1020013588934452,0.1040551596560974,0.10255112703699035,0.09896293150513594,0.10180772575484759
5.8058058058058055,0.10603460737101962,0.09846520180523984,0.11170001436935194,0.10085285323072365,0.10164781195187371,0.10311299479521342,0.10323790941370779,0.10421550377597308,0.09792956238993535,0.10300269557165365
5.8158158158158155,0.10594470087178848,0.09825567611279702,0.11155045369628575,0.10013720955762062,0.1013075399106047,0.10297435898716477,0.10411114374665063,0.10565474681865265,0.09806903985174405,0.10394931645216157
5.8258258258258255,0.107279066575486,0.09826245391257923,0.11157204762599376,0.10219252385639037,0.10140587589922048,0.10340393148960678,0.1042401368945815,0.10627167371279103,0.09825798262420268,0.10334856760350973
5.8358358358358355,0.10830040895861032,0.09730965260820025,0.11163434580048827,0.10357470380565986,0.1021918354835157,0.10299359934540234,0.1044969930850015,0.10550809215076737,0.09996017433461865,0.10274346117640602
5.8458458458458455,0.10793787105529142,0.09799039980880922,0.11197723092345413,0.10444806830356336,0.10215932821257889,0.10404987963410241,0.10462019982799957,0.10670648169970151,0.09961271590793608,0.10275664613828205
5.8558558558558556,0.107535000822258,0.09667240946241143,0.11088703430441695,0.10453626543541167,0.10299817352142311,0.10398673213591475,0.10454286730429908,0.10684430113031433,0.10010524785138832,0.10314735500652794
5.865865865865866,0.10729306231714286,0.09612355688626253,0.11163782021148984,0.10354774673628912,0.10398476505431575,0.10396224817048272,0.10482836591136012,0.10721087535476657,0.10022952120924046,0.10304210074681645
5.875875875875876,0.10773023962632487,0.09687724939524159,0.1124715117971319,0.10396029562886923,0.10387114287562584,0.10328745288787883,0.10445885108452402,0.10711846063803857,0.09946101306245797,0.10248350660744107
5.885885885885886,0.10673724406609766,0.09755339388648764,0.1140956049145875,0.1035863547821491,0.1039431193519046,0.10314844712591403,0.10485947294915783,0.10906099825132352,0.09859990941594397,0.10244742199536995
5.895895895895896,0.10635079902241527,0.09829549556957706,0.1144690132925023,0.10335114230919054,0.10277558143936816,0.10317169369011861,0.10471193333057899,0.10912519312362326,0.09952333363004609,0.10214973404301651
5.905905905905906,0.105838779265232,0.09981383207875787,0.1151336279151118,0.10322576420462866,0.1030558424183014,0.10414465052366824,0.10525745449060091,0.10886101879465959,0.0991860985311433,0.10302495043450394
5.915915915915916,0.10518958110784028,0.10092631499458242,0.11558665853283748,0.10426440451661835,0.10260197454271174,0.10441560979556538,0.10489320649625121,0.10795645420490019,0.0984550690418516,0.10308920321739823
5.925925925925926,0.10610335540946891,0.10215473704170219,0.11578213944450624,0.10323286624179955,0.10245212640256175,0.10423674585047601,0.10454815705588659,0.10800461133675286,0.09757691728376928,0.10425689355118384
5.935935935935936,0.10656012314516133,0.1020549336302817,0.11518713311431569,0.1043298066121479,0.10177688079278643,0.10192293376649007,0.10397718294436846,0.10876837466402169,0.09806854689260981,0.10401661193467446
5.945945945945946,0.10741197061434492,0.1021705768463829,0.11677047334353138,0.10289024647574396,0.10145099453309632,0.10067374803520003,0.10284647900547415,0.10808109100207561,0.09808906664032548,0.10261011323317959
5.955955955955956,0.1061183823349402,0.10160240028522492,0.11622404456811063,0.10301211860051572,0.09957761391711671,0.10034374421061923,0.10214055150207611,0.10869826123255479,0.09821900187740264,0.1026304986541742
5.965965965965966,0.1059257246935637,0.10116859061967236,0.11605302795594098,0.10280922799177068,0.10026710476726616,0.1000797127339573,0.10130035457562754,0.10934178269474348,0.09822489001494537,0.10214089102456433
5.975975975975976,0.10655842978959297,0.09938097709694214,0.11711967884716165,0.1044584677422002,0.10041028017491292,0.09945012028906886,0.10082548753319856,0.1083775082833146,0.09805540737742344,0.10154354374574748
5.985985985985986,0.10588930312606469,0.09968490803965255,0.11690132869468266,0.10469337744751295,0.10070028884339957,0.09911687421677076,0.10155229717472383,0.10931358792712828,0.09751953408261602,0.10100839315692736
5.995995995995996,0.1044921659698947,0.09910539134007186,0.11711661696226344,0.10384820368058718,0.10130558192206664,0.0991120354595086,0.10239576510349115,0.10982711983144518,0.09776621818103902,0.1005610210920336
6.006006006006006,0.1040802910988898,0.09947538597811731,0.11649909220711109,0.10448314012055766,0.1027146978492502,0.09865699552640174,0.10227035094439925,0.11068819364236361,0.09768156921141971,0.09973340601405432
6.016016016016016,0.10422352293907798,0.09800989324043469,0.11645818526671108,0.10381952646010342,0.10243668899388796,0.0982743012920097,0.10230443255899899,0.11087872588121209,0.09887088113692602,0.0998853519671353
6.026026026026026,0.10542241155420357,0.0985349537567422,0.11796963779991641,0.10356830785891803,0.10285482956940747,0.09812676866811013,0.10247948469349666,0.11001355854691428,0.0973399894551356,0.10142749831983727
6.036036036036036,0.10432551350466039,0.09954711187816753,0.11856344902036652,0.10380683263332718,0.10348212126491095,0.0992807876076848,0.10313498000471778,0.10896250295832773,0.09646697799271804,0.10120304606463036
6.046046046046046,0.1034516065956287,0.09954204929949022,0.11817619603013221,0.10473654292686319,0.1032866696392015,0.09939725447060652,0.10333605095468681,0.10727959342309562,0.09687001062444626,0.10060538859092107
6.056056056056056,0.10344439887372475,0.09862449285415663,0.1186884361134351,0.10464809332875452,0.10302512911261277,0.09944548048124474,0.10351443817840647,0.10718420729859032,0.09674317089345341,0.10131514657567063
6.066066066066066,0.10357298879360106,0.10018008461599837,0.11929188854791321,0.10569243233923356,0.10266360731371249,0.09891522396509407,0.10499722455531606,0.10575549568310615,0.09639730588847498,0.1012642069528279
6.076076076076076,0.10351115852333687,0.1006824183122284,0.11830874469273993,0.10466493127395066,0.1021305554436632,0.09802507946584268,0.10512516210793132,0.10567339933876363,0.09693260920829541,0.10163742468399077
6.086086086086086,0.10340638567553723,0.1010926857108968,0.11811192238334191,0.10545668160013397,0.1017378017948966,0.09764150837705993,0.10618832789317259,0.1047948096530125,0.0978409376564291,0.10247804571751115
6.096096096096096,0.10256093731716129,0.10115764031105255,0.11758837716200447,0.10557677601506613,0.1018689340178217,0.0980276665901518,0.10617814201320416,0.1045604765200433,0.0974076659485518,0.10419742495233053
6.106106106106106,0.1030764211234686,0.10063978612639857,0.11769019555491718,0.10638787120950206,0.10126999737591338,0.09930428624826,0.10715208909047497,0.1040222060469063,0.0980261627816864,0.10462882426075472
6.116116116116116,0.10229795845821588,0.1009963576339369,0.11723452215054543,0.10647074939965882,0.1008539758557435,0.09848442621976473,0.10660525172927351,0.10486937025097998,0.0988733044326625,0.10488011907219169
6.126126126126126,0.10312450178680573,0.10144528657291431,0.11610197195727034,0.10635143772453519,0.10101985059795338,0.09833331245680735,0.10561614326044523,0.10512450254593035,0.09936543270331973,0.10561350661764916
6.136136136136136,0.10272832724380393,0.10063200908495566,0.11527558469995512,0.10622113204609085,0.10054056946432892,0.09810232600724389,0.10586750566768129,0.10397135823051609,0.09914610092563428,0.10496908887160038
6.146146146146146,0.10256486617317016,0.10037457035291969,0.11515956113184579,0.10678682175920438,0.10092665031045357,0.09772162153538655,0.10633259042120989,0.10493259088939608,0.10000337181303527,0.10455545925546379
6.156156156156156,0.10271974214222049,0.10128027142603119,0.11356273568865129,0.10733653685903599,0.09981523323875517,0.09638090250932933,0.10697431675220541,0.10526223455250036,0.09757079885746955,0.10562588533723517
6.166166166166166,0.10193146854245749,0.10081113428782111,0.11432150037413472,0.1075701197551122,0.09939973022607307,0.09693140064443605,0.10696497130443511,0.10502379627378329,0.09795993702695883,0.1051898489090317
6.176176176176176,0.10228731364803934,0.10078666787964649,0.11368958208486966,0.10803553439430165,0.09919538689794344,0.09758175733315409,0.10629384142609198,0.10480687671367528,0.0975143476792207,0.10498380384277343
6.186186186186186,0.10161528641376295,0.10139828675818985,0.11436081810645514,0.10811678781505384,0.09970103371790903,0.09759910477374871,0.1062806586897945,0.1033289912992454,0.0979899786444894,0.10414836089256577
6.196196196196196,0.10150133297418676,0.10189841321097319,0.1149782347802369,0.10690556681890044,0.09966517093809191,0.09698268213960977,0.10739767216765694,0.10451695662667543,0.09905834544957957,0.10367004259700986
6.206206206206206,0.10227697918395962,0.10054669899805563,0.11460697582930482,0.10690847323903536,0.1000692718103387,0.09644422378548471,0.10758534701278434,0.10461711630110342,0.09693069273709524,0.10381697537720413
6.216216216216216,0.10241483913321442,0.10036163136037629,0.11454983237614183,0.10541589707136216,0.10005058223146095,0.09630099895107884,0.10789766842945014,0.10624920565055844,0.09695542498028756,0.10508722359552648
6.226226226226226,0.10278331096684092,0.09967206267237749,0.11450165076853108,0.1055905493309446,0.09971199239102325,0.09576290095868903,0.10589418315063186,0.10750192900414636,0.09778771408126881,0.10430880835366235
6.236236236236236,0.10178096003367812,0.10051492202462298,0.11443700976725113,0.1055074048156494,0.09896582832500948,0.09502449303940948,0.10649100992236872,0.10685143127843395,0.09803001179546351,0.10289545404423979
6.246246246246246,0.10137198291119903,0.09987679590646455,0.11390733055170012,0.10406474184618814,0.09834721217332851,0.09325046590104792,0.10601515700352536,0.10527060513097855,0.09817022545600436,0.10234088361445072
6.256256256256256,0.10256639752574181,0.09922889051519503,0.11440161964083842,0.1040927190106625,0.09981236432656719,0.09514152087308056,0.10686758451868512,0.10445133875435235,0.09932179554516875,0.10271262401252942
6.266266266266266,0.10356703845081673,0.09927850028068129,0.1148239354965167,0.10369421003839002,0.09885114765906691,0.09410517392021416,0.10700785587569575,0.1039807385125892,0.10009973609673775,0.10288373650338004
6.276276276276276,0.10365734487148782,0.09890497801019388,0.11374671066478453,0.10291081372023692,0.09877219655896437,0.09336388115338133,0.1051565043416995,0.10253688341567248,0.10007302767565941,0.10302041044456159
6.286286286286286,0.10263503366448604,0.09827799174220272,0.11430159222825967,0.10280769641961861,0.09874962110533614,0.09345419597695412,0.10440467994561196,0.10302451194368276,0.10106371047105402,0.10277016146402243
6.296296296296296,0.10314064369290242,0.09912408631866909,0.11423313382959754,0.101400579560774,0.098948980259818,0.09404910751914772,0.10566397195989699,0.10446586555863499,0.1011811346769997,0.10361409598564914
6.306306306306306,0.10357768525636216,0.09843148035240845,0.11526968246715039,0.10115472674298168,0.09963321036090456,0.09408180615684199,0.10602569445215869,0.1052495832076722,0.10001279299446426,0.1028082291141197
6.316316316316316,0.10296992644053167,0.09952848124777536,0.1152739654864002,0.10188680649114848,0.10093548532503098,0.09364364294277205,0.106022222148014,0.10490821704866121,0.10168494851382447,0.10364391582740577
6.326326326326326,0.10182130938241069,0.09942160429054075,0.11468269644078766,0.10228897850667495,0.10228231315348084,0.09420338172062838,0.10467426142541801,0.10447323870235094,0.10258814845964301,0.10222930219844766
6.336336336336336,0.1013149552897011,0.09953242092836048,0.11529440691613516,0.10210143291854125,0.1009428457899518,0.09398654473667636,0.10348177826739163,0.10388994344042077,0.10319916025272408,0.10165798988440104
6.346346346346346,0.10080658505666339,0.10026354952403128,0.11488688494648946,0.10309543324396885,0.10161429333979251,0.0941353997255107,0.1028822123818457,0.10450901730869831,0.10254720925786055,0.10271648319297423
6.356356356356356,0.10038327423199483,0.10042904415046633,0.1132540163254862,0.10288543511763132,0.10275465365328897,0.09342210604429073,0.10221993148806793,0.10457451620996382,0.10167254032493339,0.10271585158474095
6.366366366366366,0.10038922616860024,0.10125596195972722,0.1132129033938546,0.1024185440590171,0.10197958598980601,0.09413942817427168,0.10132265069294881,0.10444185322943561,0.10185590713864232,0.10255710988559358
6.376376376376376,0.10143755870326444,0.10149990311301754,0.11258238630151388,0.10271094530152589,0.10336188752290619,0.09426581927665557,0.10156998005806446,0.10363470892263466,0.1022056278335358,0.10279740000387495
6.386386386386386,0.10228975860610795,0.10318528986816655,0.11341546836361258,0.10308103525221199,0.10295046311512968,0.09431853826710726,0.10044256606130637,0.10452585586318211,0.10206840402502289,0.10372544522883154
6.396396396396396,0.10281678089269088,0.10263453954438441,0.1142763603773767,0.10464545231304381,0.10362408642907893,0.09219161373328066,0.09998011668460415,0.10425795728216966,0.10181773293923235,0.10398061742303277
6.406406406406406,0.10388045809535322,0.10282200472865469,0.11298829187018286,0.10375624358431094,0.10309799555666323,0.092057345134115,0.10053522390604837,0.10418572458124947,0.10140202722524498,0.10401497625560435
6.416416416416417,0.10340413124348304,0.10241896944294489,0.11192686676782379,0.10466818520018323,0.10302178840119391,0.0923956759150867,0.09921018385631397,0.10533729347560818,0.10115586823128415,0.10398365404409984
6.426426426426427,0.10377237677506308,0.10198932925424326,0.11231236289124677,0.10524371936575345,0.1032472169049932,0.09077345236425358,0.0990392390133483,0.10533879072578596,0.10154422015144979,0.10357842476247134
6.436436436436437,0.10458406218388493,0.10112664652150835,0.110881281537593,0.10520501520400298,0.1050069821737742,0.09159043625824055,0.09895670213000363,0.10629101298617248,0.10178159732632788,0.1036407460879915
6.446446446446447,0.10483841167369941,0.10192350821165742,0.10996230838627144,0.10343699701712156,0.10311204973989087,0.09060684379974811,0.099816507232699,0.10517573646562343,0.1028949939555105,0.10311439659293521
6.456456456456457,0.10468229859790028,0.10203645690439037,0.1094078002675523,0.10429357363919937,0.10208658183167452,0.09150292286772654,0.10069047158630137,0.1063020491173396,0.10456694387925829,0.103151273025397
6.466466466466467,0.10473759140343902,0.10229016238404766,0.10825925523888624,0.1047519208085753,0.10159043928789202,0.09167920757820942,0.1012104589247649,0.10672840468563391,0.1053013333774716,0.1039213217230051
6.476476476476477,0.10480387476130033,0.10193182888932813,0.1092012058916095,0.1051048471469899,0.1029858948248523,0.09115954862155848,0.10072417909020569,0.10799618051545538,0.10482265797827664,0.10336665798773194
6.486486486486487,0.10521207996402879,0.10182202043754879,0.11064302623751332,0.10423295207844444,0.10148716894549194,0.09140847554057542,0.10028552246299045,0.10673299409578545,0.10512791156994572,0.10303668635261454
6.496496496496497,0.10575423938666256,0.10246536533708932,0.10909327752186773,0.10385796824948461,0.10180138406457806,0.09295515546834134,0.101011516864854,0.107264047415354,0.10422742037585646,0.1024412611398451
6.506506506506507,0.10640839942034055,0.10071467927974276,0.1084214432662499,0.10426296960143348,0.10285938726465495,0.09408921036517713,0.1021292836686379,0.10771513291458504,0.10430669885452049,0.1019457344689762
6.516516516516517,0.10628121761844699,0.09962390404191461,0.10902251681505538,0.10443801015346489,0.10121006732152632,0.09413566733933725,0.10223673661579054,0.10749775192539987,0.10498516199991562,0.10283325862959382
6.526526526526527,0.10504953540643062,0.1002544943465465,0.10850386303486519,0.10433136553065683,0.10079983887141378,0.09557012066678079,0.10213118326677219,0.10850399437857983,0.10476303808485936,0.10244986984205914
6.536536536536537,0.10556083967007561,0.10050314965714982,0.10773569883422915,0.10475670116795956,0.10093485350004397,0.09667133877125969,0.10183391656382809,0.1080144705079071,0.10465985603144513,0.10172626000865344
6.546546546546547,0.10407191306956634,0.09974881262399214,0.10882302618373306,0.10611789633429256,0.10272420234477199,0.09622469195422167,0.10229273864994454,0.10683698695938472,0.10555170819985614,0.1006518199102336
6.556556556556557,0.10339044098104486,0.09858237028357149,0.10902552912922782,0.10747845961855812,0.10351344124653088,0.09556108683397462,0.10316654674252053,0.10727593833099075,0.10613759371788416,0.10076121361043912
6.566566566566567,0.10341247270304407,0.09856040019993857,0.10860274720183147,0.10866692647097866,0.10336234592611458,0.09505671466554781,0.10392494238978103,0.10820361608209016,0.10550144014358635,0.09993743525340473
6.576576576576577,0.10439227203360807,0.09883971789613856,0.10876056175280077,0.10765730585133017,0.10480977387176614,0.0947688904169082,0.10349066462133051,0.10929983664817873,0.10480096783568708,0.10010013425502004
6.586586586586587,0.10329532664352116,0.09875743470246556,0.10894311670271245,0.1084582606486031,0.10526924372094912,0.09570443169931526,0.10254920590261131,0.10931757715810432,0.10484210398722582,0.10073945506041818
6.596596596596597,0.10376525789044518,0.09983120863331743,0.10896697411985276,0.10800120533577065,0.10447811027329569,0.0967193399510627,0.10243183117298034,0.11019383976898786,0.10344277268581054,0.10191769743284075
6.606606606606607,0.10323699152324672,0.10038764809997355,0.1092880659136424,0.10849375170711563,0.10481931267905431,0.09707581452594863,0.10303492097840561,0.11039274826197433,0.10209101162100188,0.10191738228739282
6.616616616616617,0.10259297558647226,0.10138752717943399,0.10988222681370356,0.10778028594730323,0.10499412417802478,0.0977677923370917,0.10294025140768512,0.11153469860225027,0.10202856255410096,0.10169245934636885
6.626626626626627,0.1024453055907485,0.10135173789732792,0.10966058229824618,0.10835103067058545,0.10538859568394422,0.09689706094392461,0.10292073008304696,0.11267180798071434,0.10152734144809937,0.10236501968264783
6.636636636636637,0.10192121072928277,0.10174743148882477,0.1097702176084367,0.10793248795962865,0.10427282640957267,0.09592583793828414,0.10281695954519507,0.11353279459053674,0.10216884459308016,0.10254880969803548
6.646646646646647,0.10151609960800474,0.10356732156993301,0.10948994387151723,0.10709401167133653,0.10323139383894647,0.09650203719370176,0.10314086254975419,0.1130010500704257,0.10160784234358018,0.1022096511184459
6.656656656656657,0.10286472203064607,0.1037463396309184,0.1093147564349563,0.1067572316772329,0.10225793405847762,0.09699908219540919,0.10361651825131792,0.11281504220670825,0.10024139514137925,0.10266965981457742
6.666666666666667,0.1039786057926701,0.10493419790617707,0.11055377905392755,0.10608523716655882,0.1023524496297474,0.09649155558747448,0.1034144593675883,0.11333404780647197,0.09878419724400517,0.1033500034398847
6.676676676676677,0.10377938190401206,0.10553583903107226,0.11068243597205386,0.10571885702133077,0.1023086482554411,0.09642920260577882,0.10320789391980535,0.11406939497439017,0.09727120387402308,0.1024935230174781
6.686686686686687,0.10418605561499523,0.10508954785747311,0.11105410472403594,0.10633701224965988,0.10401287169422148,0.09678222516727555,0.10331755787864826,0.11328452756285057,0.09657070815567323,0.10165882520291618
6.696696696696697,0.10521003741623317,0.10431616819096344,0.11092610161084354,0.1063185487553348,0.10329321433429055,0.09551351138059931,0.10283674131115816,0.11397137245360121,0.09533636165386955,0.1013618981522466
6.706706706706707,0.10640714945028694,0.10406726988671036,0.11045937613497565,0.10558623661017215,0.10385706794024838,0.09570305243197084,0.1023165069112754,0.11214668424298105,0.09629232190068836,0.1003119640696378
6.716716716716717,0.10530279224400248,0.10355558830446496,0.11044636007282702,0.10530322300147281,0.10483184942577962,0.09640769483789544,0.10314211621410202,0.11293997928468089,0.09625880065071683,0.09974423800780885
6.726726726726727,0.1057470211665827,0.10385526418260578,0.10971874550907665,0.1050293060049808,0.1044793309070332,0.09735328615136135,0.10295695299514811,0.11310146090132905,0.09721103628655713,0.10018651692091934
6.736736736736737,0.10381621187494233,0.10600490098162753,0.1089577486218592,0.10437623926869764,0.10308030078126651,0.09694639525432736,0.10349075776214599,0.11262241611169176,0.0962319202231789,0.09913585094709766
6.746746746746747,0.10178565828808338,0.10598218199465861,0.10991052906530971,0.10410644003096979,0.1027372499076948,0.09652042985838154,0.10348900221063566,0.11272238073746955,0.0975007120948067,0.09885664883785751
6.756756756756757,0.10226124132054383,0.1056673995265873,0.11009987132595066,0.1037630448790975,0.10370105347731431,0.09673972246095244,0.10402350442044092,0.11335308542342279,0.09794123043684427,0.09786738078909794
6.766766766766767,0.10168191654168823,0.10531878787003747,0.110443619381352,0.10295514458745761,0.10306308426895469,0.09615764981336214,0.1033103512134578,0.11278821772155283,0.0973086618095243,0.09921508844049474
6.776776776776777,0.10124688094608165,0.10531368151664493,0.11017774290758756,0.10156016912114951,0.10293711427459953,0.09512845081803772,0.10417042819804269,0.11312466503210108,0.09864826086414535,0.09887641587648084
6.786786786786787,0.10194783060103176,0.10653132114830585,0.11152738013901489,0.10032098520076287,0.10303384479715061,0.09441399480907756,0.10337229436812707,0.1133615302070876,0.09814982204823212,0.09792659572570693
6.796796796796797,0.10121208678684915,0.10723999644094234,0.11215121531483845,0.10011525098390141,0.10185015591240489,0.09459718988822553,0.10291904634039552,0.11343067598829872,0.09800222163849089,0.09831959603186552
6.806806806806807,0.10091889995924132,0.10664760345291065,0.11135431589238227,0.10051515068724647,0.10198913666143242,0.09544826859780745,0.10164010427222595,0.11237089704483696,0.09749493784981003,0.09824422252378018
6.816816816816817,0.10099595744180287,0.10482953136667304,0.1115118689466641,0.10182570038523106,0.10282894627692744,0.09599638312614538,0.10249672930337604,0.11203393206968199,0.0976266950507491,0.09941605036615514
6.826826826826827,0.10048908176352025,0.10376208254796751,0.11179856665982439,0.10187544434414461,0.1027552656716039,0.09429942245278514,0.10318749159776411,0.11093285400636373,0.09633115981298587,0.09972102185989241
6.836836836836837,0.1008004122445658,0.10308923475477508,0.11242809663127656,0.1034411154136036,0.10267284603905412,0.09510017887791752,0.10224207016909888,0.11135570135741066,0.09650791758067119,0.10053588436102012
6.846846846846847,0.10096298618175772,0.10389410599674859,0.11186165721167993,0.1031966686621649,0.10122982917781663,0.09526268344783592,0.10317335235626701,0.11174956220474278,0.09624461485798089,0.10110579456150073
6.856856856856857,0.10105025184035019,0.102477133886555,0.11184776148684299,0.10368895372822447,0.1011314655008196,0.09429039535356781,0.10304546911549532,0.11170027514947174,0.09638250696980917,0.09908680029015035
6.866866866866867,0.09985378395490262,0.1028780226450021,0.11093880730180877,0.10243732628935494,0.10045585865103496,0.09474039681188433,0.10317668825340313,0.11236424606621548,0.09593534781327243,0.09979848623621683
6.876876876876877,0.09993820918170578,0.10235923364145434,0.11125207883774853,0.1018762153973249,0.09944665889798376,0.0949314402547147,0.10359007625321671,0.11210074868591567,0.09561045536426216,0.09850828125684306
6.886886886886887,0.10012543786139208,0.10246194906036317,0.11054896260724148,0.10304160991805977,0.09998453486810584,0.09449485867078866,0.10342223544084256,0.11094707523126679,0.09509632968131274,0.09905925249412302
6.896896896896897,0.09983709030513023,0.10293692293795942,0.11146214922759552,0.1020933975034358,0.09829763408093597,0.094416741953172,0.10317361454500151,0.11103961893216645,0.09451761122392077,0.09818333042556011
6.906906906906907,0.10184109482784394,0.10176480232210536,0.11296270454830161,0.10419053178706682,0.09719234284587434,0.0951575823277737,0.10287947168178667,0.11107124611136168,0.09471364696855193,0.09845698295464177
6.916916916916917,0.10167592946747932,0.10099313721760125,0.11357759646474952,0.103605065520701,0.0977729827031862,0.09400622097961982,0.10323576428847794,0.11146835369389366,0.09476010452834124,0.09689384025257572
6.926926926926927,0.10370633522019637,0.10019121614583647,0.1128257410055337,0.10350542789341267,0.09823975877588145,0.09454102658134587,0.10398565192986636,0.11262966947969026,0.09480299365641197,0.09568105710016098
6.936936936936937,0.10299755828322883,0.1009189425501271,0.11139400445821783,0.10334585303199936,0.09854549468017444,0.0950969899170775,0.10300628042969648,0.11260649666219974,0.09569293460150725,0.09594044514116183
6.946946946946947,0.10326888344437946,0.10106979032797173,0.1123215057370145,0.10369694606819724,0.09774415826262335,0.09513318330705285,0.1036714980405407,0.11091442062212596,0.09563432711953918,0.09470903007288602
6.956956956956957,0.10296945591215532,0.10232342804251773,0.11214522417495411,0.10342887381250218,0.09747666536016833,0.09433050317073001,0.10437356702514405,0.10989630274727227,0.09586734093084591,0.09426859763934341
6.966966966966967,0.10280323774258675,0.10309914362028477,0.1107612401648829,0.10422525621148099,0.09742824113281912,0.09511470773726455,0.103895149265054,0.11101663885436647,0.0967466378752904,0.09524975395352542
6.976976976976977,0.10329915534217524,0.1031098974187091,0.10984441195166358,0.10301184625977251,0.09796886330586929,0.09650348012205613,0.1051357834604243,0.11067076899802318,0.09677586098459337,0.09618711899720693
6.986986986986987,0.10294350457179605,0.10361504374219482,0.10989880723512581,0.10268858494498935,0.09846558160945967,0.09755310731080931,0.10576629536339101,0.11115594438075971,0.0967359801742401,0.09664848207127046
6.996996996996997,0.10199734652994982,0.10409281317366144,0.11078521771873595,0.1024479241277437,0.09903279990430434,0.09841929791753071,0.104704782761159,0.10886674934046973,0.09637488029222133,0.09589479420713781
7.007007007007007,0.10204301191226477,0.1045956341534559,0.11161721652501026,0.10248774225326067,0.10015747925867247,0.09769106290115576,0.10503898062310389,0.10881602574142181,0.09484293295870959,0.0955188089438706
7.017017017017017,0.10151825101433949,0.10489056057189484,0.11153373381326111,0.10228258975835987,0.10207234167779541,0.09747205801690016,0.10445189408299087,0.10824205976137298,0.09510406627164633,0.09478861168006002
7.027027027027027,0.10215244639852647,0.10394156407304236,0.11184163991248897,0.10283832622985484,0.10206290630789884,0.0972701598778856,0.10419264670028514,0.10692108096314736,0.09640574596143164,0.09412489065598635
7.037037037037037,0.10189588204810397,0.10407370443108166,0.11121188384082005,0.10268804307833679,0.10204958354549391,0.09714861786782938,0.10467718317774934,0.10772812685757668,0.0966809942956496,0.09393404211846111
7.047047047047047,0.10258339308436727,0.10455519937386061,0.11134234232481857,0.1032988463680175,0.10268319704099167,0.09715204776151182,0.10445355576182119,0.10775223166606858,0.09776413979764699,0.09335583493159678
7.057057057057057,0.10042968114252973,0.10503306536124764,0.11048510675244244,0.10240019768881457,0.10341242728972283,0.09721107909968854,0.10355308495368959,0.10889894126531856,0.09842939021526317,0.09395657020745056
7.067067067067067,0.09987609094830402,0.10521591398888458,0.11046394476002643,0.10212037106431728,0.10321999008155458,0.09818317822088463,0.10361705524189975,0.10889291830362716,0.09643633725295805,0.09324207761110526
7.077077077077077,0.09929768468144803,0.10630013675377745,0.11005121931083495,0.10259010681320731,0.10386614119934447,0.09871831399431356,0.10388798449890778,0.10970162647837335,0.09601196148400735,0.09294938914808872
7.087087087087087,0.09841390620827808,0.10677025211179421,0.10976999167863946,0.10101188217024695,0.10534354080311348,0.09812098193677411,0.10353981039250272,0.10960391624983301,0.09516127146066608,0.09300611683492821
7.097097097097097,0.09735726517143306,0.10839427231286405,0.1103172149804986,0.10040411684014484,0.10553500910083413,0.09915181112101867,0.10413870503443153,0.108485283368542,0.0951102233305745,0.09314122897103165
7.107107107107107,0.0970435437692666,0.10985682152901648,0.11008331824860841,0.09964424716567216,0.10530512580204139,0.0989844412826253,0.10447606113913711,0.10856220815449802,0.09465026256053191,0.09485291028905213
7.117117117117117,0.09763480294934523,0.10875754799728886,0.11087829688431614,0.09921283347418758,0.10501319800349912,0.10001515589946598,0.10510278384014604,0.10822385309840296,0.09388894772363739,0.09587227895118021
7.127127127127127,0.09905952180647354,0.10730548573556414,0.11093675916719675,0.1002721467197652,0.10496415622172421,0.09937346206251257,0.10323204960611462,0.10940024759715437,0.09297207981406089,0.09507738732904625
7.137137137137137,0.09992665493713335,0.10631382788152788,0.1122374465310918,0.09952332771435345,0.10585272809239976,0.099646188923812,0.1040285082117749,0.10856524582906421,0.09386300599028585,0.09339813929172239
7.147147147147147,0.09840570330693839,0.10491470429326391,0.11232411549786545,0.10001146243868701,0.10558048330740846,0.10084570104798851,0.10518920112612758,0.10786784043551478,0.09436189879885189,0.09188280511156799
7.157157157157157,0.09734046144471818,0.10493097712635553,0.11277414865948185,0.09903898661443554,0.10566099871767805,0.09860693304527159,0.1053132841760713,0.10671713076235309,0.094009284060422,0.09297238320648288
7.167167167167167,0.0961949018584316,0.10483864265971995,0.11377328746714553,0.1000439513280432,0.10688376583987151,0.09832607019935662,0.10579973636494176,0.1081439843072518,0.0933435118834224,0.09381161084422801
7.177177177177177,0.0957822757507428,0.10524319841420558,0.11418862761658388,0.09930456574438479,0.10719219331332523,0.09827311973484777,0.1046210130258503,0.10723183776362294,0.0934690900652245,0.09341637604273928
7.187187187187187,0.09735674932391612,0.10593464914921784,0.11318596761772312,0.09851095561167446,0.10723170263206688,0.10007073688089964,0.10373713730680793,0.10738846218082503,0.092396352984627,0.0922107195524838
7.197197197197197,0.09658499215026187,0.1052962462093642,0.11391451455192009,0.09892422812861476,0.106211857314391,0.09972115761249391,0.10370760218722766,0.10749221497035694,0.09393528839594122,0.09189270942178042
7.207207207207207,0.09617108332774692,0.10343953217693166,0.1140316684053006,0.09897678578962003,0.10607580071057231,0.09993405393024943,0.10433987366263187,0.10674879253569283,0.09362300858818758,0.09224779936399176
7.217217217217217,0.09609100741873379,0.10343034282618661,0.11344891917321048,0.09945683098664584,0.10539502011201549,0.10024216804128765,0.10365739706452344,0.10649774042627572,0.09362061642103287,0.09160423386528724
7.227227227227227,0.09645891230615825,0.1042250967129894,0.11315467699601325,0.09793712362677695,0.10586151520466804,0.10011535295046922,0.10409789201921366,0.10598298307467804,0.09358381510982146,0.09150429945707249
7.237237237237237,0.09629329689963048,0.1032580808277654,0.11362329462145256,0.09751300735048773,0.10592135504039336,0.10140713388948129,0.1038117821237517,0.1052245355235203,0.09407340995691757,0.09170623434639875
7.247247247247247,0.09584239026313483,0.10385942897143405,0.1129641365430516,0.0969049618342585,0.10620006611296395,0.10162717748508952,0.1034021406703742,0.10607948844598142,0.09393120099068684,0.09053606209671132
7.257257257257257,0.0960849564369347,0.10381126901701511,0.11245587398485964,0.09622480171537323,0.10620530630134548,0.10174246818217149,0.10271400547959768,0.10662286606150916,0.09447581560222944,0.09094729925643213
7.267267267267267,0.09675474887487555,0.10586267251191067,0.1115230253372843,0.09648057913942475,0.105543757389043,0.10202955225132392,0.10325161479490202,0.10662302253988153,0.09521342358661988,0.09062071932001521
7.277277277277277,0.09796501088610075,0.10458854630148903,0.11174100262201382,0.09613243212530906,0.10469660005818915,0.10273934021802608,0.10081110193443767,0.10710266912730353,0.09592526426633739,0.09011999280980353
7.287287287287287,0.09869131664189754,0.10453785836311615,0.1129306343002715,0.09609423338632381,0.10468094409488732,0.10336400603572293,0.10172150528895041,0.10663782667788434,0.09545193596334337,0.09048103009707714
7.297297297297297,0.09899468585262222,0.10299558353994481,0.11193888482054597,0.09635325773387889,0.10285969508972376,0.10292339337786818,0.10127086174638864,0.10685512122934145,0.09684111094188384,0.09046895365244778
7.307307307307307,0.09902540462920108,0.10236572490235918,0.11235588303895332,0.09534697122362482,0.10368738221641062,0.10233560305442822,0.1022766813286354,0.1075660035894433,0.09578523968309104,0.09182242609677087
7.317317317317317,0.09914806394654388,0.10336120813318334,0.11297311449941073,0.09566134722459604,0.10373936466614922,0.10255503259996727,0.10251425049602232,0.10782008668939493,0.09644304490763472,0.09112951496189278
7.327327327327327,0.10008433858941948,0.10303729482693712,0.11313729010182637,0.0971838465208543,0.10422333944234784,0.10386213603151498,0.10258058501812135,0.10837267719538764,0.09641763567869606,0.09045344647015423
7.337337337337337,0.0996337818795281,0.10426721743487329,0.1136929112724218,0.09844024421100253,0.10499144548460419,0.10486312865799625,0.1031295928679463,0.10761577768684862,0.09568481277200869,0.0884693677204505
7.347347347347347,0.09903462667970338,0.10357454454790571,0.11360132171977863,0.09801056891770678,0.10540096710334017,0.10520142065708166,0.1036454644962893,0.10691351338174097,0.09471813079027948,0.08847246387658556
7.357357357357357,0.09779341647076639,0.10449702204336012,0.11124028609098226,0.09784522887745227,0.10498612400974909,0.10524073497418777,0.10339670248325941,0.10605493813374807,0.09438492912719497,0.09011111853219585
7.367367367367367,0.09742664846375312,0.10265875586810161,0.11108838888096204,0.09725187071240983,0.10583642214199654,0.10477587617386079,0.10429039623602153,0.10608379577862193,0.09405099124253095,0.09063147859351943
7.377377377377377,0.09659789878342667,0.10312217975983386,0.11143187351180066,0.09812006202853789,0.10575411617477107,0.10366753404963686,0.10492685665725231,0.10569297963291398,0.09371496044767537,0.09057468123698634
7.387387387387387,0.09703276994676843,0.1038389322242358,0.11075157209477055,0.09804586457660884,0.1066017341972222,0.10470439925745809,0.1045688794834027,0.10422789054165128,0.09294494763524211,0.09113746922538507
7.397397397397397,0.09775688588221874,0.10409268094114163,0.1100112156507323,0.0979979427461218,0.10709788759048369,0.105263387199273,0.10398285256115644,0.10553906243206944,0.09428731295406698,0.09282111511960743
7.407407407407407,0.09894057562143235,0.10352171164529281,0.1090332482875219,0.0979461069926974,0.10663609119947358,0.10515222984025711,0.10543096622521482,0.10522008478188785,0.09349676003627733,0.09358898864814545
7.4174174174174174,0.09966302111871245,0.10534601151883284,0.10872480461053316,0.09743639185830534,0.1094804763983723,0.10593658129039232,0.104279418213908,0.10440953657493324,0.09219760005711952,0.09208389482625444
7.4274274274274275,0.09963611242311275,0.10443987999912215,0.10906002617340438,0.09599382358433586,0.11026554958919174,0.1061755087350717,0.10341909982224046,0.1040946940577815,0.09241976194919928,0.092188176954621
7.4374374374374375,0.1004220297212815,0.10491398239359055,0.1094650154887074,0.09603515460420975,0.11004960271020857,0.10647989115492314,0.10350021769193868,0.10278907153220238,0.09353662615146933,0.09227031145988945
7.4474474474474475,0.09999746162026094,0.10446256731575826,0.10863712379264817,0.09611017298415057,0.10952768217128489,0.10779761053325848,0.1036323412714574,0.1037053606891951,0.09352511341124689,0.09151489891591735
7.4574574574574575,0.10000914991273617,0.1046962325652005,0.10725074275326854,0.09625626762586079,0.10997568102298313,0.1079261467538976,0.10301028151118521,0.10339086822386521,0.0939310559872435,0.0916225893723023
7.4674674674674675,0.09975755932833441,0.10308258547152502,0.108109947118271,0.09636168420005574,0.10988452404310883,0.10644282952988951,0.10364016717559943,0.1035782868614253,0.09511462314147665,0.09060769200098831
7.4774774774774775,0.0988166907085617,0.1038062445564971,0.10738651980228142,0.09653133317712222,0.109155442712801,0.1069798961346181,0.10478605509147672,0.10198331826891459,0.09444243554693336,0.09021111621047104
7.4874874874874875,0.09905529201548874,0.10447852292255112,0.10715679690218854,0.09687848791218767,0.10867238720788601,0.10563953126668285,0.10459861606882451,0.1015820642393738,0.0954690604686738,0.08969346934530185
7.4974974974974975,0.09849757484342844,0.10503465900423994,0.10770377914946098,0.0967646442394515,0.1082152566652554,0.10390439155910286,0.1040531147989127,0.10153383486057448,0.09631844479378689,0.089570178966748
7.5075075075075075,0.09906009103543986,0.10520509851163522,0.1074254690941154,0.09720835121870677,0.10785309075713402,0.1046420509244862,0.10322336055123253,0.10162717881881554,0.0960140292860724,0.08884862076854375
7.5175175175175175,0.09784637287643996,0.10502652346209362,0.10717577051848862,0.09564181425857503,0.1081524715952277,0.10629371161327816,0.10390409589344628,0.10043487443673793,0.09664010231152552,0.08841366730956841
7.5275275275275275,0.09709672603765425,0.10623465945045467,0.10719782783920052,0.09627630539601864,0.10766333234532267,0.10838714774721217,0.1047765413017225,0.10034612287603355,0.09614060088383163,0.08857676202384772
7.5375375375375375,0.09647582253309789,0.10578352501847538,0.10765139701454429,0.09643640133912577,0.10755395952054565,0.10974332143719594,0.10466524374844262,0.09993411286006905,0.09634064638618196,0.08814880214416936
7.5475475475475475,0.09585088883849031,0.10611100266774595,0.10760072597420292,0.0961411772878467,0.1073099818534289,0.11080985020551791,0.10501359997042267,0.09947999141378834,0.09629982798666768,0.08782424726039409
7.5575575575575575,0.09586146857000848,0.10630197288482235,0.10828644146864351,0.09642234566817452,0.10829796945751534,0.11120457933595389,0.10511181299670373,0.09868326728225406,0.09619883375004847,0.08713849288950484
7.5675675675675675,0.09743560181149973,0.10597185604592271,0.1085609435549927,0.09756799228295403,0.10932669716053657,0.11128222018729604,0.10562358540367364,0.09871078344565802,0.09892033285818642,0.08687993824247922
7.5775775775775776,0.09660244119831715,0.10535761185108702,0.10821315026069542,0.09725747531834368,0.108591410763743,0.11161420658797437,0.10500016439582861,0.09838126707507183,0.09919575481122367,0.08574330816045424
7.587587587587588,0.09529058133004709,0.1059053554146332,0.10812945341222745,0.09685812960374492,0.10724078828264594,0.10986025386186785,0.10476827791285964,0.09926521041135494,0.09816427857497284,0.08692847530252047
7.597597597597598,0.09597045782288147,0.10526966599841688,0.10762037244887313,0.09629076540053515,0.10772153817664566,0.10953316775238828,0.10442743835360817,0.09794017256569089,0.09859803412558299,0.08779655208774434
7.607607607607608,0.09710814817190366,0.10596778718211201,0.10796849758747971,0.09768508913900945,0.10833434446480981,0.1093742004020289,0.1046596487318519,0.09829123398497722,0.0987779569645574,0.0878623735725342
7.617617617617618,0.09651085286732837,0.10631142115783584,0.10778791413876854,0.09890270331324881,0.1070517470474122,0.10923405440649334,0.10571039779557106,0.09798830659816773,0.09783233069103892,0.08817916032583903
7.627627627627628,0.09577360178618215,0.10658658044900751,0.10787619369360697,0.09918071885579705,0.1066782520409223,0.10854580411611964,0.10488882792333938,0.09782817499939983,0.09762895329029612,0.08825882591400759
7.637637637637638,0.09560585802430382,0.10634934550799215,0.10985827003936176,0.10038994278966897,0.10693884117275301,0.10848131486265487,0.10411732498902666,0.09856684264906705,0.0969808015912218,0.08983349266638592
7.647647647647648,0.09623420473991111,0.10654099775956623,0.11017942373040894,0.09988087058744399,0.10741242286321549,0.10913624948051874,0.10333841023677671,0.09982674820054957,0.09655456745765308,0.08942441632076396
7.657657657657658,0.09607438241198356,0.10521864089790847,0.10985690511289246,0.09945627019623084,0.10610109816975899,0.1076073324968398,0.10311641346118154,0.10055402833005837,0.09504249233701682,0.08968743794696525
7.667667667667668,0.09524441838175096,0.10537366371363369,0.1088544881260096,0.09884892843910932,0.10572647791187001,0.10725974040394493,0.10349043676390456,0.10073528539206525,0.09493161138931763,0.09013174207555825
7.677677677677678,0.09661331501569785,0.1055592007367937,0.10908580866349424,0.0988568524126717,0.10626414845400761,0.10775788999100178,0.10241054315886741,0.10178416133109656,0.09441941225478699,0.0901849389635385
7.687687687687688,0.09751688446807848,0.10436773215472424,0.10900123118490425,0.09889869195977911,0.10595850345967624,0.10778056197196657,0.10114112918952373,0.10156993050201872,0.09371503877516627,0.09026740350251951
7.697697697697698,0.09678533020749489,0.10420997002880937,0.10973654304940193,0.09912120604830482,0.10536566022181015,0.10833241005834038,0.10206890465202342,0.0999315175923231,0.09391088813351454,0.09054278095823988
7.707707707707708,0.09700248636992545,0.1045649334194555,0.10877539319154306,0.09860052707682114,0.10421832066809458,0.10871542149767066,0.1018830674635769,0.0988509668172515,0.09341931468167165,0.08975777188819524
7.717717717717718,0.09765775030162141,0.10406899407401327,0.10937031102683673,0.09858642840919779,0.1034372090720891,0.10860797729817596,0.1008780974517466,0.09925223480720635,0.09371693685542526,0.0900388417624832
7.727727727727728,0.09775903291936221,0.10452853603734368,0.10873956990023421,0.09862485195939998,0.10432769468317066,0.10784165731204214,0.10241538132010915,0.09904611714431291,0.09426053343676913,0.0900704809417718
7.737737737737738,0.09863556364428287,0.10403106943211497,0.10873270667721771,0.09824258450530247,0.1028748568826486,0.10771266139489448,0.10226588426602425,0.09871600060407237,0.09274212286298375,0.08950670632565239
7.747747747747748,0.09823822856322328,0.10438619189779966,0.10830654407292054,0.09801850001055011,0.10233331892363343,0.10790527878178642,0.10279980479639333,0.09731481580926271,0.0922448034866181,0.09000741673191504
7.757757757757758,0.09817684448301972,0.1048749029285587,0.10690269640502877,0.09883422908956516,0.10173061209125557,0.10803249153197873,0.10477853751867836,0.09808665534679842,0.09280147552461457,0.08820879513667237
7.767767767767768,0.09906270954636945,0.10425598398781832,0.10577764162073394,0.09795193701674684,0.09994861219188121,0.1073382212483464,0.10460689576040262,0.09814861453198089,0.094206322005039,0.0876326255357275
7.777777777777778,0.098182314498043,0.10353935204860279,0.10631114629006418,0.09750789044906209,0.10043065341350885,0.10763271072343437,0.10524700586307895,0.0988062439007123,0.0946614468787377,0.08943817507126324
7.787787787787788,0.09893147024279615,0.1037137262965799,0.10608298727764738,0.09812341352063862,0.09898114761407796,0.10784215915386544,0.10506123180270167,0.09862906163252276,0.0940400322423657,0.09010231309711977
7.797797797797798,0.09881559844730801,0.10270171232211116,0.10516779993948547,0.09788446582924124,0.09880175185354678,0.10854612991708566,0.10412637292101215,0.09843641029782367,0.0943842876844772,0.08868440717055104
7.807807807807808,0.09873121144865102,0.10272413899574337,0.10583145419974177,0.09734215296357447,0.09872189038436775,0.10665706562167994,0.10362350686167521,0.0980667008681645,0.09511370969610741,0.08866702636648999
7.817817817817818,0.09812801165558993,0.10235462154574544,0.10516293300569943,0.097638733756862,0.09821128328711001,0.10681763736977741,0.10351089319644453,0.09755353427059635,0.0945004596320799,0.08846931882947405
7.827827827827828,0.09797087369957391,0.10254531407441797,0.10499454684424092,0.09874803380062122,0.09735287119392654,0.10628865373202895,0.10466371801780455,0.09824618057753433,0.09638205060332346,0.08929441959645383
7.837837837837838,0.09872662826617777,0.10168430326734235,0.10604498145661428,0.09889587428914985,0.0985953534032434,0.10652574211969575,0.10518475713544145,0.09907744298286127,0.0952904720080013,0.08901918138792152
7.847847847847848,0.09908811488461201,0.10183693654184721,0.10572509855036093,0.09841526212141774,0.09866630961950265,0.10656106660177425,0.10347801284348064,0.09974829021892194,0.09607481424914292,0.08919511732568626
7.857857857857858,0.10070340179194567,0.10093208476910619,0.10758157063704903,0.09831354940688725,0.0975612602389841,0.10580240975833105,0.10534691234604793,0.09981430730493243,0.09612518578287216,0.08967620932999541
7.867867867867868,0.10057781083533915,0.10038118628819132,0.10851595466734969,0.09766994100205374,0.09745410106787898,0.10553005525928763,0.10544979106772188,0.09922606733239688,0.0959452323266547,0.08910567133827202
7.877877877877878,0.10133982316255442,0.09966570576464652,0.1082750046952975,0.09738340345651213,0.09745688792742833,0.10568412104829968,0.10572201657752406,0.10068829848090317,0.09656628872344356,0.08823529079344164
7.887887887887888,0.10045675947972828,0.10126931516386325,0.10846139555036181,0.09778053702370076,0.09761792968252031,0.10580830588373347,0.10595525967766835,0.10008271484090898,0.09707798637594066,0.089174619686444
7.897897897897898,0.1008432670299112,0.10243767046671777,0.10919315041702919,0.09717170294063497,0.09816571477875895,0.10728438896097182,0.106114691060541,0.0999846625991712,0.09570944191173969,0.08967559494228838
7.907907907907908,0.10011261705302506,0.10257211184158904,0.10869855778002446,0.09792465200283562,0.09692867054814781,0.10720320609369281,0.10624234998047292,0.09957388283156957,0.09435332892933153,0.0887570255042244
7.917917917917918,0.1003041317759052,0.10347300997870945,0.10910634412153147,0.09835564671279239,0.09668470018158609,0.10792040446604487,0.10433287867547347,0.0984490084339807,0.09503200728940152,0.08823598036325274
7.927927927927928,0.09986607689656729,0.10244886446852344,0.1088896310873128,0.09846173154444475,0.0979003189291441,0.10721047892795917,0.1027464397277698,0.09903053144714592,0.09535622109770175,0.08762034534882697
7.937937937937938,0.09965022652760216,0.10171260800302094,0.10845163561971095,0.09820133374353925,0.09828115102838876,0.10649996791507506,0.10255309596946564,0.10021801576015972,0.09400628821912324,0.08811569845640088
7.947947947947948,0.09902992174418103,0.10104586275433482,0.10810690744148863,0.09757308992615514,0.09826738732826638,0.10657239150989532,0.1018096786221232,0.09972383139221519,0.09400332169720406,0.08745109934802871
7.957957957957958,0.0977537197231782,0.10051678492852725,0.10816374178600037,0.09632711249798442,0.09856039769480969,0.10554951152561534,0.10285078307509649,0.10097997535762054,0.09251959668579737,0.08727609324143307
7.967967967967968,0.09825772355627793,0.10051435014752996,0.10935840706654609,0.09738582208733737,0.10055247483767253,0.10587667425996895,0.10261183295516908,0.10101492664018653,0.0919945665342153,0.08910566828855548
7.977977977977978,0.09833773702173484,0.10052257117374137,0.10928139010348296,0.09764663628520798,0.10049265776006698,0.10490154154704621,0.10279347519018624,0.10178909009338673,0.09168267818133925,0.09017372451791235
7.987987987987988,0.09884562449411172,0.10084097723699767,0.10848395683269693,0.09811197369276473,0.09908524774062463,0.10517794107975992,0.10240096211985311,0.10297876897688461,0.09193386022210173,0.0908059178245495
7.997997997997998,0.09849728509029566,0.09957588796456285,0.10838791116631821,0.09816861625597618,0.09909762894691297,0.10481388138241335,0.10273002359144824,0.10247172794059287,0.09136506497790212,0.09174730049216005
8.008008008008009,0.09883423394815849,0.09840128252240095,0.109316349910801,0.09899091745745228,0.10040518037186215,0.10485365980244116,0.10190084322091975,0.10248106369127952,0.09084646083388283,0.09161389139342976
8.018018018018019,0.09946443068311005,0.09948189814271607,0.10933431105439727,0.09958692691091178,0.10122682815703721,0.10358731813541165,0.10168201935280366,0.1021867291738607,0.09187761543868674,0.09092826631808408
8.028028028028029,0.10042425237136404,0.09902190668678139,0.110274616871086,0.09920037495687967,0.10181044856046745,0.10354197796168216,0.10222405514433015,0.10215085435297999,0.09214909660574562,0.09066400567568282
8.038038038038039,0.10232913589116589,0.09792241934598214,0.1109120583931852,0.09903879857869521,0.10091395223221526,0.10446684592434731,0.1017005389264179,0.10062597793956202,0.09311410604674424,0.08952273344446589
8.048048048048049,0.1023939613363969,0.09848789489224452,0.11163935357225037,0.09927327890396263,0.10072397933329257,0.10423168559563466,0.10158185673733078,0.10102296763627266,0.09332099489845641,0.08985505334069947
8.058058058058059,0.10136699578655065,0.0982699473059301,0.11055481278615666,0.09930147318573009,0.10099198844276316,0.10372437132788993,0.10128726649923495,0.10134683927023802,0.09444376835284951,0.08952193654107271
8.068068068068069,0.10091341108744666,0.09797572162271269,0.11090472369758045,0.10069379704345176,0.10215279737820722,0.10395198625695073,0.10099637447226903,0.10181640367570471,0.09456978532393745,0.09002374923028045
8.078078078078079,0.10130010206758874,0.09815356335609006,0.11123647098292819,0.10304742999848097,0.10171538452469558,0.10449011724242306,0.10100760231336431,0.10274143996777686,0.09492087631763903,0.08990826561714302
8.088088088088089,0.10077275222927096,0.09838489976310212,0.11094249751541257,0.10367760624069336,0.10070905559063263,0.10389114391288357,0.10103275234889977,0.10189430791346135,0.09475048448699548,0.08961584576090274
8.098098098098099,0.0999878007973132,0.09752892640402931,0.11088081813453052,0.10414842177336804,0.10113338234442397,0.10314607265882932,0.1011118586167364,0.10203025269816494,0.09429963738145622,0.09071775779831454
8.108108108108109,0.09993141213663972,0.09738319863143491,0.11228216878119418,0.10330142566127577,0.10161994457938692,0.10328443414271991,0.10149566155729658,0.10186771423038828,0.09383733386245492,0.08958028260569145
8.118118118118119,0.1001765731784339,0.09853935388181767,0.11273387347094702,0.10252476571974323,0.10062671101356323,0.10341318910377217,0.1015659584827859,0.10157077873447692,0.09402421453582405,0.09033650719377052
8.128128128128129,0.09995550436592564,0.09900235068369713,0.11279502393290819,0.10380802747543623,0.10022493707710538,0.10324851395425443,0.10003009441888508,0.10169595980445573,0.09376985327623855,0.0910286001773103
8.138138138138139,0.10041592281071984,0.09990379423902948,0.11337044056709956,0.10651010066231317,0.10148579851325477,0.10280925932213962,0.10075574071032556,0.1017322301064153,0.09360590646142529,0.09062708958917622
8.148148148148149,0.09967082141194515,0.1002486154226259,0.11304239557206817,0.10702692085839972,0.10084041090333529,0.10191858179700287,0.1012908236392588,0.10099767344962071,0.09301426678618377,0.08984758567281255
8.158158158158159,0.09871476968660252,0.09949990652431208,0.11295587121652594,0.10620442203129615,0.10017906635126546,0.10136946870911485,0.10234384448671145,0.1006178825927809,0.0931893759209202,0.08982550061708429
8.168168168168169,0.0984146711790528,0.09918948450671289,0.11212669081645943,0.10631963370468052,0.09866744310652859,0.10027229968447651,0.10265345894133604,0.1015476841851653,0.09334792790688295,0.09052547943664735
8.178178178178179,0.09841814630588344,0.09890604400775933,0.11245290463577176,0.10598580409766706,0.09951180157505077,0.09999169065690015,0.10061416881538136,0.102861805824511,0.09332602494946579,0.08965596099452416
8.188188188188189,0.09810547214377549,0.10023049756835017,0.11162395519470014,0.10583543982548274,0.09991627384691959,0.10022764965035892,0.100084599853939,0.10130021795643528,0.09229670051921861,0.08899737028699092
8.198198198198199,0.09799296756034058,0.09979674224789346,0.11233492739168316,0.10614901881178378,0.1001836138504466,0.09944875212704261,0.09787456200965834,0.10142963638755859,0.09234014769891519,0.08958553324348653
8.208208208208209,0.09838105575459617,0.09994644573325653,0.11148516050932172,0.10688403061683939,0.10074882981846114,0.09947672235887858,0.09701130564807603,0.10239573704780434,0.09252278680769838,0.09049186593591578
8.218218218218219,0.0992108833465317,0.10023855763345074,0.11175340597975224,0.10730755979946659,0.10011852815837693,0.09876340451992267,0.09550838998089406,0.1017793838968353,0.09192978163613469,0.09130123172169008
8.228228228228229,0.0995484461966587,0.10096839523734086,0.11080766610755162,0.10655451091664098,0.10035930594042217,0.09869241033127832,0.09476030138818194,0.10305365034448094,0.09265809254355654,0.0909164880233673
8.238238238238239,0.09837000737947857,0.10212922427087115,0.11022833751954127,0.10681117951777361,0.1001297430767852,0.09820152650862245,0.09466002505101996,0.10416336812138365,0.09399294148865671,0.090959576502321
8.248248248248249,0.09634132010939124,0.10176885219296515,0.11127845429057845,0.1062977668038656,0.10026444159991625,0.09987296295381816,0.09457157352541296,0.10411921436431039,0.09451444694274326,0.09091474101657526
8.258258258258259,0.09585100119941613,0.10242097969767593,0.11066571954653268,0.10837394523076346,0.10113384472667843,0.098986712738077,0.09335462971844753,0.10446923548931512,0.09491121789184656,0.09132951133544892
8.268268268268269,0.09630879271353004,0.1035158266420454,0.11087084330364864,0.1087005973667898,0.10088805439843854,0.09812199045379538,0.09347863136949397,0.10432095301198195,0.09398128838977973,0.09078756524084847
8.278278278278279,0.09685456969475646,0.10386592361937484,0.11195645410372508,0.10873140859888457,0.10005120962741051,0.09994594029896808,0.09309972029476485,0.10392315695340183,0.0937590388518101,0.09097982730343233
8.288288288288289,0.09699800818746657,0.10376794236527805,0.11293594543300878,0.10710652669432046,0.10147996833147013,0.09919900396532125,0.09240262216596674,0.10320371697758891,0.09321551426284964,0.09204194472599156
8.298298298298299,0.09724214083961481,0.10484344459839474,0.11230183682100736,0.10583171871591214,0.10119396564013755,0.09927303360402154,0.09313500737225491,0.10352887968958734,0.09365728191331732,0.09251813542651015
8.308308308308309,0.09782671280753602,0.10602591181311913,0.11273601097241324,0.10504572087320092,0.10310296627780063,0.09800303465366729,0.0925716798176858,0.10443409393396147,0.09416369875811957,0.09303888147044617
8.318318318318319,0.09798242008059746,0.10614955110671488,0.11153473462874988,0.10455192141208881,0.10495737346573604,0.09895276461892015,0.09328324271533672,0.10465494279585798,0.09427718552752525,0.09338794023232132
8.328328328328329,0.09916015482808188,0.10605266117401888,0.10986198756607568,0.10476353244275488,0.10639098869457744,0.09937647253501956,0.0940415098597516,0.10447193125231337,0.09409913075177716,0.09351041443855138
8.338338338338339,0.09836355434460134,0.10573720962071995,0.10971149560646373,0.10507644921234296,0.10709097410097024,0.09851634989213745,0.09358606447876858,0.10337581783666866,0.0931471372569577,0.0923339410951642
8.348348348348349,0.09841246500423843,0.10687111205899755,0.11047663138787264,0.10623706635952726,0.10720152428148813,0.09856176629231679,0.09410335791613408,0.10276373062204805,0.09363992305007915,0.0924377612159771
8.358358358358359,0.09820505116137089,0.10650360431728352,0.11012681344584041,0.10695185368436855,0.1068175188119411,0.09886434577239615,0.09380254851005516,0.1044871534257699,0.09401602989037236,0.09459508756294895
8.368368368368369,0.09802809616264045,0.10587253322043197,0.11108032091650477,0.10763181238347157,0.10684202080274308,0.09839397146945987,0.09374014963139723,0.10361233110983226,0.09530339904321082,0.0955100078956848
8.378378378378379,0.09800730792389456,0.10668307433247325,0.1108583687392321,0.1076064976267162,0.1066657916290522,0.09775469313728896,0.09259921872697749,0.1028301298340462,0.09513381168302157,0.0968907168025757
8.388388388388389,0.09720458177093812,0.10663798703783084,0.11205752892550783,0.10721428349809971,0.1058532267052732,0.09805244299677503,0.09292648710022149,0.10292547686452028,0.09538878653932807,0.09633537681956002
8.398398398398399,0.09733446585827808,0.10567005160022067,0.11295278133010465,0.10741836741547502,0.10490692144962288,0.09784313398253278,0.09309717749312829,0.10347353185643392,0.09419554774012379,0.09729228049195814
8.408408408408409,0.09718954430294914,0.10642274352484016,0.11421994056612829,0.10856758697888397,0.10472397920590475,0.09697861528575284,0.093807731728259,0.10356555516546649,0.09459503365076097,0.09762738562455807
8.418418418418419,0.09820619289014941,0.10539065477151877,0.1133924245535319,0.10808986122854755,0.10650055902735046,0.09887464843586231,0.09476055831912009,0.10338025981148728,0.09344864643782388,0.09727261229084654
8.428428428428429,0.09832548446410412,0.10542772080153844,0.11352985235943182,0.10764149250748756,0.10695915526500287,0.09915233520243821,0.09620202502079415,0.10231955857179727,0.09413441771132823,0.09559082425555854
8.438438438438439,0.09849821795132005,0.10587602847765172,0.11345539101346416,0.10697682230444466,0.10692023388267584,0.09958145042693736,0.09679208817610406,0.10247920705840184,0.0937192378835813,0.09652763782613996
8.448448448448449,0.09806361920986127,0.10565897147429916,0.11341663647880776,0.1064414365171989,0.10614008852790947,0.09994834788967502,0.096443541531053,0.10198507491276648,0.09385149483801554,0.09643307352546422
8.458458458458459,0.09825164475283092,0.10525057383848758,0.11405686851270525,0.10626248365956224,0.10618192043168659,0.10055480896963157,0.0976578776189477,0.10136067199038701,0.09438432310256933,0.09562976296883603
8.468468468468469,0.09817148228445863,0.10533363569240597,0.11310613899359015,0.10658408059329544,0.10683457241141288,0.10072714162450326,0.09840545962668557,0.10075332474736036,0.0955674221392137,0.09482012610477436
8.478478478478479,0.09738093785121175,0.1048402619650046,0.11285446061261994,0.10819872394012715,0.1067648803712355,0.10041035713696658,0.09874593857637838,0.09980438514698124,0.09726209465658307,0.09384872277436006
8.488488488488489,0.09737101797200684,0.10582748229500737,0.11286659438996031,0.10882487942349828,0.10697157408519341,0.10213244443288234,0.09852541237630823,0.09985335205713788,0.09667373137113877,0.0942750148032286
8.498498498498499,0.09758274795937294,0.10622438235677921,0.11224891917048672,0.10899759620174466,0.10663252105377778,0.10327565397975974,0.09762451512665489,0.10036455606245363,0.09618983060629718,0.0943467132118114
8.508508508508509,0.0976011822539494,0.10667888181837781,0.11334392585785213,0.10809324155260845,0.10689773557850381,0.10260476839696717,0.09673119521146072,0.09914198401832476,0.09592769672431452,0.09367138188391777
8.518518518518519,0.09716346543141277,0.10644348841492009,0.11374704377308473,0.10815748737958873,0.10707987114615038,0.10253971722126352,0.09499317868648816,0.09935538653102033,0.09575025976169572,0.09297195062235146
8.528528528528529,0.09777904563540726,0.10791037918947534,0.11345643996180456,0.10709762944576595,0.10706373382743589,0.10177211961005322,0.09471257082997458,0.09976469492331393,0.09576792386693946,0.09407933995473115
8.538538538538539,0.0978000533552415,0.10696858351636646,0.11240623549744458,0.10827547662853498,0.10684319591486166,0.10350665103569767,0.09330253927681523,0.09993158590559159,0.0955530195540672,0.09312263536081747
8.548548548548549,0.09754496873965039,0.10698891293207084,0.11280993528321405,0.10753748777633117,0.10550961589607058,0.10404792323095652,0.09363774656343658,0.09982585892551744,0.09603278085627646,0.0936352710177308
8.558558558558559,0.09785366833535238,0.10586193715822435,0.11362470068824593,0.10756947971830705,0.10544642152854726,0.1033502630194848,0.09308336265591041,0.09853887141967178,0.09639505347975802,0.09454713042354604
8.568568568568569,0.09688797712107858,0.10588188869986917,0.11376103697544158,0.10745917621779143,0.10609220874903921,0.10385042764369719,0.09290229670222658,0.09758608552197551,0.09695330493794817,0.0947762458379586
8.578578578578579,0.09702549700941103,0.10549017916193125,0.11363869176209011,0.10711430807930683,0.10607723770107515,0.10293683601699546,0.09343648508190688,0.09731717862378343,0.09678639821024025,0.09554503622105481
8.588588588588589,0.09750692549748423,0.10504368996597192,0.11295525317539201,0.10675695286113016,0.10585891023386751,0.10269847390015086,0.09148718450145368,0.09744307301761007,0.09630039629941077,0.09552435321221882
8.598598598598599,0.09686806003142621,0.10432035735805462,0.11153404219689847,0.10571187412055769,0.10492313916302796,0.10386542716895265,0.09112050135036331,0.09771196819349227,0.09582493923152183,0.0960199463349472
8.608608608608609,0.09633632914695711,0.10575447642347742,0.1107832154545296,0.10546447086275221,0.10443866114602636,0.10478773430587454,0.0906508238505067,0.09764312963275558,0.09564513211511098,0.09582337874919182
8.618618618618619,0.09600253987984951,0.10569528758592084,0.10899301017176223,0.10552054330655489,0.10519689104690563,0.10438821774685046,0.09079311368018596,0.09692479230913607,0.09531650656811706,0.09619163802435143
8.62862862862863,0.09581892988090196,0.10652675101721851,0.10950849987505308,0.10623164415570517,0.10315934060495877,0.10307323578503169,0.08981751620810376,0.09635258743515257,0.09580610468213024,0.09634392725745902
8.63863863863864,0.09640434132190136,0.10709177515733384,0.10946720899933012,0.10647583561409767,0.10476478841513867,0.10364323783071068,0.08977685368867822,0.09614414603704394,0.09547227195211978,0.096569452803372
8.64864864864865,0.09696419687438126,0.10698784520440506,0.1086490459117531,0.10708672047441006,0.10326427785610659,0.10318810016427177,0.08878694460086729,0.0960785536978184,0.09346276464136125,0.09671710100724246
8.65865865865866,0.0964921207085995,0.1078630914666672,0.1089327505898422,0.10703935654078865,0.10155298641959758,0.10342387943890591,0.08976909444851686,0.09547036487994134,0.0924468555014133,0.09587696014546418
8.66866866866867,0.09631958329327066,0.10793374337341764,0.10782521049589151,0.10721428351759335,0.10193324498090285,0.10180261211548826,0.08887681926790682,0.09511091506289225,0.09288481494266775,0.09710037567215049
8.67867867867868,0.09658930602117236,0.10889480923521855,0.10802892224840208,0.10670597351082944,0.10176629904849545,0.10167774064531424,0.0870706479945325,0.09501346339190905,0.09348758248605352,0.09638484819952849
8.68868868868869,0.09606706779089377,0.10807228097445537,0.1090973926158603,0.10690225982532012,0.10282993985124604,0.10179068162054994,0.08649309915932062,0.09488661210216655,0.09251015978745379,0.09431122046684508
8.6986986986987,0.09664591646328291,0.10763358174905538,0.10911158079014018,0.10570722520264433,0.10274133918446769,0.10145618773702333,0.08711900433848309,0.09434767590544306,0.09277706143049677,0.09333671809534079
8.70870870870871,0.09672192976230985,0.10648715375289504,0.1091458743814752,0.10641285867700709,0.10204909772725866,0.10157379615574787,0.08770456819115104,0.09577676202574034,0.09361688276256773,0.09329423810298382
8.71871871871872,0.09621496513484123,0.10456062367575786,0.10885139920967848,0.10649051123559654,0.10174058802777036,0.101479745386403,0.08661224964098135,0.09678165780824932,0.09376470123283304,0.09383568918849314
8.72872872872873,0.09612918206358183,0.1031277161049657,0.10884444738957556,0.10698349894151624,0.10227534213512054,0.10114919784748957,0.08696862300789075,0.09620045673724575,0.0936332381280753,0.09365724826810946
8.73873873873874,0.09674818783954471,0.10359505610011113,0.10858970247023737,0.1062804085413804,0.10275767286633593,0.10193109651415552,0.08648202010844933,0.09702319276141463,0.09428063236042585,0.09293106657717175
8.74874874874875,0.09558984697216832,0.1030333012367838,0.11041590110166351,0.10598378973404703,0.10214169427705948,0.10178805660269573,0.08552696314071834,0.09766727068864103,0.09451630532438693,0.09194914100679552
8.75875875875876,0.09570699625580396,0.10310978989341398,0.11043683820119594,0.1051025348338079,0.10263534926689749,0.10136656984452051,0.08532141318009333,0.09849249832659744,0.09502996742358288,0.09126369780505732
8.76876876876877,0.09580233261342443,0.10310847376676836,0.11032786268628146,0.1044046404138396,0.10302963494246277,0.10184281730182353,0.08577746230598443,0.09787556220678821,0.09608734441285055,0.09200171449843629
8.77877877877878,0.09549036432042063,0.10301548206747829,0.11043471248896372,0.10391270164258398,0.10450211161635058,0.10190175465543659,0.08378505227691023,0.09753734561573438,0.09639499832033113,0.09202585417421999
8.78878878878879,0.09497230424521133,0.10550124393411818,0.11022534336471827,0.10289417007894541,0.10386076709257923,0.10238887370338595,0.08508292614743553,0.09810439140860637,0.09681935685959875,0.09177707228322478
8.7987987987988,0.09557475628672055,0.10511967752849286,0.11064330747662944,0.10194946890691418,0.10420212491447076,0.10275949011826123,0.08545721168535231,0.09701350253737186,0.09691970433816262,0.09208612643084603
8.80880880880881,0.09540792095544073,0.10536061823522071,0.11005367867138838,0.10353953523449493,0.10408970193425039,0.10272497252150038,0.08436443018731,0.09744722411625359,0.09645140059415706,0.09202133253625502
8.81881881881882,0.096430794309584,0.10519381924934626,0.11003183228354003,0.10417369242259135,0.10400646416084305,0.10330563143507188,0.08517031660218763,0.09792002389999621,0.0980846615674249,0.09261949593310274
8.82882882882883,0.09611639516793555,0.10307102887381364,0.10968329457417676,0.10461820296358805,0.10420722368560086,0.10298529613627748,0.08376455709870143,0.09944560653874465,0.09957903898297155,0.0930187191752112
8.83883883883884,0.0956832321628724,0.10350299629957828,0.11093824369135807,0.1048085001172311,0.10356355278968073,0.10347228475099256,0.08437472305268376,0.0997376871485758,0.10008135018665867,0.09370700102194977
8.84884884884885,0.09484406236666992,0.10233844111906541,0.11048933002084187,0.10421207782494915,0.10368083644671032,0.10267829523956974,0.08453029916960057,0.0992592305962937,0.09962001430744202,0.09486590003700604
8.85885885885886,0.09335545867465575,0.10173605047889285,0.10953307047689569,0.1045063572407141,0.10429583488523195,0.10277303371816086,0.08510900808791504,0.09939113252877649,0.10107998477367809,0.09544043390700818
8.86886886886887,0.09294650760731225,0.1014733931193573,0.1089880163858243,0.10459699408119855,0.10396785396363874,0.10211287595719337,0.08617788698508044,0.09804877166338376,0.10072574083621003,0.09546151184245301
8.87887887887888,0.09162788343322277,0.10148748809425673,0.10906494013180448,0.10516328028275869,0.10502620807339229,0.10230263773599206,0.08726608150194917,0.09896485099313271,0.10307021654320271,0.09492063964762314
8.88888888888889,0.09146119381781576,0.10193157669015755,0.10874127728671805,0.10548091834236868,0.10538402291125963,0.101677202305668,0.08842591546146249,0.09995539453605753,0.10352170128622404,0.09579138417044038
8.8988988988989,0.09258341449388965,0.10126763579940713,0.10804373282542153,0.10585161608142547,0.10537590307792857,0.10258405143500095,0.08898169463112224,0.10044496045877888,0.1039235380311448,0.09555293669554446
8.90890890890891,0.09161597674199644,0.10188691251404879,0.10811160100847404,0.10438493004863234,0.10696896008887039,0.10413725166454672,0.08991960402520663,0.09998425123049386,0.10369131449189907,0.09615479033181575
8.91891891891892,0.09133388886336005,0.10071742715970113,0.10966444058654999,0.10499963642090412,0.10875008051535952,0.10372929227747603,0.09051055736747614,0.09830787912610628,0.10227611528864411,0.09769894681651034
8.92892892892893,0.0911802035568028,0.10151262052556237,0.10962747132631523,0.10609764663839795,0.10967366430596452,0.10423029649153001,0.09001781126396541,0.09691415638464712,0.10159912340079731,0.09745429531700253
8.93893893893894,0.09038644541870937,0.10250656759618895,0.10904757400624851,0.10605347976686905,0.10865849783408803,0.10326399194322322,0.09022731405641973,0.09660420961096507,0.10106942329435631,0.09814165330866105
8.94894894894895,0.08978921254381635,0.10343029891869647,0.10870093086831105,0.10602168961233362,0.10980099070329363,0.10215842293818811,0.09072417536600973,0.09694349699703983,0.1028660632108748,0.09895037391421736
8.95895895895896,0.08909791213946623,0.10352451166759392,0.107353730382776,0.10578982350303244,0.1093189833495174,0.10067919869388277,0.09151163316624764,0.09677949507555478,0.10189778051182195,0.09956833222190786
8.96896896896897,0.08896477628498244,0.10395882713443574,0.1063878365785221,0.10663971960115604,0.10964567949809363,0.09942488271160489,0.09192017112305076,0.09636693403607963,0.10175129403367036,0.09988225494179856
8.97897897897898,0.08900158483980011,0.10316665491719082,0.1057667494105534,0.10673897119757934,0.10917124836809347,0.1001043520683134,0.09138610955350347,0.09745754789471828,0.10225218102498727,0.09979624143744303
8.98898898898899,0.08852546051245654,0.10327793838258086,0.10557268936073033,0.10736862060162417,0.10943432922040172,0.10102078728678092,0.0921972358772302,0.09603392589496265,0.10020258678752224,0.09992105782681204
8.998998998999,0.08861884172569412,0.10329782790940306,0.10682521197948626,0.10716162353520367,0.10850007092656323,0.10125391819326776,0.09165908642458306,0.09599012083899952,0.10109988414219075,0.09827018744813071
9.00900900900901,0.09024588994176605,0.10414042471065431,0.10560683412992658,0.107705280516681,0.10845561910750631,0.10023252534485948,0.09130020068079088,0.09659918607147486,0.1007187346733818,0.09713126334603843
9.01901901901902,0.09070190461864745,0.10348542206969959,0.10552598943948095,0.10709703800909243,0.10831243277606739,0.10090951291727665,0.09120719899452896,0.09637566952158735,0.10238411877178955,0.0976263299129589
9.02902902902903,0.09116167683155374,0.10331149743071608,0.10661641246810943,0.10751080939479993,0.10786309700382878,0.09989898117175634,0.09073846712315449,0.09775773099811867,0.1036362243021476,0.09756266057567646
9.03903903903904,0.0910537036491204,0.10422158646885751,0.10839788073109734,0.10713317227052853,0.10834317376122879,0.10021339498348701,0.09035517084503014,0.0981525381248345,0.10357424469547176,0.0970489578123696
9.04904904904905,0.09158258559158382,0.10334376459901123,0.10740857632707491,0.10652072433324533,0.1091081659819896,0.10070490494280768,0.0892539641599331,0.0976973503272503,0.10435794521903002,0.09641381230572346
9.05905905905906,0.09194617275843832,0.10305865388255421,0.10871640299949334,0.10721950241100514,0.10933602049065277,0.09996771308799639,0.08915173811203769,0.098707311348868,0.10294413419828864,0.09628718229778936
9.06906906906907,0.09084415473869015,0.10236790703136049,0.10867984971668976,0.10802792538684691,0.10909654488741875,0.10065182870201828,0.08853042382496482,0.09825711603156019,0.1040986665680433,0.09482743148319411
9.07907907907908,0.09054305885883691,0.10238709015792544,0.10861319981949115,0.10757489349309643,0.1087556837028634,0.10082304332939267,0.08814004851695796,0.09829265908775987,0.10436063446230462,0.09487802879812737
9.08908908908909,0.09100953979746154,0.10243801961241863,0.10729705928037334,0.10507999689418118,0.10686769127470966,0.10086722112948023,0.08822156609705062,0.09980926432950159,0.10568065905233119,0.09485273196403633
9.0990990990991,0.09167333614811912,0.10220230987702696,0.10581893898124882,0.1049582928655773,0.1066141818406798,0.10106017332298935,0.08779989134607652,0.09931905026521885,0.10615871622427976,0.09551521158971701
9.10910910910911,0.09192726230092907,0.10075745401986144,0.10557833753955649,0.10472188385147063,0.10634055690621334,0.10033944444854641,0.08873345279403479,0.10087097189209629,0.10617398068566869,0.09561519845427642
9.11911911911912,0.09262335863923636,0.10041232689907956,0.10552318489923333,0.10493291612554163,0.10713248193387548,0.09984508194594711,0.08851361203058501,0.10096127255284579,0.10712104678458756,0.0965323246542458
9.12912912912913,0.09247330177326779,0.10116891127179575,0.1065336486368627,0.10464570349419276,0.10748760962727079,0.09874782607962798,0.08911085470960758,0.10063007910555748,0.10447702741371367,0.0952837843559108
9.13913913913914,0.09245392720470755,0.1015612061640954,0.1070857369947569,0.10270267097676623,0.10788486073016669,0.09905895367120428,0.0883396461160877,0.09998886518220994,0.10460136951632706,0.09592899489199286
9.14914914914915,0.09204060787381134,0.10071496513183079,0.10671622460594309,0.10390092082017287,0.10672584705275165,0.09959012754135302,0.0868044058657617,0.09942601317292661,0.10415376080706633,0.09540741393711127
9.15915915915916,0.09202093505824814,0.10139351039567174,0.10708357795888174,0.10336537154427246,0.10625661923348506,0.10014094083300697,0.08701263071759839,0.09993019334782173,0.10433876196666717,0.09555677681189513
9.16916916916917,0.09273919870397897,0.1015861822912765,0.10790002120668367,0.10341320518644562,0.10600398414661072,0.10089894037697722,0.08581949413393601,0.09885716744199799,0.10550355878281088,0.09449592575365609
9.17917917917918,0.09292805294894935,0.10134569626551218,0.10743257684992658,0.10280543144970843,0.10652457974834904,0.10161160167400751,0.08630750471698669,0.10003686894884802,0.10617592959073353,0.09377453005211198
9.18918918918919,0.09276988690253823,0.10231329630677112,0.10864296830369873,0.10195125569193061,0.10602444512070451,0.10265839417827423,0.08606799065039941,0.10053776785649825,0.10606926805729507,0.09380517713942256
9.1991991991992,0.09308138323656044,0.10337785473701723,0.11017245848128915,0.10133833819335673,0.10584796486120943,0.10348699051974415,0.08637473557519505,0.10048508667153375,0.10555298267406567,0.09492602889559065
9.20920920920921,0.09352034105418273,0.10396241266597608,0.11033230033928276,0.10288503533276988,0.1061191726740926,0.10220627587240352,0.08673057128339828,0.10122940054266613,0.10614715869811188,0.09613410064147684
9.21921921921922,0.09275569443183022,0.10381833585516946,0.11016537992767345,0.10427911080782742,0.10651402166527604,0.10273644798087307,0.08756134387158197,0.10174988740175116,0.10670902212938128,0.09609423826201541
9.22922922922923,0.09247212392046746,0.10285800262753034,0.11055538103565024,0.10457189959425932,0.1062509057250117,0.10359474632318519,0.08738025615245217,0.10164177270340227,0.10682753403141677,0.09613849754949459
9.23923923923924,0.09192426357115172,0.10277703089585993,0.11051454179830826,0.1044136978154199,0.10657468902872397,0.10397608954443037,0.08705577003432673,0.10136317642834439,0.10710813530161602,0.09619012504754788
9.24924924924925,0.09221305891690383,0.10188341930414513,0.110946164821097,0.10482178289668773,0.1074181751507668,0.10398741018720407,0.08765086264712411,0.1012838661786661,0.10620942892954192,0.09539277884641491
9.25925925925926,0.09232224642727949,0.10234319698918486,0.11231634471937854,0.10501107254253829,0.10706970548146359,0.10473240457717747,0.08901645695802365,0.10130487877884815,0.10691110629041488,0.09555886786165128
9.26926926926927,0.09195683725645591,0.10265539197760867,0.11431498097079812,0.10506746506029532,0.10806523592075364,0.10374048873952242,0.08862916274258914,0.10088337060023635,0.10658483006414682,0.09447935786766926
9.27927927927928,0.09278585538346582,0.10228916814478581,0.114014776198122,0.10449019238526955,0.10774047528318274,0.10324859984225519,0.08798274800275549,0.10181621578914998,0.1075189372601761,0.09330980153043046
9.28928928928929,0.09343267056326285,0.10243874777551785,0.11420779932430901,0.10360039393650786,0.1076997924730331,0.10140378846350952,0.08717735263471119,0.1022264181781444,0.10717315739121648,0.09404048489249299
9.2992992992993,0.0926589046966336,0.10295665370993094,0.11301594801752429,0.10421087954911551,0.1073320843511906,0.10240111457519424,0.08724868664563341,0.10168386863337042,0.10572829249564016,0.09297553868277457
9.30930930930931,0.09232713358176545,0.103065802847045,0.11118930009154669,0.10475779958344866,0.10656583360192881,0.1035584058182853,0.08830182360016409,0.10230802386492252,0.10595785982843467,0.09247114280131633
9.31931931931932,0.09234701237251526,0.10316211799004851,0.11075788170766103,0.10424426506282074,0.10614837384429245,0.10400992398090134,0.08742143143979529,0.10234558016907393,0.10489577080159941,0.09150732578425115
9.32932932932933,0.09215548931431702,0.10321347211007907,0.11149490307134725,0.10533793012613912,0.10630855179539762,0.10360952335374714,0.08722546965090852,0.10282109877826741,0.10379528077024204,0.09048394619084597
9.33933933933934,0.09192099334183411,0.10428770840724187,0.11233044021508118,0.10497723362860947,0.10624742175806032,0.10389837679296492,0.0868127995635481,0.10302387177377455,0.10354948632364862,0.08973212680483779
9.34934934934935,0.09349553132287619,0.10451729858302103,0.11280816032521122,0.10660765366829769,0.10653174721346226,0.10478014858148327,0.08713852957008293,0.10253628363606641,0.1041486343753343,0.08930233674157903
9.35935935935936,0.09352513513150722,0.10502444961058344,0.11327666928988324,0.1062856667246369,0.10728972611045151,0.10446589052154419,0.08756433785394356,0.1034340806695187,0.1046819942121649,0.08869969619212587
9.36936936936937,0.09379741805966862,0.1048058201794752,0.11233783663772388,0.10737189753994089,0.10624279304660608,0.10480683250930603,0.0860105755478804,0.10293416382783832,0.10675083760963068,0.08889207668341545
9.37937937937938,0.09294196531536786,0.1047604929174999,0.11204474748450594,0.1071047557837115,0.10567261809805273,0.10537274034501529,0.08765989307555742,0.10240428634821507,0.10542905845257006,0.09016014144605203
9.38938938938939,0.09249478257666825,0.10429444788436582,0.11068045757762364,0.1066426827902087,0.10527621076492716,0.10548454082277942,0.08873041995234661,0.10254428622380315,0.10572722525509234,0.08969723322708038
9.3993993993994,0.09201547197150266,0.10514178436896841,0.1112253422892259,0.10693800713844176,0.10397722112070652,0.10564542290072822,0.08834363732482635,0.10108842687977027,0.10600169284615082,0.09000604499251857
9.40940940940941,0.0922860186301049,0.10458823961658728,0.11131111890280593,0.10539011302003409,0.10379343014674272,0.10743316820048028,0.08869432542303886,0.10079105901874578,0.1068062405455503,0.0898345537809766
9.41941941941942,0.09232312879977012,0.10423080675660996,0.11083688584287024,0.10555579142350445,0.10367205934901182,0.10869075277011923,0.08826660084250416,0.10049056717619273,0.1062341477770479,0.0901377894937903
9.42942942942943,0.0923941284046148,0.10411698897739008,0.11126549685134801,0.10553594391607347,0.1040239303418861,0.10729224513397148,0.08866284936491087,0.10084338875022342,0.10624958542615623,0.09105593797171495
9.43943943943944,0.09187778934790929,0.10359574903255851,0.11141218414461199,0.1060173234254112,0.10331424096905552,0.10690879131639515,0.08927482075038914,0.10037657293199907,0.10601691736174297,0.09160497637585233
9.44944944944945,0.09135718062725111,0.10432230062159281,0.110475998110268,0.10571584514820513,0.10340414531032727,0.10668442460001702,0.08948583496227193,0.0995137406764223,0.10521354872227497,0.09204493220369421
9.45945945945946,0.09128784381926659,0.10417102892951947,0.11108978757675422,0.10553015301535146,0.10314191856242691,0.10676533934035641,0.08847651553550306,0.09912960824742917,0.1056520771579146,0.09118242953203405
9.46946946946947,0.091398283673262,0.10424749652236551,0.11028558842543092,0.10421355068269136,0.10310527572887046,0.10692306023904406,0.08888739878064303,0.09882954923874292,0.1062161952041144,0.09183735705931428
9.47947947947948,0.09031932495584377,0.10416997878680309,0.11088601374891882,0.10267928032024656,0.10405115885701442,0.1075007931046228,0.08841310743515347,0.10024761201909345,0.10467292201422447,0.09186123643312437
9.48948948948949,0.09060827136359846,0.10400360926785122,0.10998422690110952,0.10317865984064882,0.10398131369053541,0.10787358735673205,0.08907518190415262,0.10117691360336285,0.10475844443169599,0.0921578455631473
9.4994994994995,0.08956765605955465,0.1035376087828252,0.10964698884621794,0.10288861274259088,0.10459438634837578,0.10752031304100289,0.0881730043388308,0.10213348281081008,0.10468815962341853,0.09156149579796621
9.50950950950951,0.09011227392739955,0.10331539203434731,0.10964941108758623,0.10229662438717455,0.10526516660578486,0.10748579849446867,0.08826910790409175,0.1010766841582765,0.10455716448449118,0.09152823578896029
9.51951951951952,0.08842949573001913,0.10258568292140506,0.10925890228903462,0.10182241239962711,0.10347457160272744,0.1088766530389216,0.08988491949722965,0.10191222379170958,0.10422167513745499,0.08991562579232146
9.52952952952953,0.08770315909258185,0.10262607804139039,0.10890271375889979,0.10220047222293814,0.10285968203134108,0.10954801198760006,0.08992792654074853,0.10202848349931849,0.10442227934385016,0.09010056514468627
9.53953953953954,0.08837959709808083,0.10109125515874284,0.10879483438463007,0.10157761971039232,0.10393508485727121,0.10867994320281102,0.08966682583387998,0.10274508340022348,0.10504678287087163,0.09083351807931053
9.54954954954955,0.0899318189988682,0.10241664979956926,0.1090009768737465,0.10150853597839735,0.10445191366296384,0.10892850321144724,0.09035714542783677,0.1031174081619965,0.10484718181532701,0.08942700697273127
9.55955955955956,0.08958281564501018,0.101680188491982,0.1089452985750864,0.10108655558333378,0.10352805894309698,0.10886191827470458,0.09082514393050109,0.10299755049253113,0.10437217174393028,0.08952387060260124
9.56956956956957,0.09036194240398615,0.10159931927424085,0.10930678478435266,0.10179384054453612,0.1027788380608696,0.10898417698470636,0.09046492617787194,0.10314276618134802,0.10317180197885728,0.08878209035529008
9.57957957957958,0.09050927377343367,0.10133830133660468,0.10970434204262816,0.10237209499803378,0.10214582694895949,0.10881521304446247,0.09166210739703586,0.1029726798138784,0.10312991433692477,0.08830597906806416
9.58958958958959,0.08984482690018351,0.10139432538228396,0.11057573303168652,0.10204045749840782,0.10294970276073671,0.10650486431630739,0.09242697512183187,0.1017382999931934,0.10210806185556419,0.08985271056726617
9.5995995995996,0.0899374631534279,0.10139939409501487,0.10974184123127152,0.1029337315359205,0.10232626339942985,0.10571845176623827,0.09200084305109743,0.10133750372514654,0.10149389658030922,0.08886630403062762
9.60960960960961,0.08953031008260716,0.10141712289768588,0.10889893620782233,0.10293196268134294,0.10276386099964908,0.10470188771325474,0.09265796367638296,0.10227290929353303,0.10298167949135922,0.08875872966620699
9.61961961961962,0.08946957089012195,0.10110212382494102,0.10857108287554645,0.10255300574601554,0.10307661032287763,0.10483398474081233,0.09353440629216722,0.10217543886749096,0.10277474449674662,0.0877028930804404
9.62962962962963,0.09009373758036122,0.10093998766625759,0.10800139168581413,0.10386115242557507,0.10357912365110016,0.10529142730639998,0.09379356460606034,0.10360277000909407,0.10280629352410435,0.08683450740469198
9.63963963963964,0.08983377141098776,0.10011668977660965,0.10739596031459517,0.1043777857020503,0.10310681047908514,0.10550916214870917,0.09393606315328053,0.10312008174678539,0.10308622356437569,0.08753558350284671
9.64964964964965,0.08934115803644319,0.1010739024705284,0.10707612952768077,0.10453905471946036,0.10288837156153895,0.10509814650962458,0.09513341722815266,0.10331859011524848,0.10177493163540509,0.08754032427409533
9.65965965965966,0.0893420011799475,0.10102771533017355,0.10819083782218068,0.10587819005874191,0.10282748404933002,0.10483399107283334,0.09363180478864054,0.10292620987094724,0.10118096469815062,0.08723872987868299
9.66966966966967,0.08915454632794977,0.09971756842215491,0.10798554140690943,0.10625515358702994,0.10237424714274497,0.10629218167094842,0.09507879641231372,0.10310182807798654,0.10056906217964534,0.08788369035592485
9.67967967967968,0.08921593008291247,0.10122218459254745,0.10854091480820409,0.1057026504115449,0.10206027660390088,0.10551749467613394,0.09426002061962882,0.10322549329371751,0.10052732598794695,0.088860386734116
9.68968968968969,0.09054330184759388,0.10097033618302242,0.10810453482056917,0.10464482669917573,0.10214021726113144,0.10545452729328784,0.09465066343503796,0.10274659239768863,0.10118322211274935,0.08837795959067761
9.6996996996997,0.09070099671897086,0.09969907812283925,0.10853298963140676,0.10530912216640066,0.10248227190856066,0.10602207813125063,0.0950676316888958,0.101451785421445,0.09977348176540307,0.089924534847048
9.70970970970971,0.08896489590169805,0.10032015573315774,0.10900914705973928,0.10438583150244242,0.1027253241687663,0.10675135784118438,0.0947596018375867,0.10008852408281871,0.0992114641738236,0.0899757709126552
9.71971971971972,0.08908368044081329,0.10098248626505217,0.10905832515759688,0.10360066436770972,0.10454288036026549,0.1060549716781244,0.09547627516677182,0.10090734740048837,0.09900679920538041,0.09025452802411742
9.72972972972973,0.08906961207959169,0.10056258810188183,0.10922565276175052,0.10321306605018676,0.10364769262712284,0.10600484684960826,0.09582634067935367,0.10041670039507691,0.09927750094683307,0.09015144307440554
9.73973973973974,0.08935569538465789,0.10010368864280447,0.10935073957247192,0.10355743441475032,0.10456752061514639,0.10661119230404024,0.09488268907940971,0.1005643668949079,0.09940039976643922,0.09094304691344646
9.74974974974975,0.09038009655202005,0.10035936367329981,0.10812156800703647,0.10220100714111773,0.1033716979180138,0.10666491833654564,0.09423713207978954,0.1004121150283763,0.09956916790360706,0.09057319572346209
9.75975975975976,0.089378090147304,0.0999272900216118,0.1087668506823828,0.10265413997871158,0.10148129930984841,0.10744807686758974,0.0938005717247343,0.10055042654736376,0.09899550678371981,0.09111837285877997
9.76976976976977,0.0888994846163517,0.10078079485878699,0.1093243450901242,0.10297973076733877,0.1022938295622498,0.10714155113376347,0.09334750706980362,0.10076348063280492,0.09936660422298682,0.09022737624536852
9.77977977977978,0.08858181179934631,0.10052916201125661,0.10934277105767909,0.10231324797613145,0.10252813524357075,0.10618657920728929,0.09410069248789406,0.10045612453233284,0.09916968543967349,0.09032581749970324
9.78978978978979,0.08997904591434008,0.10035632211263605,0.10896015738168946,0.10115496077527796,0.10375861865789682,0.10541270002124294,0.0945225376085091,0.10000297552228882,0.09768033092484969,0.08941478402654514
9.7997997997998,0.09005396233849057,0.10008348466440786,0.11015400761650151,0.10038030303938424,0.10421356770149405,0.10388493589647961,0.09396844768277497,0.10093949851762565,0.09855800338042574,0.08917481557197067
9.80980980980981,0.09083391749768974,0.09923088778833464,0.11075595685182663,0.10150914717557857,0.10468273769742249,0.10285034507378012,0.09494071472089331,0.10138103286153777,0.09899662959176399,0.09007266755673633
9.81981981981982,0.09214180443401378,0.09896347058106988,0.11012976052349391,0.10087258028691717,0.1036199451354742,0.10243977693588716,0.09463321876938412,0.10023042223953313,0.0994080932801134,0.09058564577666302
9.82982982982983,0.09174458987275344,0.09921512647805707,0.11040435860189425,0.10085797908449003,0.10423395894171213,0.10087388403567431,0.0934950598866349,0.10058028451356486,0.0988323447881167,0.0903118490303217
9.83983983983984,0.09203423566485774,0.09975099380274409,0.10980235778545072,0.10034890270053569,0.10333658942191384,0.101227035430969,0.09334516594929072,0.1004702847998335,0.09771601961192636,0.08902708702498713
9.84984984984985,0.0910806530231091,0.09981506209379803,0.11079757540457504,0.10087280982525981,0.10290295589461954,0.10083247576628702,0.09376546525720186,0.09988248192821408,0.09841359378961535,0.08951798569179534
9.85985985985986,0.09034446208504396,0.0992883694540466,0.11041221442504166,0.10089826528634124,0.10232889697502646,0.10098915697617145,0.0943963929122977,0.0999610975671614,0.09856263616930037,0.0886862995605111
9.86986986986987,0.09081201330326008,0.09897220625417699,0.11023620660808753,0.10209848609319726,0.10284425024964791,0.10090888580681401,0.09597616062262464,0.099311392936635,0.0987560914566243,0.08831997987488993
9.87987987987988,0.09191324532809875,0.09979203693346012,0.11108715441872442,0.10261921475443078,0.10315445599652759,0.10102399893822653,0.09652611452562748,0.09857382506826103,0.09790944355983387,0.08879673989987275
9.88988988988989,0.09231870113293057,0.09957511903669622,0.11276601488901743,0.10208242054469778,0.10437825687786874,0.10133931752281454,0.09620446987021716,0.09839023850732014,0.09690640484749775,0.08895359124208697
9.8998998998999,0.09298174204410344,0.09987086617866253,0.11174465682567566,0.10455887823460586,0.10393039740010261,0.10217765618401185,0.09572997156708996,0.09885875389663594,0.09707998308575012,0.08825131906977761
9.90990990990991,0.09301078290499903,0.10013675796262407,0.11231235357013514,0.10572962660261787,0.10267523107797791,0.10331220549615697,0.09610210086068316,0.0997159803895791,0.09667998871775264,0.08898447798405634
9.91991991991992,0.09234213960238265,0.10133438751426604,0.11265547902198428,0.1060877438506653,0.10156326921188971,0.10414042397484792,0.09452009883641695,0.09983761568099386,0.09726929510305168,0.08858659698502477
9.92992992992993,0.09263810076400852,0.10119595202617428,0.11297511035724123,0.10530131474302651,0.10059011438668954,0.10430130558248418,0.09407068343890838,0.10022645430672923,0.09683098645481669,0.08838792808372878
9.93993993993994,0.09372971759788107,0.10171348169951228,0.11306734155816073,0.10527324463445951,0.10075874545311314,0.10433947897165072,0.0948854081622134,0.09881482265715258,0.0960629839679808,0.08804097979014505
9.94994994994995,0.09536844850573652,0.10240692021515006,0.1137719073706626,0.10635074275052864,0.10047154559651243,0.10550779715356456,0.09633083917656168,0.09675799769579801,0.09571961059919315,0.08853344220715116
9.95995995995996,0.09518684615283719,0.10220011038932857,0.11414134046646741,0.10443945371890329,0.10166875454651522,0.10438242771848857,0.095443782534771,0.09742142876769552,0.09515285789046281,0.08797688396368983
9.96996996996997,0.09629764996699207,0.10228367805722346,0.11320873852890646,0.10501894204564391,0.1009203442903431,0.10415708096840638,0.09593714194911121,0.09907258686547323,0.09487563047883205,0.0884744036018153
9.97997997997998,0.09537888177554181,0.10172640863589316,0.1148443128816509,0.10372341412757217,0.09992281329926027,0.10377748863146766,0.09601358090909086,0.09803305705397501,0.09488068290207878,0.08936703149819161
9.98998998998999,0.09447658787224911,0.10111953786810714,0.11654899067046727,0.10230628786688548,0.10065548033787737,0.10327636385311094,0.09506107006459763,0.09822980897524232,0.09345092503787934,0.09005021663039037
10.0,0.09522428000798566,0.10135139451766532,0.11743233800691158,0.10291044973004261,0.098755635675833,0.10242059524526445,0.09670853502835702,0.0988277012129694,0.09366094678861783,0.08905518118485763
